ISO-10303-21;
HEADER;
/* Generated by software containing ST-Developer
 * from STEP Tools, Inc. (www.steptools.com) 
 */
/* OPTION: using custom renumber hook */

FILE_DESCRIPTION(
/* description */ ('STEP AP242 Edition 2',
'CAx-IF Rec.Pracs.---Representation and Presentation of Product Manufa
cturing Information (PMI)---4.0---2014-10-13',
'CAx-IF Rec.Pracs.---3D Tessellated Geometry---0.4---2014-09-14','2;1',
'CAx-IF Rec.Pracs.---User Defined Attributes---1.5---2016-08-15'),
/* implementation_level */ '2;1');

FILE_NAME(
/* name */ '6ac7075d710d292ad8e0477f',
/* time_stamp */ '2026-10-08T03:00:46Z',
/* author */ (''),
/* organization */ (''),
/* preprocessor_version */ 'ST-DEVELOPER v20',
/* originating_system */ 'ONSHAPE BY PTC INC, 1.221',
/* authorisation */ '  ');

FILE_SCHEMA (('AP242_MANAGED_MODEL_BASED_3D_ENGINEERING_MIM_LF { 1 0 10303 442 3 1 4 }'));
ENDSEC;

DATA;
#10=TOROIDAL_SURFACE('',#8890,0.0015,0.0015);
#11=TOROIDAL_SURFACE('',#8892,0.0015,0.0015);
#12=TOROIDAL_SURFACE('',#8898,0.0015,0.0015);
#13=TOROIDAL_SURFACE('',#8900,0.0015,0.0015);
#14=TOROIDAL_SURFACE('',#8910,0.001,0.001);
#15=TOROIDAL_SURFACE('',#8912,0.001,0.001);
#16=TOROIDAL_SURFACE('',#8918,0.001,0.001);
#17=TOROIDAL_SURFACE('',#8920,0.001,0.001);
#18=TOROIDAL_SURFACE('',#8926,0.001,0.001);
#19=TOROIDAL_SURFACE('',#8928,0.001,0.001);
#20=TOROIDAL_SURFACE('',#8934,0.001,0.001);
#21=TOROIDAL_SURFACE('',#8936,0.001,0.001);
#22=TOROIDAL_SURFACE('',#8942,0.001,0.001);
#23=TOROIDAL_SURFACE('',#8944,0.001,0.001);
#24=TOROIDAL_SURFACE('',#8950,0.001,0.001);
#25=TOROIDAL_SURFACE('',#8952,0.001,0.001);
#26=ELLIPSE('',#8880,0.00141421356237309,0.001);
#27=ELLIPSE('',#8881,0.00141421356237309,0.001);
#28=ELLIPSE('',#8883,0.00141421356237309,0.001);
#29=ELLIPSE('',#8885,0.00141421356237309,0.001);
#30=CIRCLE('',#8639,0.00108261787268565);
#31=CIRCLE('',#8640,0.00108261787268565);
#32=CIRCLE('',#8668,0.00441185110733539);
#33=CIRCLE('',#8669,0.00441185110733539);
#34=CIRCLE('',#8671,0.00413770148501402);
#35=CIRCLE('',#8672,0.00413770148501402);
#36=CIRCLE('',#8674,0.0049506290655083);
#37=CIRCLE('',#8675,0.0049506290655083);
#38=CIRCLE('',#8677,0.00307877828556467);
#39=CIRCLE('',#8678,0.00307877828556467);
#40=CIRCLE('',#8680,0.00483707592381732);
#41=CIRCLE('',#8681,0.00483707592381732);
#42=CIRCLE('',#8683,0.00304654552237225);
#43=CIRCLE('',#8684,0.00304654552237225);
#44=CIRCLE('',#8689,0.003563745238747);
#45=CIRCLE('',#8690,0.003563745238747);
#46=CIRCLE('',#8692,0.00310454416247254);
#47=CIRCLE('',#8693,0.00310454416247254);
#48=CIRCLE('',#8695,0.00364894277987415);
#49=CIRCLE('',#8696,0.00364894277987415);
#50=CIRCLE('',#8698,0.00316349294544807);
#51=CIRCLE('',#8699,0.00316349294544807);
#52=CIRCLE('',#8701,0.00486342870470689);
#53=CIRCLE('',#8702,0.00486342870470689);
#54=CIRCLE('',#8709,0.00443646190136244);
#55=CIRCLE('',#8710,0.00443646190136244);
#56=CIRCLE('',#8715,0.00441185110733555);
#57=CIRCLE('',#8716,0.00441185110733555);
#58=CIRCLE('',#8718,0.00413770148501679);
#59=CIRCLE('',#8719,0.00413770148501679);
#60=CIRCLE('',#8721,0.00495062906550993);
#61=CIRCLE('',#8722,0.00495062906550993);
#62=CIRCLE('',#8724,0.00307877828556438);
#63=CIRCLE('',#8725,0.00307877828556438);
#64=CIRCLE('',#8727,0.00483707592381679);
#65=CIRCLE('',#8728,0.00483707592381679);
#66=CIRCLE('',#8730,0.00304654552237278);
#67=CIRCLE('',#8731,0.00304654552237278);
#68=CIRCLE('',#8743,0.00402306214638209);
#69=CIRCLE('',#8744,0.00402306214638209);
#70=CIRCLE('',#8752,0.00361709163359793);
#71=CIRCLE('',#8753,0.00361709163359793);
#72=CIRCLE('',#8758,0.00467137670052675);
#73=CIRCLE('',#8759,0.00467137670052675);
#74=CIRCLE('',#8778,0.00528903893709616);
#75=CIRCLE('',#8779,0.00521199055207716);
#76=CIRCLE('',#8780,0.00268958893628483);
#77=CIRCLE('',#8781,0.00529583143964618);
#78=CIRCLE('',#8782,0.00108261787268565);
#79=CIRCLE('',#8783,0.00443646190136244);
#80=CIRCLE('',#8784,0.00486342870470689);
#81=CIRCLE('',#8785,0.00304654552237225);
#82=CIRCLE('',#8786,0.00483707592381732);
#83=CIRCLE('',#8787,0.00307877828556467);
#84=CIRCLE('',#8788,0.0049506290655083);
#85=CIRCLE('',#8789,0.00304654552237278);
#86=CIRCLE('',#8790,0.00483707592381679);
#87=CIRCLE('',#8791,0.00307877828556438);
#88=CIRCLE('',#8792,0.00495062906550993);
#89=CIRCLE('',#8793,0.00467137670052675);
#90=CIRCLE('',#8794,0.00361709163359793);
#91=CIRCLE('',#8795,0.00402306214638209);
#92=CIRCLE('',#8797,0.001);
#93=CIRCLE('',#8798,0.001);
#94=CIRCLE('',#8799,0.001);
#95=CIRCLE('',#8800,0.001);
#96=CIRCLE('',#8801,0.001);
#97=CIRCLE('',#8802,0.001);
#98=CIRCLE('',#8803,0.001);
#99=CIRCLE('',#8804,0.001);
#100=CIRCLE('',#8805,0.001);
#101=CIRCLE('',#8806,0.001);
#102=CIRCLE('',#8807,0.001);
#103=CIRCLE('',#8808,0.001);
#104=CIRCLE('',#8812,0.0015);
#105=CIRCLE('',#8813,0.0015);
#106=CIRCLE('',#8814,0.0015);
#107=CIRCLE('',#8815,0.0015);
#108=CIRCLE('',#8832,0.0023);
#109=CIRCLE('',#8833,0.0023);
#110=CIRCLE('',#8838,0.0023);
#111=CIRCLE('',#8839,0.0023);
#112=CIRCLE('',#8846,0.0023);
#113=CIRCLE('',#8847,0.0023);
#114=CIRCLE('',#8854,0.0023);
#115=CIRCLE('',#8855,0.0023);
#116=CIRCLE('',#8888,0.0015);
#117=CIRCLE('',#8889,0.0015);
#118=CIRCLE('',#8891,0.0015);
#119=CIRCLE('',#8893,0.0015);
#120=CIRCLE('',#8895,0.0015);
#121=CIRCLE('',#8897,0.0015);
#122=CIRCLE('',#8899,0.0015);
#123=CIRCLE('',#8901,0.0015);
#124=CIRCLE('',#8908,0.001);
#125=CIRCLE('',#8909,0.001);
#126=CIRCLE('',#8911,0.001);
#127=CIRCLE('',#8913,0.001);
#128=CIRCLE('',#8915,0.001);
#129=CIRCLE('',#8917,0.001);
#130=CIRCLE('',#8919,0.001);
#131=CIRCLE('',#8921,0.001);
#132=CIRCLE('',#8924,0.001);
#133=CIRCLE('',#8925,0.001);
#134=CIRCLE('',#8927,0.001);
#135=CIRCLE('',#8929,0.001);
#136=CIRCLE('',#8931,0.001);
#137=CIRCLE('',#8933,0.001);
#138=CIRCLE('',#8935,0.001);
#139=CIRCLE('',#8937,0.001);
#140=CIRCLE('',#8940,0.001);
#141=CIRCLE('',#8941,0.001);
#142=CIRCLE('',#8943,0.001);
#143=CIRCLE('',#8945,0.001);
#144=CIRCLE('',#8947,0.001);
#145=CIRCLE('',#8949,0.001);
#146=CIRCLE('',#8951,0.001);
#147=CIRCLE('',#8953,0.001);
#148=CIRCLE('',#8956,0.003563745238747);
#149=CIRCLE('',#8957,0.003563745238747);
#150=CIRCLE('',#8959,0.00310454416247254);
#151=CIRCLE('',#8960,0.00310454416247254);
#152=CIRCLE('',#8962,0.00364894277987415);
#153=CIRCLE('',#8963,0.00364894277987415);
#154=CIRCLE('',#8965,0.00316349294544807);
#155=CIRCLE('',#8966,0.00316349294544807);
#156=CIRCLE('',#8968,0.00486342870470689);
#157=CIRCLE('',#8975,0.00443646190136244);
#158=CIRCLE('',#8983,0.00108261787268565);
#159=CIRCLE('',#8999,0.00441185110733539);
#160=CIRCLE('',#9000,0.00441185110733539);
#161=CIRCLE('',#9002,0.00413770148501402);
#162=CIRCLE('',#9003,0.00413770148501402);
#163=CIRCLE('',#9005,0.0049506290655083);
#164=CIRCLE('',#9007,0.00307877828556467);
#165=CIRCLE('',#9009,0.00483707592381732);
#166=CIRCLE('',#9011,0.00304654552237225);
#167=CIRCLE('',#9028,0.00441185110733555);
#168=CIRCLE('',#9029,0.00441185110733555);
#169=CIRCLE('',#9031,0.00413770148501679);
#170=CIRCLE('',#9032,0.00413770148501679);
#171=CIRCLE('',#9034,0.00495062906550993);
#172=CIRCLE('',#9036,0.00307877828556438);
#173=CIRCLE('',#9038,0.00483707592381679);
#174=CIRCLE('',#9040,0.00304654552237278);
#175=CIRCLE('',#9053,0.00381657594401122);
#176=CIRCLE('',#9054,0.00381657594401122);
#177=CIRCLE('',#9057,0.00529583143964618);
#178=CIRCLE('',#9060,0.00268958893628483);
#179=CIRCLE('',#9062,0.00521199055207716);
#180=CIRCLE('',#9065,0.00528903893709616);
#181=CIRCLE('',#9068,0.00402306214638209);
#182=CIRCLE('',#9076,0.00361709163359793);
#183=CIRCLE('',#9081,0.00467137670052675);
#184=CIRCLE('',#9089,0.00381657594401122);
#185=CIRCLE('',#9090,0.00381657594401122);
#186=CIRCLE('',#9093,0.00529583143964618);
#187=CIRCLE('',#9094,0.00529583143964618);
#188=CIRCLE('',#9097,0.00268958893628483);
#189=CIRCLE('',#9098,0.00268958893628483);
#190=CIRCLE('',#9100,0.00521199055207716);
#191=CIRCLE('',#9101,0.00521199055207716);
#192=CIRCLE('',#9104,0.00528903893709616);
#193=CIRCLE('',#9105,0.00528903893709616);
#194=CYLINDRICAL_SURFACE('',#8638,0.00108261787268565);
#195=CYLINDRICAL_SURFACE('',#8667,0.00441185110733539);
#196=CYLINDRICAL_SURFACE('',#8670,0.00413770148501402);
#197=CYLINDRICAL_SURFACE('',#8673,0.0049506290655083);
#198=CYLINDRICAL_SURFACE('',#8676,0.00307877828556467);
#199=CYLINDRICAL_SURFACE('',#8679,0.00483707592381732);
#200=CYLINDRICAL_SURFACE('',#8682,0.00304654552237225);
#201=CYLINDRICAL_SURFACE('',#8688,0.003563745238747);
#202=CYLINDRICAL_SURFACE('',#8691,0.00310454416247254);
#203=CYLINDRICAL_SURFACE('',#8694,0.00364894277987415);
#204=CYLINDRICAL_SURFACE('',#8697,0.00316349294544807);
#205=CYLINDRICAL_SURFACE('',#8700,0.00486342870470689);
#206=CYLINDRICAL_SURFACE('',#8708,0.00443646190136244);
#207=CYLINDRICAL_SURFACE('',#8714,0.00441185110733555);
#208=CYLINDRICAL_SURFACE('',#8717,0.00413770148501679);
#209=CYLINDRICAL_SURFACE('',#8720,0.00495062906550993);
#210=CYLINDRICAL_SURFACE('',#8723,0.00307877828556438);
#211=CYLINDRICAL_SURFACE('',#8726,0.00483707592381679);
#212=CYLINDRICAL_SURFACE('',#8729,0.00304654552237278);
#213=CYLINDRICAL_SURFACE('',#8742,0.00402306214638209);
#214=CYLINDRICAL_SURFACE('',#8751,0.00361709163359793);
#215=CYLINDRICAL_SURFACE('',#8757,0.00467137670052675);
#216=CYLINDRICAL_SURFACE('',#8831,0.0023);
#217=CYLINDRICAL_SURFACE('',#8837,0.0023);
#218=CYLINDRICAL_SURFACE('',#8845,0.0023);
#219=CYLINDRICAL_SURFACE('',#8853,0.0023);
#220=CYLINDRICAL_SURFACE('',#8879,0.001);
#221=CYLINDRICAL_SURFACE('',#8882,0.001);
#222=CYLINDRICAL_SURFACE('',#8884,0.001);
#223=CYLINDRICAL_SURFACE('',#8886,0.001);
#224=CYLINDRICAL_SURFACE('',#8887,0.0015);
#225=CYLINDRICAL_SURFACE('',#8894,0.0015);
#226=CYLINDRICAL_SURFACE('',#8896,0.0015);
#227=CYLINDRICAL_SURFACE('',#8902,0.0015);
#228=CYLINDRICAL_SURFACE('',#8907,0.001);
#229=CYLINDRICAL_SURFACE('',#8914,0.001);
#230=CYLINDRICAL_SURFACE('',#8916,0.001);
#231=CYLINDRICAL_SURFACE('',#8922,0.001);
#232=CYLINDRICAL_SURFACE('',#8923,0.001);
#233=CYLINDRICAL_SURFACE('',#8930,0.001);
#234=CYLINDRICAL_SURFACE('',#8932,0.001);
#235=CYLINDRICAL_SURFACE('',#8938,0.001);
#236=CYLINDRICAL_SURFACE('',#8939,0.001);
#237=CYLINDRICAL_SURFACE('',#8946,0.001);
#238=CYLINDRICAL_SURFACE('',#8948,0.001);
#239=CYLINDRICAL_SURFACE('',#8954,0.001);
#240=CYLINDRICAL_SURFACE('',#8955,0.003563745238747);
#241=CYLINDRICAL_SURFACE('',#8958,0.00310454416247254);
#242=CYLINDRICAL_SURFACE('',#8961,0.00364894277987415);
#243=CYLINDRICAL_SURFACE('',#8964,0.00316349294544807);
#244=CYLINDRICAL_SURFACE('',#8967,0.00486342870470689);
#245=CYLINDRICAL_SURFACE('',#8974,0.00443646190136244);
#246=CYLINDRICAL_SURFACE('',#8982,0.00108261787268565);
#247=CYLINDRICAL_SURFACE('',#8998,0.00441185110733539);
#248=CYLINDRICAL_SURFACE('',#9001,0.00413770148501402);
#249=CYLINDRICAL_SURFACE('',#9004,0.0049506290655083);
#250=CYLINDRICAL_SURFACE('',#9006,0.00307877828556467);
#251=CYLINDRICAL_SURFACE('',#9008,0.00483707592381732);
#252=CYLINDRICAL_SURFACE('',#9010,0.00304654552237225);
#253=CYLINDRICAL_SURFACE('',#9027,0.00441185110733555);
#254=CYLINDRICAL_SURFACE('',#9030,0.00413770148501679);
#255=CYLINDRICAL_SURFACE('',#9033,0.00495062906550993);
#256=CYLINDRICAL_SURFACE('',#9035,0.00307877828556438);
#257=CYLINDRICAL_SURFACE('',#9037,0.00483707592381679);
#258=CYLINDRICAL_SURFACE('',#9039,0.00304654552237278);
#259=CYLINDRICAL_SURFACE('',#9052,0.00381657594401122);
#260=CYLINDRICAL_SURFACE('',#9056,0.00529583143964618);
#261=CYLINDRICAL_SURFACE('',#9059,0.00268958893628483);
#262=CYLINDRICAL_SURFACE('',#9061,0.00521199055207716);
#263=CYLINDRICAL_SURFACE('',#9064,0.00528903893709616);
#264=CYLINDRICAL_SURFACE('',#9067,0.00402306214638209);
#265=CYLINDRICAL_SURFACE('',#9075,0.00361709163359793);
#266=CYLINDRICAL_SURFACE('',#9080,0.00467137670052675);
#267=CYLINDRICAL_SURFACE('',#9088,0.00381657594401122);
#268=CYLINDRICAL_SURFACE('',#9092,0.00529583143964618);
#269=CYLINDRICAL_SURFACE('',#9096,0.00268958893628483);
#270=CYLINDRICAL_SURFACE('',#9099,0.00521199055207716);
#271=CYLINDRICAL_SURFACE('',#9103,0.00528903893709616);
#272=CONTEXT_DEPENDENT_SHAPE_REPRESENTATION(#298,#15211);
#273=CONTEXT_DEPENDENT_SHAPE_REPRESENTATION(#299,#15213);
#274=CONTEXT_DEPENDENT_SHAPE_REPRESENTATION(#300,#15215);
#275=CONTEXT_DEPENDENT_SHAPE_REPRESENTATION(#301,#15217);
#276=CONTEXT_DEPENDENT_SHAPE_REPRESENTATION(#302,#15219);
#277=CONTEXT_DEPENDENT_SHAPE_REPRESENTATION(#303,#15221);
#278=CONTEXT_DEPENDENT_SHAPE_REPRESENTATION(#304,#15223);
#279=CONTEXT_DEPENDENT_SHAPE_REPRESENTATION(#305,#15225);
#280=CONTEXT_DEPENDENT_SHAPE_REPRESENTATION(#306,#15227);
#281=CONTEXT_DEPENDENT_SHAPE_REPRESENTATION(#307,#15229);
#282=CONTEXT_DEPENDENT_SHAPE_REPRESENTATION(#308,#15231);
#283=CONTEXT_DEPENDENT_SHAPE_REPRESENTATION(#309,#15233);
#284=CONTEXT_DEPENDENT_SHAPE_REPRESENTATION(#310,#15235);
#285=NEXT_ASSEMBLY_USAGE_OCCURRENCE('NAUO1','Part 10','Part 10',#15236,
#15237,'');
#286=NEXT_ASSEMBLY_USAGE_OCCURRENCE('NAUO2','Part 14','Part 14',#15236,
#15238,'');
#287=NEXT_ASSEMBLY_USAGE_OCCURRENCE('NAUO3','Part 8','Part 8',#15236,#15239,
'');
#288=NEXT_ASSEMBLY_USAGE_OCCURRENCE('NAUO4','Part 6','Part 6',#15236,#15240,
'');
#289=NEXT_ASSEMBLY_USAGE_OCCURRENCE('NAUO5','Part 9','Part 9',#15236,#15241,
'');
#290=NEXT_ASSEMBLY_USAGE_OCCURRENCE('NAUO6','Part 12','Part 12',#15236,
#15242,'');
#291=NEXT_ASSEMBLY_USAGE_OCCURRENCE('NAUO7','Part 7','Part 7',#15236,#15243,
'');
#292=NEXT_ASSEMBLY_USAGE_OCCURRENCE('NAUO8','Part 11','Part 11',#15236,
#15244,'');
#293=NEXT_ASSEMBLY_USAGE_OCCURRENCE('NAUO9','Part 3','Part 3',#15236,#15245,
'');
#294=NEXT_ASSEMBLY_USAGE_OCCURRENCE('NAUO10','Part 13','Part 13',#15236,
#15246,'');
#295=NEXT_ASSEMBLY_USAGE_OCCURRENCE('NAUO11','Part 5','Part 5',#15236,#15247,
'');
#296=NEXT_ASSEMBLY_USAGE_OCCURRENCE('NAUO12','Part 1','Part 1',#15236,#15248,
'');
#297=NEXT_ASSEMBLY_USAGE_OCCURRENCE('NAUO13','Part 4','Part 4',#15236,#15249,
'');
#298=(
REPRESENTATION_RELATIONSHIP(' ',' ',#8614,#8613)
REPRESENTATION_RELATIONSHIP_WITH_TRANSFORMATION(#311)
SHAPE_REPRESENTATION_RELATIONSHIP()
);
#299=(
REPRESENTATION_RELATIONSHIP(' ',' ',#8615,#8613)
REPRESENTATION_RELATIONSHIP_WITH_TRANSFORMATION(#312)
SHAPE_REPRESENTATION_RELATIONSHIP()
);
#300=(
REPRESENTATION_RELATIONSHIP(' ',' ',#8616,#8613)
REPRESENTATION_RELATIONSHIP_WITH_TRANSFORMATION(#313)
SHAPE_REPRESENTATION_RELATIONSHIP()
);
#301=(
REPRESENTATION_RELATIONSHIP(' ',' ',#8617,#8613)
REPRESENTATION_RELATIONSHIP_WITH_TRANSFORMATION(#314)
SHAPE_REPRESENTATION_RELATIONSHIP()
);
#302=(
REPRESENTATION_RELATIONSHIP(' ',' ',#8618,#8613)
REPRESENTATION_RELATIONSHIP_WITH_TRANSFORMATION(#315)
SHAPE_REPRESENTATION_RELATIONSHIP()
);
#303=(
REPRESENTATION_RELATIONSHIP(' ',' ',#8619,#8613)
REPRESENTATION_RELATIONSHIP_WITH_TRANSFORMATION(#316)
SHAPE_REPRESENTATION_RELATIONSHIP()
);
#304=(
REPRESENTATION_RELATIONSHIP(' ',' ',#8620,#8613)
REPRESENTATION_RELATIONSHIP_WITH_TRANSFORMATION(#317)
SHAPE_REPRESENTATION_RELATIONSHIP()
);
#305=(
REPRESENTATION_RELATIONSHIP(' ',' ',#8621,#8613)
REPRESENTATION_RELATIONSHIP_WITH_TRANSFORMATION(#318)
SHAPE_REPRESENTATION_RELATIONSHIP()
);
#306=(
REPRESENTATION_RELATIONSHIP(' ',' ',#8622,#8613)
REPRESENTATION_RELATIONSHIP_WITH_TRANSFORMATION(#319)
SHAPE_REPRESENTATION_RELATIONSHIP()
);
#307=(
REPRESENTATION_RELATIONSHIP(' ',' ',#8623,#8613)
REPRESENTATION_RELATIONSHIP_WITH_TRANSFORMATION(#320)
SHAPE_REPRESENTATION_RELATIONSHIP()
);
#308=(
REPRESENTATION_RELATIONSHIP(' ',' ',#8624,#8613)
REPRESENTATION_RELATIONSHIP_WITH_TRANSFORMATION(#321)
SHAPE_REPRESENTATION_RELATIONSHIP()
);
#309=(
REPRESENTATION_RELATIONSHIP(' ',' ',#8625,#8613)
REPRESENTATION_RELATIONSHIP_WITH_TRANSFORMATION(#322)
SHAPE_REPRESENTATION_RELATIONSHIP()
);
#310=(
REPRESENTATION_RELATIONSHIP(' ',' ',#8626,#8613)
REPRESENTATION_RELATIONSHIP_WITH_TRANSFORMATION(#323)
SHAPE_REPRESENTATION_RELATIONSHIP()
);
#311=ITEM_DEFINED_TRANSFORMATION(' ',' ',#8627,#8637);
#312=ITEM_DEFINED_TRANSFORMATION(' ',' ',#8627,#8643);
#313=ITEM_DEFINED_TRANSFORMATION(' ',' ',#8627,#8659);
#314=ITEM_DEFINED_TRANSFORMATION(' ',' ',#8627,#8666);
#315=ITEM_DEFINED_TRANSFORMATION(' ',' ',#8627,#8687);
#316=ITEM_DEFINED_TRANSFORMATION(' ',' ',#8627,#8713);
#317=ITEM_DEFINED_TRANSFORMATION(' ',' ',#8627,#8734);
#318=ITEM_DEFINED_TRANSFORMATION(' ',' ',#8627,#8741);
#319=ITEM_DEFINED_TRANSFORMATION(' ',' ',#8627,#8762);
#320=ITEM_DEFINED_TRANSFORMATION(' ',' ',#8627,#8769);
#321=ITEM_DEFINED_TRANSFORMATION(' ',' ',#8627,#8776);
#322=ITEM_DEFINED_TRANSFORMATION(' ',' ',#8627,#9087);
#323=ITEM_DEFINED_TRANSFORMATION(' ',' ',#8627,#9108);
#324=SHAPE_REPRESENTATION_RELATIONSHIP('','',#8614,#337);
#325=SHAPE_REPRESENTATION_RELATIONSHIP('','',#8615,#338);
#326=SHAPE_REPRESENTATION_RELATIONSHIP('','',#8616,#339);
#327=SHAPE_REPRESENTATION_RELATIONSHIP('','',#8617,#340);
#328=SHAPE_REPRESENTATION_RELATIONSHIP('','',#8618,#341);
#329=SHAPE_REPRESENTATION_RELATIONSHIP('','',#8619,#342);
#330=SHAPE_REPRESENTATION_RELATIONSHIP('','',#8620,#343);
#331=SHAPE_REPRESENTATION_RELATIONSHIP('','',#8621,#344);
#332=SHAPE_REPRESENTATION_RELATIONSHIP('','',#8622,#345);
#333=SHAPE_REPRESENTATION_RELATIONSHIP('','',#8623,#346);
#334=SHAPE_REPRESENTATION_RELATIONSHIP('','',#8624,#347);
#335=SHAPE_REPRESENTATION_RELATIONSHIP('','',#8625,#348);
#336=SHAPE_REPRESENTATION_RELATIONSHIP('','',#8626,#349);
#337=ADVANCED_BREP_SHAPE_REPRESENTATION('',(#8586),#15179);
#338=ADVANCED_BREP_SHAPE_REPRESENTATION('',(#8587),#15180);
#339=ADVANCED_BREP_SHAPE_REPRESENTATION('',(#8588),#15181);
#340=ADVANCED_BREP_SHAPE_REPRESENTATION('',(#8589),#15182);
#341=ADVANCED_BREP_SHAPE_REPRESENTATION('',(#8590),#15183);
#342=ADVANCED_BREP_SHAPE_REPRESENTATION('',(#8591),#15184);
#343=ADVANCED_BREP_SHAPE_REPRESENTATION('',(#8592),#15185);
#344=ADVANCED_BREP_SHAPE_REPRESENTATION('',(#8593),#15186);
#345=ADVANCED_BREP_SHAPE_REPRESENTATION('',(#8594),#15187);
#346=ADVANCED_BREP_SHAPE_REPRESENTATION('',(#8595),#15188);
#347=ADVANCED_BREP_SHAPE_REPRESENTATION('',(#8596),#15189);
#348=ADVANCED_BREP_SHAPE_REPRESENTATION('',(#8597),#15190);
#349=ADVANCED_BREP_SHAPE_REPRESENTATION('',(#8598),#15191);
#350=PLANE('',#8628);
#351=PLANE('',#8629);
#352=PLANE('',#8630);
#353=PLANE('',#8631);
#354=PLANE('',#8632);
#355=PLANE('',#8633);
#356=PLANE('',#8634);
#357=PLANE('',#8635);
#358=PLANE('',#8636);
#359=PLANE('',#8641);
#360=PLANE('',#8642);
#361=PLANE('',#8644);
#362=PLANE('',#8645);
#363=PLANE('',#8646);
#364=PLANE('',#8647);
#365=PLANE('',#8648);
#366=PLANE('',#8649);
#367=PLANE('',#8650);
#368=PLANE('',#8651);
#369=PLANE('',#8652);
#370=PLANE('',#8653);
#371=PLANE('',#8654);
#372=PLANE('',#8655);
#373=PLANE('',#8656);
#374=PLANE('',#8657);
#375=PLANE('',#8658);
#376=PLANE('',#8660);
#377=PLANE('',#8661);
#378=PLANE('',#8662);
#379=PLANE('',#8663);
#380=PLANE('',#8664);
#381=PLANE('',#8665);
#382=PLANE('',#8685);
#383=PLANE('',#8686);
#384=PLANE('',#8703);
#385=PLANE('',#8704);
#386=PLANE('',#8705);
#387=PLANE('',#8706);
#388=PLANE('',#8707);
#389=PLANE('',#8711);
#390=PLANE('',#8712);
#391=PLANE('',#8732);
#392=PLANE('',#8733);
#393=PLANE('',#8735);
#394=PLANE('',#8736);
#395=PLANE('',#8737);
#396=PLANE('',#8738);
#397=PLANE('',#8739);
#398=PLANE('',#8740);
#399=PLANE('',#8745);
#400=PLANE('',#8746);
#401=PLANE('',#8747);
#402=PLANE('',#8748);
#403=PLANE('',#8749);
#404=PLANE('',#8750);
#405=PLANE('',#8754);
#406=PLANE('',#8755);
#407=PLANE('',#8756);
#408=PLANE('',#8760);
#409=PLANE('',#8761);
#410=PLANE('',#8763);
#411=PLANE('',#8764);
#412=PLANE('',#8765);
#413=PLANE('',#8766);
#414=PLANE('',#8767);
#415=PLANE('',#8768);
#416=PLANE('',#8770);
#417=PLANE('',#8771);
#418=PLANE('',#8772);
#419=PLANE('',#8773);
#420=PLANE('',#8774);
#421=PLANE('',#8775);
#422=PLANE('',#8777);
#423=PLANE('',#8796);
#424=PLANE('',#8809);
#425=PLANE('',#8810);
#426=PLANE('',#8811);
#427=PLANE('',#8816);
#428=PLANE('',#8817);
#429=PLANE('',#8818);
#430=PLANE('',#8819);
#431=PLANE('',#8820);
#432=PLANE('',#8821);
#433=PLANE('',#8822);
#434=PLANE('',#8823);
#435=PLANE('',#8824);
#436=PLANE('',#8825);
#437=PLANE('',#8826);
#438=PLANE('',#8827);
#439=PLANE('',#8828);
#440=PLANE('',#8829);
#441=PLANE('',#8830);
#442=PLANE('',#8834);
#443=PLANE('',#8835);
#444=PLANE('',#8836);
#445=PLANE('',#8840);
#446=PLANE('',#8841);
#447=PLANE('',#8842);
#448=PLANE('',#8843);
#449=PLANE('',#8844);
#450=PLANE('',#8848);
#451=PLANE('',#8849);
#452=PLANE('',#8850);
#453=PLANE('',#8851);
#454=PLANE('',#8852);
#455=PLANE('',#8856);
#456=PLANE('',#8857);
#457=PLANE('',#8858);
#458=PLANE('',#8859);
#459=PLANE('',#8860);
#460=PLANE('',#8861);
#461=PLANE('',#8862);
#462=PLANE('',#8863);
#463=PLANE('',#8864);
#464=PLANE('',#8865);
#465=PLANE('',#8866);
#466=PLANE('',#8867);
#467=PLANE('',#8868);
#468=PLANE('',#8869);
#469=PLANE('',#8870);
#470=PLANE('',#8871);
#471=PLANE('',#8872);
#472=PLANE('',#8873);
#473=PLANE('',#8874);
#474=PLANE('',#8875);
#475=PLANE('',#8876);
#476=PLANE('',#8877);
#477=PLANE('',#8878);
#478=PLANE('',#8903);
#479=PLANE('',#8904);
#480=PLANE('',#8905);
#481=PLANE('',#8906);
#482=PLANE('',#8969);
#483=PLANE('',#8970);
#484=PLANE('',#8971);
#485=PLANE('',#8972);
#486=PLANE('',#8973);
#487=PLANE('',#8976);
#488=PLANE('',#8977);
#489=PLANE('',#8978);
#490=PLANE('',#8979);
#491=PLANE('',#8980);
#492=PLANE('',#8981);
#493=PLANE('',#8984);
#494=PLANE('',#8985);
#495=PLANE('',#8986);
#496=PLANE('',#8987);
#497=PLANE('',#8988);
#498=PLANE('',#8989);
#499=PLANE('',#8990);
#500=PLANE('',#8991);
#501=PLANE('',#8992);
#502=PLANE('',#8993);
#503=PLANE('',#8994);
#504=PLANE('',#8995);
#505=PLANE('',#8996);
#506=PLANE('',#8997);
#507=PLANE('',#9012);
#508=PLANE('',#9013);
#509=PLANE('',#9014);
#510=PLANE('',#9015);
#511=PLANE('',#9016);
#512=PLANE('',#9017);
#513=PLANE('',#9018);
#514=PLANE('',#9019);
#515=PLANE('',#9020);
#516=PLANE('',#9021);
#517=PLANE('',#9022);
#518=PLANE('',#9023);
#519=PLANE('',#9024);
#520=PLANE('',#9025);
#521=PLANE('',#9026);
#522=PLANE('',#9041);
#523=PLANE('',#9042);
#524=PLANE('',#9043);
#525=PLANE('',#9044);
#526=PLANE('',#9045);
#527=PLANE('',#9046);
#528=PLANE('',#9047);
#529=PLANE('',#9048);
#530=PLANE('',#9049);
#531=PLANE('',#9050);
#532=PLANE('',#9051);
#533=PLANE('',#9055);
#534=PLANE('',#9058);
#535=PLANE('',#9063);
#536=PLANE('',#9066);
#537=PLANE('',#9069);
#538=PLANE('',#9070);
#539=PLANE('',#9071);
#540=PLANE('',#9072);
#541=PLANE('',#9073);
#542=PLANE('',#9074);
#543=PLANE('',#9077);
#544=PLANE('',#9078);
#545=PLANE('',#9079);
#546=PLANE('',#9082);
#547=PLANE('',#9083);
#548=PLANE('',#9084);
#549=PLANE('',#9085);
#550=PLANE('',#9086);
#551=PLANE('',#9091);
#552=PLANE('',#9095);
#553=PLANE('',#9102);
#554=PLANE('',#9106);
#555=PLANE('',#9107);
#556=LINE('',#10805,#1274);
#557=LINE('',#10811,#1275);
#558=LINE('',#10813,#1276);
#559=LINE('',#10815,#1277);
#560=LINE('',#10817,#1278);
#561=LINE('',#10819,#1279);
#562=LINE('',#10821,#1280);
#563=LINE('',#10823,#1281);
#564=LINE('',#10825,#1282);
#565=LINE('',#10827,#1283);
#566=LINE('',#10829,#1284);
#567=LINE('',#10831,#1285);
#568=LINE('',#10833,#1286);
#569=LINE('',#10835,#1287);
#570=LINE('',#10837,#1288);
#571=LINE('',#10839,#1289);
#572=LINE('',#10841,#1290);
#573=LINE('',#10858,#1291);
#574=LINE('',#10875,#1292);
#575=LINE('',#10877,#1293);
#576=LINE('',#10879,#1294);
#577=LINE('',#10881,#1295);
#578=LINE('',#10883,#1296);
#579=LINE('',#10885,#1297);
#580=LINE('',#10887,#1298);
#581=LINE('',#10918,#1299);
#582=LINE('',#10924,#1300);
#583=LINE('',#10941,#1301);
#584=LINE('',#10958,#1302);
#585=LINE('',#10975,#1303);
#586=LINE('',#10992,#1304);
#587=LINE('',#10998,#1305);
#588=LINE('',#11015,#1306);
#589=LINE('',#11034,#1307);
#590=LINE('',#11037,#1308);
#591=LINE('',#11039,#1309);
#592=LINE('',#11041,#1310);
#593=LINE('',#11043,#1311);
#594=LINE('',#11045,#1312);
#595=LINE('',#11047,#1313);
#596=LINE('',#11049,#1314);
#597=LINE('',#11051,#1315);
#598=LINE('',#11053,#1316);
#599=LINE('',#11055,#1317);
#600=LINE('',#11057,#1318);
#601=LINE('',#11059,#1319);
#602=LINE('',#11061,#1320);
#603=LINE('',#11063,#1321);
#604=LINE('',#11065,#1322);
#605=LINE('',#11067,#1323);
#606=LINE('',#11069,#1324);
#607=LINE('',#11071,#1325);
#608=LINE('',#11073,#1326);
#609=LINE('',#11075,#1327);
#610=LINE('',#11077,#1328);
#611=LINE('',#11079,#1329);
#612=LINE('',#11081,#1330);
#613=LINE('',#11083,#1331);
#614=LINE('',#11085,#1332);
#615=LINE('',#11087,#1333);
#616=LINE('',#11089,#1334);
#617=LINE('',#11091,#1335);
#618=LINE('',#11093,#1336);
#619=LINE('',#11095,#1337);
#620=LINE('',#11097,#1338);
#621=LINE('',#11099,#1339);
#622=LINE('',#11101,#1340);
#623=LINE('',#11103,#1341);
#624=LINE('',#11105,#1342);
#625=LINE('',#11107,#1343);
#626=LINE('',#11109,#1344);
#627=LINE('',#11110,#1345);
#628=LINE('',#11115,#1346);
#629=LINE('',#11118,#1347);
#630=LINE('',#11120,#1348);
#631=LINE('',#11122,#1349);
#632=LINE('',#11124,#1350);
#633=LINE('',#11126,#1351);
#634=LINE('',#11128,#1352);
#635=LINE('',#11130,#1353);
#636=LINE('',#11132,#1354);
#637=LINE('',#11134,#1355);
#638=LINE('',#11136,#1356);
#639=LINE('',#11137,#1357);
#640=LINE('',#11154,#1358);
#641=LINE('',#11160,#1359);
#642=LINE('',#11177,#1360);
#643=LINE('',#11194,#1361);
#644=LINE('',#11200,#1362);
#645=LINE('',#11217,#1363);
#646=LINE('',#11234,#1364);
#647=LINE('',#11251,#1365);
#648=LINE('',#11268,#1366);
#649=LINE('',#11274,#1367);
#650=LINE('',#11288,#1368);
#651=LINE('',#11294,#1369);
#652=LINE('',#11311,#1370);
#653=LINE('',#11317,#1371);
#654=LINE('',#11334,#1372);
#655=LINE('',#11351,#1373);
#656=LINE('',#11357,#1374);
#657=LINE('',#11374,#1375);
#658=LINE('',#11391,#1376);
#659=LINE('',#11397,#1377);
#660=LINE('',#11414,#1378);
#661=LINE('',#11431,#1379);
#662=LINE('',#11456,#1380);
#663=LINE('',#11460,#1381);
#664=LINE('',#11477,#1382);
#665=LINE('',#11494,#1383);
#666=LINE('',#11500,#1384);
#667=LINE('',#11517,#1385);
#668=LINE('',#11534,#1386);
#669=LINE('',#11540,#1387);
#670=LINE('',#11557,#1388);
#671=LINE('',#11574,#1389);
#672=LINE('',#11580,#1390);
#673=LINE('',#11597,#1391);
#674=LINE('',#11611,#1392);
#675=LINE('',#11617,#1393);
#676=LINE('',#11623,#1394);
#677=LINE('',#11640,#1395);
#678=LINE('',#11657,#1396);
#679=LINE('',#11674,#1397);
#680=LINE('',#11691,#1398);
#681=LINE('',#11708,#1399);
#682=LINE('',#11710,#1400);
#683=LINE('',#11712,#1401);
#684=LINE('',#11714,#1402);
#685=LINE('',#11716,#1403);
#686=LINE('',#11718,#1404);
#687=LINE('',#11720,#1405);
#688=LINE('',#11722,#1406);
#689=LINE('',#11724,#1407);
#690=LINE('',#11726,#1408);
#691=LINE('',#11728,#1409);
#692=LINE('',#11730,#1410);
#693=LINE('',#11732,#1411);
#694=LINE('',#11734,#1412);
#695=LINE('',#11736,#1413);
#696=LINE('',#11738,#1414);
#697=LINE('',#11755,#1415);
#698=LINE('',#11772,#1416);
#699=LINE('',#11778,#1417);
#700=LINE('',#11823,#1418);
#701=LINE('',#11829,#1419);
#702=LINE('',#11846,#1420);
#703=LINE('',#11863,#1421);
#704=LINE('',#11869,#1422);
#705=LINE('',#11886,#1423);
#706=LINE('',#11903,#1424);
#707=LINE('',#11920,#1425);
#708=LINE('',#11937,#1426);
#709=LINE('',#11943,#1427);
#710=LINE('',#11957,#1428);
#711=LINE('',#11963,#1429);
#712=LINE('',#11980,#1430);
#713=LINE('',#11986,#1431);
#714=LINE('',#12003,#1432);
#715=LINE('',#12020,#1433);
#716=LINE('',#12026,#1434);
#717=LINE('',#12043,#1435);
#718=LINE('',#12060,#1436);
#719=LINE('',#12066,#1437);
#720=LINE('',#12083,#1438);
#721=LINE('',#12100,#1439);
#722=LINE('',#12122,#1440);
#723=LINE('',#12125,#1441);
#724=LINE('',#12127,#1442);
#725=LINE('',#12129,#1443);
#726=LINE('',#12131,#1444);
#727=LINE('',#12133,#1445);
#728=LINE('',#12135,#1446);
#729=LINE('',#12137,#1447);
#730=LINE('',#12139,#1448);
#731=LINE('',#12141,#1449);
#732=LINE('',#12143,#1450);
#733=LINE('',#12144,#1451);
#734=LINE('',#12161,#1452);
#735=LINE('',#12167,#1453);
#736=LINE('',#12173,#1454);
#737=LINE('',#12190,#1455);
#738=LINE('',#12192,#1456);
#739=LINE('',#12194,#1457);
#740=LINE('',#12196,#1458);
#741=LINE('',#12198,#1459);
#742=LINE('',#12200,#1460);
#743=LINE('',#12202,#1461);
#744=LINE('',#12204,#1462);
#745=LINE('',#12206,#1463);
#746=LINE('',#12208,#1464);
#747=LINE('',#12210,#1465);
#748=LINE('',#12212,#1466);
#749=LINE('',#12214,#1467);
#750=LINE('',#12216,#1468);
#751=LINE('',#12218,#1469);
#752=LINE('',#12220,#1470);
#753=LINE('',#12222,#1471);
#754=LINE('',#12224,#1472);
#755=LINE('',#12226,#1473);
#756=LINE('',#12243,#1474);
#757=LINE('',#12260,#1475);
#758=LINE('',#12277,#1476);
#759=LINE('',#12294,#1477);
#760=LINE('',#12300,#1478);
#761=LINE('',#12302,#1479);
#762=LINE('',#12304,#1480);
#763=LINE('',#12306,#1481);
#764=LINE('',#12308,#1482);
#765=LINE('',#12310,#1483);
#766=LINE('',#12312,#1484);
#767=LINE('',#12314,#1485);
#768=LINE('',#12316,#1486);
#769=LINE('',#12318,#1487);
#770=LINE('',#12324,#1488);
#771=LINE('',#12343,#1489);
#772=LINE('',#12346,#1490);
#773=LINE('',#12348,#1491);
#774=LINE('',#12350,#1492);
#775=LINE('',#12352,#1493);
#776=LINE('',#12354,#1494);
#777=LINE('',#12356,#1495);
#778=LINE('',#12358,#1496);
#779=LINE('',#12360,#1497);
#780=LINE('',#12362,#1498);
#781=LINE('',#12364,#1499);
#782=LINE('',#12365,#1500);
#783=LINE('',#12370,#1501);
#784=LINE('',#12373,#1502);
#785=LINE('',#12375,#1503);
#786=LINE('',#12377,#1504);
#787=LINE('',#12379,#1505);
#788=LINE('',#12381,#1506);
#789=LINE('',#12383,#1507);
#790=LINE('',#12385,#1508);
#791=LINE('',#12387,#1509);
#792=LINE('',#12389,#1510);
#793=LINE('',#12391,#1511);
#794=LINE('',#12392,#1512);
#795=LINE('',#12416,#1513);
#796=LINE('',#12434,#1514);
#797=LINE('',#12465,#1515);
#798=LINE('',#12468,#1516);
#799=LINE('',#12470,#1517);
#800=LINE('',#12472,#1518);
#801=LINE('',#12473,#1519);
#802=LINE('',#12476,#1520);
#803=LINE('',#12478,#1521);
#804=LINE('',#12480,#1522);
#805=LINE('',#12482,#1523);
#806=LINE('',#12484,#1524);
#807=LINE('',#12486,#1525);
#808=LINE('',#12488,#1526);
#809=LINE('',#12490,#1527);
#810=LINE('',#12492,#1528);
#811=LINE('',#12494,#1529);
#812=LINE('',#12496,#1530);
#813=LINE('',#12498,#1531);
#814=LINE('',#12508,#1532);
#815=LINE('',#12510,#1533);
#816=LINE('',#12520,#1534);
#817=LINE('',#12522,#1535);
#818=LINE('',#12524,#1536);
#819=LINE('',#12526,#1537);
#820=LINE('',#12528,#1538);
#821=LINE('',#12578,#1539);
#822=LINE('',#12580,#1540);
#823=LINE('',#12582,#1541);
#824=LINE('',#12584,#1542);
#825=LINE('',#12586,#1543);
#826=LINE('',#12609,#1544);
#827=LINE('',#12612,#1545);
#828=LINE('',#12614,#1546);
#829=LINE('',#12616,#1547);
#830=LINE('',#12617,#1548);
#831=LINE('',#12620,#1549);
#832=LINE('',#12622,#1550);
#833=LINE('',#12624,#1551);
#834=LINE('',#12625,#1552);
#835=LINE('',#12628,#1553);
#836=LINE('',#12630,#1554);
#837=LINE('',#12632,#1555);
#838=LINE('',#12633,#1556);
#839=LINE('',#12636,#1557);
#840=LINE('',#12638,#1558);
#841=LINE('',#12640,#1559);
#842=LINE('',#12721,#1560);
#843=LINE('',#12724,#1561);
#844=LINE('',#12726,#1562);
#845=LINE('',#12728,#1563);
#846=LINE('',#12740,#1564);
#847=LINE('',#12742,#1565);
#848=LINE('',#12744,#1566);
#849=LINE('',#12764,#1567);
#850=LINE('',#12766,#1568);
#851=LINE('',#12768,#1569);
#852=LINE('',#12770,#1570);
#853=LINE('',#12772,#1571);
#854=LINE('',#12774,#1572);
#855=LINE('',#12785,#1573);
#856=LINE('',#12789,#1574);
#857=LINE('',#12793,#1575);
#858=LINE('',#12797,#1576);
#859=LINE('',#12798,#1577);
#860=LINE('',#12801,#1578);
#861=LINE('',#12802,#1579);
#862=LINE('',#12806,#1580);
#863=LINE('',#12810,#1581);
#864=LINE('',#12814,#1582);
#865=LINE('',#12818,#1583);
#866=LINE('',#12822,#1584);
#867=LINE('',#12826,#1585);
#868=LINE('',#12830,#1586);
#869=LINE('',#12834,#1587);
#870=LINE('',#12836,#1588);
#871=LINE('',#12839,#1589);
#872=LINE('',#12841,#1590);
#873=LINE('',#12843,#1591);
#874=LINE('',#12844,#1592);
#875=LINE('',#12847,#1593);
#876=LINE('',#12849,#1594);
#877=LINE('',#12851,#1595);
#878=LINE('',#12852,#1596);
#879=LINE('',#12855,#1597);
#880=LINE('',#12857,#1598);
#881=LINE('',#12859,#1599);
#882=LINE('',#12861,#1600);
#883=LINE('',#12863,#1601);
#884=LINE('',#12865,#1602);
#885=LINE('',#12867,#1603);
#886=LINE('',#12869,#1604);
#887=LINE('',#12871,#1605);
#888=LINE('',#12873,#1606);
#889=LINE('',#12875,#1607);
#890=LINE('',#12877,#1608);
#891=LINE('',#12879,#1609);
#892=LINE('',#12881,#1610);
#893=LINE('',#12884,#1611);
#894=LINE('',#12886,#1612);
#895=LINE('',#12888,#1613);
#896=LINE('',#12889,#1614);
#897=LINE('',#12892,#1615);
#898=LINE('',#12894,#1616);
#899=LINE('',#12896,#1617);
#900=LINE('',#12901,#1618);
#901=LINE('',#12905,#1619);
#902=LINE('',#12909,#1620);
#903=LINE('',#12913,#1621);
#904=LINE('',#12914,#1622);
#905=LINE('',#12917,#1623);
#906=LINE('',#12918,#1624);
#907=LINE('',#12920,#1625);
#908=LINE('',#12923,#1626);
#909=LINE('',#12925,#1627);
#910=LINE('',#12927,#1628);
#911=LINE('',#12928,#1629);
#912=LINE('',#12931,#1630);
#913=LINE('',#12933,#1631);
#914=LINE('',#12935,#1632);
#915=LINE('',#12937,#1633);
#916=LINE('',#12939,#1634);
#917=LINE('',#12940,#1635);
#918=LINE('',#12942,#1636);
#919=LINE('',#12944,#1637);
#920=LINE('',#12946,#1638);
#921=LINE('',#12948,#1639);
#922=LINE('',#12950,#1640);
#923=LINE('',#12952,#1641);
#924=LINE('',#12954,#1642);
#925=LINE('',#12956,#1643);
#926=LINE('',#12958,#1644);
#927=LINE('',#12960,#1645);
#928=LINE('',#12962,#1646);
#929=LINE('',#12963,#1647);
#930=LINE('',#12965,#1648);
#931=LINE('',#12966,#1649);
#932=LINE('',#12968,#1650);
#933=LINE('',#12970,#1651);
#934=LINE('',#12971,#1652);
#935=LINE('',#12973,#1653);
#936=LINE('',#12975,#1654);
#937=LINE('',#12977,#1655);
#938=LINE('',#12979,#1656);
#939=LINE('',#12980,#1657);
#940=LINE('',#12982,#1658);
#941=LINE('',#12984,#1659);
#942=LINE('',#12985,#1660);
#943=LINE('',#12987,#1661);
#944=LINE('',#12989,#1662);
#945=LINE('',#12991,#1663);
#946=LINE('',#12992,#1664);
#947=LINE('',#12994,#1665);
#948=LINE('',#12997,#1666);
#949=LINE('',#12999,#1667);
#950=LINE('',#13001,#1668);
#951=LINE('',#13003,#1669);
#952=LINE('',#13005,#1670);
#953=LINE('',#13007,#1671);
#954=LINE('',#13008,#1672);
#955=LINE('',#13010,#1673);
#956=LINE('',#13012,#1674);
#957=LINE('',#13014,#1675);
#958=LINE('',#13017,#1676);
#959=LINE('',#13020,#1677);
#960=LINE('',#13022,#1678);
#961=LINE('',#13024,#1679);
#962=LINE('',#13026,#1680);
#963=LINE('',#13028,#1681);
#964=LINE('',#13036,#1682);
#965=LINE('',#13038,#1683);
#966=LINE('',#13040,#1684);
#967=LINE('',#13042,#1685);
#968=LINE('',#13049,#1686);
#969=LINE('',#13054,#1687);
#970=LINE('',#13056,#1688);
#971=LINE('',#13063,#1689);
#972=LINE('',#13065,#1690);
#973=LINE('',#13068,#1691);
#974=LINE('',#13070,#1692);
#975=LINE('',#13072,#1693);
#976=LINE('',#13081,#1694);
#977=LINE('',#13083,#1695);
#978=LINE('',#13085,#1696);
#979=LINE('',#13087,#1697);
#980=LINE('',#13089,#1698);
#981=LINE('',#13091,#1699);
#982=LINE('',#13093,#1700);
#983=LINE('',#13095,#1701);
#984=LINE('',#13097,#1702);
#985=LINE('',#13099,#1703);
#986=LINE('',#13101,#1704);
#987=LINE('',#13103,#1705);
#988=LINE('',#13105,#1706);
#989=LINE('',#13107,#1707);
#990=LINE('',#13109,#1708);
#991=LINE('',#13111,#1709);
#992=LINE('',#13113,#1710);
#993=LINE('',#13115,#1711);
#994=LINE('',#13117,#1712);
#995=LINE('',#13119,#1713);
#996=LINE('',#13121,#1714);
#997=LINE('',#13123,#1715);
#998=LINE('',#13125,#1716);
#999=LINE('',#13127,#1717);
#1000=LINE('',#13129,#1718);
#1001=LINE('',#13131,#1719);
#1002=LINE('',#13132,#1720);
#1003=LINE('',#13135,#1721);
#1004=LINE('',#13137,#1722);
#1005=LINE('',#13139,#1723);
#1006=LINE('',#13141,#1724);
#1007=LINE('',#13143,#1725);
#1008=LINE('',#13145,#1726);
#1009=LINE('',#13147,#1727);
#1010=LINE('',#13149,#1728);
#1011=LINE('',#13151,#1729);
#1012=LINE('',#13153,#1730);
#1013=LINE('',#13155,#1731);
#1014=LINE('',#13157,#1732);
#1015=LINE('',#13159,#1733);
#1016=LINE('',#13161,#1734);
#1017=LINE('',#13163,#1735);
#1018=LINE('',#13165,#1736);
#1019=LINE('',#13191,#1737);
#1020=LINE('',#13192,#1738);
#1021=LINE('',#13194,#1739);
#1022=LINE('',#13196,#1740);
#1023=LINE('',#13250,#1741);
#1024=LINE('',#13254,#1742);
#1025=LINE('',#13267,#1743);
#1026=LINE('',#13284,#1744);
#1027=LINE('',#13292,#1745);
#1028=LINE('',#13307,#1746);
#1029=LINE('',#13324,#1747);
#1030=LINE('',#13332,#1748);
#1031=LINE('',#13347,#1749);
#1032=LINE('',#13364,#1750);
#1033=LINE('',#13372,#1751);
#1034=LINE('',#13387,#1752);
#1035=LINE('',#13400,#1753);
#1036=LINE('',#13406,#1754);
#1037=LINE('',#13408,#1755);
#1038=LINE('',#13419,#1756);
#1039=LINE('',#13432,#1757);
#1040=LINE('',#13445,#1758);
#1041=LINE('',#13458,#1759);
#1042=LINE('',#13471,#1760);
#1043=LINE('',#13477,#1761);
#1044=LINE('',#13479,#1762);
#1045=LINE('',#13481,#1763);
#1046=LINE('',#13483,#1764);
#1047=LINE('',#13485,#1765);
#1048=LINE('',#13487,#1766);
#1049=LINE('',#13489,#1767);
#1050=LINE('',#13491,#1768);
#1051=LINE('',#13493,#1769);
#1052=LINE('',#13495,#1770);
#1053=LINE('',#13504,#1771);
#1054=LINE('',#13517,#1772);
#1055=LINE('',#13523,#1773);
#1056=LINE('',#13553,#1774);
#1057=LINE('',#13555,#1775);
#1058=LINE('',#13557,#1776);
#1059=LINE('',#13559,#1777);
#1060=LINE('',#13561,#1778);
#1061=LINE('',#13563,#1779);
#1062=LINE('',#13565,#1780);
#1063=LINE('',#13567,#1781);
#1064=LINE('',#13577,#1782);
#1065=LINE('',#13583,#1783);
#1066=LINE('',#13592,#1784);
#1067=LINE('',#13605,#1785);
#1068=LINE('',#13618,#1786);
#1069=LINE('',#13631,#1787);
#1070=LINE('',#13637,#1788);
#1071=LINE('',#13648,#1789);
#1072=LINE('',#13666,#1790);
#1073=LINE('',#13668,#1791);
#1074=LINE('',#13670,#1792);
#1075=LINE('',#13672,#1793);
#1076=LINE('',#13674,#1794);
#1077=LINE('',#13676,#1795);
#1078=LINE('',#13678,#1796);
#1079=LINE('',#13680,#1797);
#1080=LINE('',#13690,#1798);
#1081=LINE('',#13696,#1799);
#1082=LINE('',#13698,#1800);
#1083=LINE('',#13700,#1801);
#1084=LINE('',#13702,#1802);
#1085=LINE('',#13704,#1803);
#1086=LINE('',#13706,#1804);
#1087=LINE('',#13708,#1805);
#1088=LINE('',#13710,#1806);
#1089=LINE('',#13712,#1807);
#1090=LINE('',#13714,#1808);
#1091=LINE('',#13716,#1809);
#1092=LINE('',#13725,#1810);
#1093=LINE('',#13738,#1811);
#1094=LINE('',#13744,#1812);
#1095=LINE('',#13746,#1813);
#1096=LINE('',#13748,#1814);
#1097=LINE('',#13750,#1815);
#1098=LINE('',#13776,#1816);
#1099=LINE('',#13782,#1817);
#1100=LINE('',#13795,#1818);
#1101=LINE('',#13812,#1819);
#1102=LINE('',#13820,#1820);
#1103=LINE('',#13835,#1821);
#1104=LINE('',#13852,#1822);
#1105=LINE('',#13869,#1823);
#1106=LINE('',#13886,#1824);
#1107=LINE('',#13894,#1825);
#1108=LINE('',#13905,#1826);
#1109=LINE('',#13911,#1827);
#1110=LINE('',#13920,#1828);
#1111=LINE('',#13926,#1829);
#1112=LINE('',#13937,#1830);
#1113=LINE('',#13950,#1831);
#1114=LINE('',#13956,#1832);
#1115=LINE('',#13967,#1833);
#1116=LINE('',#13980,#1834);
#1117=LINE('',#13986,#1835);
#1118=LINE('',#13997,#1836);
#1119=LINE('',#14010,#1837);
#1120=LINE('',#14033,#1838);
#1121=LINE('',#14035,#1839);
#1122=LINE('',#14037,#1840);
#1123=LINE('',#14039,#1841);
#1124=LINE('',#14041,#1842);
#1125=LINE('',#14043,#1843);
#1126=LINE('',#14045,#1844);
#1127=LINE('',#14047,#1845);
#1128=LINE('',#14049,#1846);
#1129=LINE('',#14051,#1847);
#1130=LINE('',#14053,#1848);
#1131=LINE('',#14055,#1849);
#1132=LINE('',#14057,#1850);
#1133=LINE('',#14059,#1851);
#1134=LINE('',#14061,#1852);
#1135=LINE('',#14063,#1853);
#1136=LINE('',#14065,#1854);
#1137=LINE('',#14067,#1855);
#1138=LINE('',#14069,#1856);
#1139=LINE('',#14071,#1857);
#1140=LINE('',#14073,#1858);
#1141=LINE('',#14075,#1859);
#1142=LINE('',#14077,#1860);
#1143=LINE('',#14079,#1861);
#1144=LINE('',#14081,#1862);
#1145=LINE('',#14083,#1863);
#1146=LINE('',#14098,#1864);
#1147=LINE('',#14104,#1865);
#1148=LINE('',#14117,#1866);
#1149=LINE('',#14134,#1867);
#1150=LINE('',#14142,#1868);
#1151=LINE('',#14157,#1869);
#1152=LINE('',#14174,#1870);
#1153=LINE('',#14191,#1871);
#1154=LINE('',#14208,#1872);
#1155=LINE('',#14216,#1873);
#1156=LINE('',#14227,#1874);
#1157=LINE('',#14233,#1875);
#1158=LINE('',#14242,#1876);
#1159=LINE('',#14248,#1877);
#1160=LINE('',#14259,#1878);
#1161=LINE('',#14272,#1879);
#1162=LINE('',#14278,#1880);
#1163=LINE('',#14289,#1881);
#1164=LINE('',#14302,#1882);
#1165=LINE('',#14308,#1883);
#1166=LINE('',#14319,#1884);
#1167=LINE('',#14332,#1885);
#1168=LINE('',#14355,#1886);
#1169=LINE('',#14357,#1887);
#1170=LINE('',#14359,#1888);
#1171=LINE('',#14361,#1889);
#1172=LINE('',#14363,#1890);
#1173=LINE('',#14365,#1891);
#1174=LINE('',#14367,#1892);
#1175=LINE('',#14369,#1893);
#1176=LINE('',#14372,#1894);
#1177=LINE('',#14374,#1895);
#1178=LINE('',#14376,#1896);
#1179=LINE('',#14378,#1897);
#1180=LINE('',#14380,#1898);
#1181=LINE('',#14382,#1899);
#1182=LINE('',#14384,#1900);
#1183=LINE('',#14386,#1901);
#1184=LINE('',#14392,#1902);
#1185=LINE('',#14396,#1903);
#1186=LINE('',#14398,#1904);
#1187=LINE('',#14400,#1905);
#1188=LINE('',#14402,#1906);
#1189=LINE('',#14415,#1907);
#1190=LINE('',#14432,#1908);
#1191=LINE('',#14449,#1909);
#1192=LINE('',#14462,#1910);
#1193=LINE('',#14468,#1911);
#1194=LINE('',#14477,#1912);
#1195=LINE('',#14490,#1913);
#1196=LINE('',#14503,#1914);
#1197=LINE('',#14509,#1915);
#1198=LINE('',#14520,#1916);
#1199=LINE('',#14533,#1917);
#1200=LINE('',#14546,#1918);
#1201=LINE('',#14559,#1919);
#1202=LINE('',#14565,#1920);
#1203=LINE('',#14567,#1921);
#1204=LINE('',#14569,#1922);
#1205=LINE('',#14580,#1923);
#1206=LINE('',#14593,#1924);
#1207=LINE('',#14606,#1925);
#1208=LINE('',#14612,#1926);
#1209=LINE('',#14616,#1927);
#1210=LINE('',#14618,#1928);
#1211=LINE('',#14620,#1929);
#1212=LINE('',#14631,#1930);
#1213=LINE('',#14644,#1931);
#1214=LINE('',#14683,#1932);
#1215=LINE('',#14689,#1933);
#1216=LINE('',#14691,#1934);
#1217=LINE('',#14702,#1935);
#1218=LINE('',#14708,#1936);
#1219=LINE('',#14710,#1937);
#1220=LINE('',#14712,#1938);
#1221=LINE('',#14714,#1939);
#1222=LINE('',#14716,#1940);
#1223=LINE('',#14718,#1941);
#1224=LINE('',#14720,#1942);
#1225=LINE('',#14722,#1943);
#1226=LINE('',#14724,#1944);
#1227=LINE('',#14726,#1945);
#1228=LINE('',#14728,#1946);
#1229=LINE('',#14730,#1947);
#1230=LINE('',#14739,#1948);
#1231=LINE('',#14752,#1949);
#1232=LINE('',#14765,#1950);
#1233=LINE('',#14778,#1951);
#1234=LINE('',#14784,#1952);
#1235=LINE('',#14788,#1953);
#1236=LINE('',#14790,#1954);
#1237=LINE('',#14792,#1955);
#1238=LINE('',#14794,#1956);
#1239=LINE('',#14796,#1957);
#1240=LINE('',#14798,#1958);
#1241=LINE('',#14800,#1959);
#1242=LINE('',#14824,#1960);
#1243=LINE('',#14828,#1961);
#1244=LINE('',#14830,#1962);
#1245=LINE('',#14832,#1963);
#1246=LINE('',#14834,#1964);
#1247=LINE('',#14851,#1965);
#1248=LINE('',#14868,#1966);
#1249=LINE('',#14885,#1967);
#1250=LINE('',#14899,#1968);
#1251=LINE('',#14905,#1969);
#1252=LINE('',#14922,#1970);
#1253=LINE('',#14939,#1971);
#1254=LINE('',#14956,#1972);
#1255=LINE('',#14962,#1973);
#1256=LINE('',#14979,#1974);
#1257=LINE('',#14996,#1975);
#1258=LINE('',#15013,#1976);
#1259=LINE('',#15030,#1977);
#1260=LINE('',#15032,#1978);
#1261=LINE('',#15034,#1979);
#1262=LINE('',#15036,#1980);
#1263=LINE('',#15042,#1981);
#1264=LINE('',#15059,#1982);
#1265=LINE('',#15076,#1983);
#1266=LINE('',#15093,#1984);
#1267=LINE('',#15099,#1985);
#1268=LINE('',#15101,#1986);
#1269=LINE('',#15103,#1987);
#1270=LINE('',#15105,#1988);
#1271=LINE('',#15111,#1989);
#1272=LINE('',#15128,#1990);
#1273=LINE('',#15145,#1991);
#1274=VECTOR('',#9111,1.);
#1275=VECTOR('',#9112,1.);
#1276=VECTOR('',#9115,1.);
#1277=VECTOR('',#9116,1.);
#1278=VECTOR('',#9117,1.);
#1279=VECTOR('',#9120,1.);
#1280=VECTOR('',#9121,1.);
#1281=VECTOR('',#9122,1.);
#1282=VECTOR('',#9125,1.);
#1283=VECTOR('',#9126,1.);
#1284=VECTOR('',#9127,1.);
#1285=VECTOR('',#9130,1.);
#1286=VECTOR('',#9131,1.);
#1287=VECTOR('',#9132,1.);
#1288=VECTOR('',#9135,1.);
#1289=VECTOR('',#9136,1.);
#1290=VECTOR('',#9137,1.);
#1291=VECTOR('',#9138,1.);
#1292=VECTOR('',#9139,1.);
#1293=VECTOR('',#9142,1.);
#1294=VECTOR('',#9143,1.);
#1295=VECTOR('',#9144,1.);
#1296=VECTOR('',#9147,1.);
#1297=VECTOR('',#9148,1.);
#1298=VECTOR('',#9149,1.);
#1299=VECTOR('',#9156,1.);
#1300=VECTOR('',#9157,1.);
#1301=VECTOR('',#9158,1.);
#1302=VECTOR('',#9159,1.);
#1303=VECTOR('',#9160,1.);
#1304=VECTOR('',#9161,1.);
#1305=VECTOR('',#9168,1.);
#1306=VECTOR('',#9169,1.);
#1307=VECTOR('',#9178,1.);
#1308=VECTOR('',#9179,1.);
#1309=VECTOR('',#9180,1.);
#1310=VECTOR('',#9181,1.);
#1311=VECTOR('',#9184,1.);
#1312=VECTOR('',#9185,1.);
#1313=VECTOR('',#9186,1.);
#1314=VECTOR('',#9189,1.);
#1315=VECTOR('',#9190,1.);
#1316=VECTOR('',#9191,1.);
#1317=VECTOR('',#9194,1.);
#1318=VECTOR('',#9195,1.);
#1319=VECTOR('',#9196,1.);
#1320=VECTOR('',#9199,1.);
#1321=VECTOR('',#9200,1.);
#1322=VECTOR('',#9201,1.);
#1323=VECTOR('',#9204,1.);
#1324=VECTOR('',#9205,1.);
#1325=VECTOR('',#9206,1.);
#1326=VECTOR('',#9209,1.);
#1327=VECTOR('',#9210,1.);
#1328=VECTOR('',#9211,1.);
#1329=VECTOR('',#9214,1.);
#1330=VECTOR('',#9215,1.);
#1331=VECTOR('',#9216,1.);
#1332=VECTOR('',#9219,1.);
#1333=VECTOR('',#9220,1.);
#1334=VECTOR('',#9221,1.);
#1335=VECTOR('',#9224,1.);
#1336=VECTOR('',#9225,1.);
#1337=VECTOR('',#9226,1.);
#1338=VECTOR('',#9229,1.);
#1339=VECTOR('',#9230,1.);
#1340=VECTOR('',#9231,1.);
#1341=VECTOR('',#9234,1.);
#1342=VECTOR('',#9235,1.);
#1343=VECTOR('',#9236,1.);
#1344=VECTOR('',#9239,1.);
#1345=VECTOR('',#9240,1.);
#1346=VECTOR('',#9249,1.);
#1347=VECTOR('',#9250,1.);
#1348=VECTOR('',#9251,1.);
#1349=VECTOR('',#9252,1.);
#1350=VECTOR('',#9255,1.);
#1351=VECTOR('',#9256,1.);
#1352=VECTOR('',#9257,1.);
#1353=VECTOR('',#9260,1.);
#1354=VECTOR('',#9261,1.);
#1355=VECTOR('',#9262,1.);
#1356=VECTOR('',#9265,1.);
#1357=VECTOR('',#9266,1.);
#1358=VECTOR('',#9273,1.);
#1359=VECTOR('',#9274,1.);
#1360=VECTOR('',#9275,1.);
#1361=VECTOR('',#9276,1.);
#1362=VECTOR('',#9283,1.);
#1363=VECTOR('',#9284,1.);
#1364=VECTOR('',#9285,1.);
#1365=VECTOR('',#9286,1.);
#1366=VECTOR('',#9287,1.);
#1367=VECTOR('',#9294,1.);
#1368=VECTOR('',#9295,1.);
#1369=VECTOR('',#9296,1.);
#1370=VECTOR('',#9297,1.);
#1371=VECTOR('',#9304,1.);
#1372=VECTOR('',#9305,1.);
#1373=VECTOR('',#9306,1.);
#1374=VECTOR('',#9313,1.);
#1375=VECTOR('',#9314,1.);
#1376=VECTOR('',#9315,1.);
#1377=VECTOR('',#9322,1.);
#1378=VECTOR('',#9323,1.);
#1379=VECTOR('',#9324,1.);
#1380=VECTOR('',#9341,1.);
#1381=VECTOR('',#9344,1.);
#1382=VECTOR('',#9345,1.);
#1383=VECTOR('',#9346,1.);
#1384=VECTOR('',#9353,1.);
#1385=VECTOR('',#9354,1.);
#1386=VECTOR('',#9355,1.);
#1387=VECTOR('',#9362,1.);
#1388=VECTOR('',#9363,1.);
#1389=VECTOR('',#9364,1.);
#1390=VECTOR('',#9371,1.);
#1391=VECTOR('',#9372,1.);
#1392=VECTOR('',#9373,1.);
#1393=VECTOR('',#9374,1.);
#1394=VECTOR('',#9381,1.);
#1395=VECTOR('',#9382,1.);
#1396=VECTOR('',#9383,1.);
#1397=VECTOR('',#9384,1.);
#1398=VECTOR('',#9385,1.);
#1399=VECTOR('',#9386,1.);
#1400=VECTOR('',#9389,1.);
#1401=VECTOR('',#9390,1.);
#1402=VECTOR('',#9391,1.);
#1403=VECTOR('',#9394,1.);
#1404=VECTOR('',#9395,1.);
#1405=VECTOR('',#9396,1.);
#1406=VECTOR('',#9399,1.);
#1407=VECTOR('',#9400,1.);
#1408=VECTOR('',#9401,1.);
#1409=VECTOR('',#9404,1.);
#1410=VECTOR('',#9405,1.);
#1411=VECTOR('',#9406,1.);
#1412=VECTOR('',#9409,1.);
#1413=VECTOR('',#9410,1.);
#1414=VECTOR('',#9411,1.);
#1415=VECTOR('',#9412,1.);
#1416=VECTOR('',#9413,1.);
#1417=VECTOR('',#9420,1.);
#1418=VECTOR('',#9427,1.);
#1419=VECTOR('',#9428,1.);
#1420=VECTOR('',#9429,1.);
#1421=VECTOR('',#9430,1.);
#1422=VECTOR('',#9437,1.);
#1423=VECTOR('',#9438,1.);
#1424=VECTOR('',#9439,1.);
#1425=VECTOR('',#9440,1.);
#1426=VECTOR('',#9441,1.);
#1427=VECTOR('',#9448,1.);
#1428=VECTOR('',#9449,1.);
#1429=VECTOR('',#9450,1.);
#1430=VECTOR('',#9451,1.);
#1431=VECTOR('',#9458,1.);
#1432=VECTOR('',#9459,1.);
#1433=VECTOR('',#9460,1.);
#1434=VECTOR('',#9467,1.);
#1435=VECTOR('',#9468,1.);
#1436=VECTOR('',#9469,1.);
#1437=VECTOR('',#9476,1.);
#1438=VECTOR('',#9477,1.);
#1439=VECTOR('',#9478,1.);
#1440=VECTOR('',#9493,1.);
#1441=VECTOR('',#9494,1.);
#1442=VECTOR('',#9495,1.);
#1443=VECTOR('',#9496,1.);
#1444=VECTOR('',#9499,1.);
#1445=VECTOR('',#9500,1.);
#1446=VECTOR('',#9501,1.);
#1447=VECTOR('',#9504,1.);
#1448=VECTOR('',#9505,1.);
#1449=VECTOR('',#9506,1.);
#1450=VECTOR('',#9509,1.);
#1451=VECTOR('',#9510,1.);
#1452=VECTOR('',#9517,1.);
#1453=VECTOR('',#9518,1.);
#1454=VECTOR('',#9525,1.);
#1455=VECTOR('',#9526,1.);
#1456=VECTOR('',#9529,1.);
#1457=VECTOR('',#9530,1.);
#1458=VECTOR('',#9531,1.);
#1459=VECTOR('',#9534,1.);
#1460=VECTOR('',#9535,1.);
#1461=VECTOR('',#9536,1.);
#1462=VECTOR('',#9539,1.);
#1463=VECTOR('',#9540,1.);
#1464=VECTOR('',#9541,1.);
#1465=VECTOR('',#9544,1.);
#1466=VECTOR('',#9545,1.);
#1467=VECTOR('',#9546,1.);
#1468=VECTOR('',#9549,1.);
#1469=VECTOR('',#9550,1.);
#1470=VECTOR('',#9551,1.);
#1471=VECTOR('',#9554,1.);
#1472=VECTOR('',#9555,1.);
#1473=VECTOR('',#9556,1.);
#1474=VECTOR('',#9557,1.);
#1475=VECTOR('',#9558,1.);
#1476=VECTOR('',#9559,1.);
#1477=VECTOR('',#9560,1.);
#1478=VECTOR('',#9567,1.);
#1479=VECTOR('',#9570,1.);
#1480=VECTOR('',#9571,1.);
#1481=VECTOR('',#9572,1.);
#1482=VECTOR('',#9575,1.);
#1483=VECTOR('',#9576,1.);
#1484=VECTOR('',#9577,1.);
#1485=VECTOR('',#9580,1.);
#1486=VECTOR('',#9581,1.);
#1487=VECTOR('',#9582,1.);
#1488=VECTOR('',#9589,1.);
#1489=VECTOR('',#9598,1.);
#1490=VECTOR('',#9599,1.);
#1491=VECTOR('',#9600,1.);
#1492=VECTOR('',#9601,1.);
#1493=VECTOR('',#9604,1.);
#1494=VECTOR('',#9605,1.);
#1495=VECTOR('',#9606,1.);
#1496=VECTOR('',#9609,1.);
#1497=VECTOR('',#9610,1.);
#1498=VECTOR('',#9611,1.);
#1499=VECTOR('',#9614,1.);
#1500=VECTOR('',#9615,1.);
#1501=VECTOR('',#9624,1.);
#1502=VECTOR('',#9625,1.);
#1503=VECTOR('',#9626,1.);
#1504=VECTOR('',#9627,1.);
#1505=VECTOR('',#9630,1.);
#1506=VECTOR('',#9631,1.);
#1507=VECTOR('',#9632,1.);
#1508=VECTOR('',#9635,1.);
#1509=VECTOR('',#9636,1.);
#1510=VECTOR('',#9637,1.);
#1511=VECTOR('',#9640,1.);
#1512=VECTOR('',#9641,1.);
#1513=VECTOR('',#9652,1.);
#1514=VECTOR('',#9657,1.);
#1515=VECTOR('',#9660,1.);
#1516=VECTOR('',#9661,1.);
#1517=VECTOR('',#9662,1.);
#1518=VECTOR('',#9663,1.);
#1519=VECTOR('',#9664,1.);
#1520=VECTOR('',#9665,1.);
#1521=VECTOR('',#9666,1.);
#1522=VECTOR('',#9667,1.);
#1523=VECTOR('',#9668,1.);
#1524=VECTOR('',#9669,1.);
#1525=VECTOR('',#9670,1.);
#1526=VECTOR('',#9671,1.);
#1527=VECTOR('',#9672,1.);
#1528=VECTOR('',#9673,1.);
#1529=VECTOR('',#9674,1.);
#1530=VECTOR('',#9675,1.);
#1531=VECTOR('',#9676,1.);
#1532=VECTOR('',#9677,1.);
#1533=VECTOR('',#9678,1.);
#1534=VECTOR('',#9679,1.);
#1535=VECTOR('',#9680,1.);
#1536=VECTOR('',#9681,1.);
#1537=VECTOR('',#9682,1.);
#1538=VECTOR('',#9683,1.);
#1539=VECTOR('',#9688,1.);
#1540=VECTOR('',#9689,1.);
#1541=VECTOR('',#9690,1.);
#1542=VECTOR('',#9691,1.);
#1543=VECTOR('',#9692,1.);
#1544=VECTOR('',#9695,1.);
#1545=VECTOR('',#9696,1.);
#1546=VECTOR('',#9697,1.);
#1547=VECTOR('',#9698,1.);
#1548=VECTOR('',#9699,1.);
#1549=VECTOR('',#9700,1.);
#1550=VECTOR('',#9701,1.);
#1551=VECTOR('',#9702,1.);
#1552=VECTOR('',#9703,1.);
#1553=VECTOR('',#9704,1.);
#1554=VECTOR('',#9705,1.);
#1555=VECTOR('',#9706,1.);
#1556=VECTOR('',#9707,1.);
#1557=VECTOR('',#9708,1.);
#1558=VECTOR('',#9709,1.);
#1559=VECTOR('',#9710,1.);
#1560=VECTOR('',#9727,1.);
#1561=VECTOR('',#9728,1.);
#1562=VECTOR('',#9729,1.);
#1563=VECTOR('',#9730,1.);
#1564=VECTOR('',#9733,1.);
#1565=VECTOR('',#9734,1.);
#1566=VECTOR('',#9735,1.);
#1567=VECTOR('',#9738,1.);
#1568=VECTOR('',#9739,1.);
#1569=VECTOR('',#9740,1.);
#1570=VECTOR('',#9741,1.);
#1571=VECTOR('',#9742,1.);
#1572=VECTOR('',#9743,1.);
#1573=VECTOR('',#9750,1.);
#1574=VECTOR('',#9753,1.);
#1575=VECTOR('',#9756,1.);
#1576=VECTOR('',#9759,1.);
#1577=VECTOR('',#9760,1.);
#1578=VECTOR('',#9761,1.);
#1579=VECTOR('',#9762,1.);
#1580=VECTOR('',#9765,1.);
#1581=VECTOR('',#9768,1.);
#1582=VECTOR('',#9771,1.);
#1583=VECTOR('',#9774,1.);
#1584=VECTOR('',#9777,1.);
#1585=VECTOR('',#9780,1.);
#1586=VECTOR('',#9783,1.);
#1587=VECTOR('',#9786,1.);
#1588=VECTOR('',#9789,1.);
#1589=VECTOR('',#9790,1.);
#1590=VECTOR('',#9791,1.);
#1591=VECTOR('',#9792,1.);
#1592=VECTOR('',#9793,1.);
#1593=VECTOR('',#9794,1.);
#1594=VECTOR('',#9795,1.);
#1595=VECTOR('',#9796,1.);
#1596=VECTOR('',#9797,1.);
#1597=VECTOR('',#9798,1.);
#1598=VECTOR('',#9799,1.);
#1599=VECTOR('',#9800,1.);
#1600=VECTOR('',#9801,1.);
#1601=VECTOR('',#9802,1.);
#1602=VECTOR('',#9803,1.);
#1603=VECTOR('',#9804,1.);
#1604=VECTOR('',#9805,1.);
#1605=VECTOR('',#9806,1.);
#1606=VECTOR('',#9807,1.);
#1607=VECTOR('',#9808,1.);
#1608=VECTOR('',#9809,1.);
#1609=VECTOR('',#9810,1.);
#1610=VECTOR('',#9813,1.);
#1611=VECTOR('',#9814,1.);
#1612=VECTOR('',#9815,1.);
#1613=VECTOR('',#9816,1.);
#1614=VECTOR('',#9817,1.);
#1615=VECTOR('',#9818,1.);
#1616=VECTOR('',#9819,1.);
#1617=VECTOR('',#9820,1.);
#1618=VECTOR('',#9825,1.);
#1619=VECTOR('',#9828,1.);
#1620=VECTOR('',#9831,1.);
#1621=VECTOR('',#9834,1.);
#1622=VECTOR('',#9835,1.);
#1623=VECTOR('',#9836,1.);
#1624=VECTOR('',#9837,1.);
#1625=VECTOR('',#9840,1.);
#1626=VECTOR('',#9841,1.);
#1627=VECTOR('',#9842,1.);
#1628=VECTOR('',#9843,1.);
#1629=VECTOR('',#9844,1.);
#1630=VECTOR('',#9845,1.);
#1631=VECTOR('',#9846,1.);
#1632=VECTOR('',#9847,1.);
#1633=VECTOR('',#9848,1.);
#1634=VECTOR('',#9849,1.);
#1635=VECTOR('',#9850,1.);
#1636=VECTOR('',#9853,1.);
#1637=VECTOR('',#9854,1.);
#1638=VECTOR('',#9855,1.);
#1639=VECTOR('',#9856,1.);
#1640=VECTOR('',#9857,1.);
#1641=VECTOR('',#9858,1.);
#1642=VECTOR('',#9859,1.);
#1643=VECTOR('',#9860,1.);
#1644=VECTOR('',#9861,1.);
#1645=VECTOR('',#9862,1.);
#1646=VECTOR('',#9863,1.);
#1647=VECTOR('',#9864,1.);
#1648=VECTOR('',#9865,1.);
#1649=VECTOR('',#9866,1.);
#1650=VECTOR('',#9867,1.);
#1651=VECTOR('',#9868,1.);
#1652=VECTOR('',#9869,1.);
#1653=VECTOR('',#9870,1.);
#1654=VECTOR('',#9873,1.);
#1655=VECTOR('',#9874,1.);
#1656=VECTOR('',#9875,1.);
#1657=VECTOR('',#9876,1.);
#1658=VECTOR('',#9877,1.);
#1659=VECTOR('',#9878,1.);
#1660=VECTOR('',#9879,1.);
#1661=VECTOR('',#9882,1.);
#1662=VECTOR('',#9883,1.);
#1663=VECTOR('',#9886,1.);
#1664=VECTOR('',#9887,1.);
#1665=VECTOR('',#9890,1.);
#1666=VECTOR('',#9891,1.);
#1667=VECTOR('',#9892,1.);
#1668=VECTOR('',#9893,1.);
#1669=VECTOR('',#9896,1.);
#1670=VECTOR('',#9897,1.);
#1671=VECTOR('',#9898,1.);
#1672=VECTOR('',#9899,1.);
#1673=VECTOR('',#9900,1.);
#1674=VECTOR('',#9903,1.);
#1675=VECTOR('',#9906,1.);
#1676=VECTOR('',#9911,1.);
#1677=VECTOR('',#9916,1.);
#1678=VECTOR('',#9917,1.);
#1679=VECTOR('',#9920,1.);
#1680=VECTOR('',#9921,1.);
#1681=VECTOR('',#9924,1.);
#1682=VECTOR('',#9935,1.);
#1683=VECTOR('',#9936,1.);
#1684=VECTOR('',#9939,1.);
#1685=VECTOR('',#9940,1.);
#1686=VECTOR('',#9949,1.);
#1687=VECTOR('',#9958,1.);
#1688=VECTOR('',#9959,1.);
#1689=VECTOR('',#9968,1.);
#1690=VECTOR('',#9971,1.);
#1691=VECTOR('',#9976,1.);
#1692=VECTOR('',#9977,1.);
#1693=VECTOR('',#9980,1.);
#1694=VECTOR('',#9993,1.);
#1695=VECTOR('',#9994,1.);
#1696=VECTOR('',#9995,1.);
#1697=VECTOR('',#9998,1.);
#1698=VECTOR('',#9999,1.);
#1699=VECTOR('',#10002,1.);
#1700=VECTOR('',#10003,1.);
#1701=VECTOR('',#10006,1.);
#1702=VECTOR('',#10009,1.);
#1703=VECTOR('',#10010,1.);
#1704=VECTOR('',#10011,1.);
#1705=VECTOR('',#10014,1.);
#1706=VECTOR('',#10015,1.);
#1707=VECTOR('',#10018,1.);
#1708=VECTOR('',#10019,1.);
#1709=VECTOR('',#10022,1.);
#1710=VECTOR('',#10025,1.);
#1711=VECTOR('',#10026,1.);
#1712=VECTOR('',#10027,1.);
#1713=VECTOR('',#10030,1.);
#1714=VECTOR('',#10031,1.);
#1715=VECTOR('',#10032,1.);
#1716=VECTOR('',#10035,1.);
#1717=VECTOR('',#10036,1.);
#1718=VECTOR('',#10037,1.);
#1719=VECTOR('',#10040,1.);
#1720=VECTOR('',#10041,1.);
#1721=VECTOR('',#10046,1.);
#1722=VECTOR('',#10047,1.);
#1723=VECTOR('',#10048,1.);
#1724=VECTOR('',#10051,1.);
#1725=VECTOR('',#10052,1.);
#1726=VECTOR('',#10055,1.);
#1727=VECTOR('',#10056,1.);
#1728=VECTOR('',#10059,1.);
#1729=VECTOR('',#10062,1.);
#1730=VECTOR('',#10063,1.);
#1731=VECTOR('',#10064,1.);
#1732=VECTOR('',#10067,1.);
#1733=VECTOR('',#10068,1.);
#1734=VECTOR('',#10071,1.);
#1735=VECTOR('',#10072,1.);
#1736=VECTOR('',#10075,1.);
#1737=VECTOR('',#10126,1.);
#1738=VECTOR('',#10127,1.);
#1739=VECTOR('',#10130,1.);
#1740=VECTOR('',#10133,1.);
#1741=VECTOR('',#10236,1.);
#1742=VECTOR('',#10239,1.);
#1743=VECTOR('',#10240,1.);
#1744=VECTOR('',#10241,1.);
#1745=VECTOR('',#10246,1.);
#1746=VECTOR('',#10249,1.);
#1747=VECTOR('',#10250,1.);
#1748=VECTOR('',#10255,1.);
#1749=VECTOR('',#10258,1.);
#1750=VECTOR('',#10259,1.);
#1751=VECTOR('',#10264,1.);
#1752=VECTOR('',#10267,1.);
#1753=VECTOR('',#10268,1.);
#1754=VECTOR('',#10269,1.);
#1755=VECTOR('',#10272,1.);
#1756=VECTOR('',#10275,1.);
#1757=VECTOR('',#10276,1.);
#1758=VECTOR('',#10277,1.);
#1759=VECTOR('',#10278,1.);
#1760=VECTOR('',#10279,1.);
#1761=VECTOR('',#10282,1.);
#1762=VECTOR('',#10283,1.);
#1763=VECTOR('',#10286,1.);
#1764=VECTOR('',#10287,1.);
#1765=VECTOR('',#10290,1.);
#1766=VECTOR('',#10291,1.);
#1767=VECTOR('',#10294,1.);
#1768=VECTOR('',#10295,1.);
#1769=VECTOR('',#10298,1.);
#1770=VECTOR('',#10299,1.);
#1771=VECTOR('',#10300,1.);
#1772=VECTOR('',#10301,1.);
#1773=VECTOR('',#10304,1.);
#1774=VECTOR('',#10311,1.);
#1775=VECTOR('',#10312,1.);
#1776=VECTOR('',#10313,1.);
#1777=VECTOR('',#10316,1.);
#1778=VECTOR('',#10317,1.);
#1779=VECTOR('',#10320,1.);
#1780=VECTOR('',#10321,1.);
#1781=VECTOR('',#10324,1.);
#1782=VECTOR('',#10327,1.);
#1783=VECTOR('',#10328,1.);
#1784=VECTOR('',#10329,1.);
#1785=VECTOR('',#10330,1.);
#1786=VECTOR('',#10331,1.);
#1787=VECTOR('',#10332,1.);
#1788=VECTOR('',#10335,1.);
#1789=VECTOR('',#10338,1.);
#1790=VECTOR('',#10343,1.);
#1791=VECTOR('',#10344,1.);
#1792=VECTOR('',#10345,1.);
#1793=VECTOR('',#10348,1.);
#1794=VECTOR('',#10349,1.);
#1795=VECTOR('',#10352,1.);
#1796=VECTOR('',#10353,1.);
#1797=VECTOR('',#10356,1.);
#1798=VECTOR('',#10359,1.);
#1799=VECTOR('',#10360,1.);
#1800=VECTOR('',#10363,1.);
#1801=VECTOR('',#10364,1.);
#1802=VECTOR('',#10367,1.);
#1803=VECTOR('',#10368,1.);
#1804=VECTOR('',#10371,1.);
#1805=VECTOR('',#10372,1.);
#1806=VECTOR('',#10375,1.);
#1807=VECTOR('',#10376,1.);
#1808=VECTOR('',#10379,1.);
#1809=VECTOR('',#10380,1.);
#1810=VECTOR('',#10381,1.);
#1811=VECTOR('',#10382,1.);
#1812=VECTOR('',#10385,1.);
#1813=VECTOR('',#10386,1.);
#1814=VECTOR('',#10389,1.);
#1815=VECTOR('',#10390,1.);
#1816=VECTOR('',#10393,1.);
#1817=VECTOR('',#10394,1.);
#1818=VECTOR('',#10395,1.);
#1819=VECTOR('',#10396,1.);
#1820=VECTOR('',#10401,1.);
#1821=VECTOR('',#10404,1.);
#1822=VECTOR('',#10405,1.);
#1823=VECTOR('',#10406,1.);
#1824=VECTOR('',#10407,1.);
#1825=VECTOR('',#10412,1.);
#1826=VECTOR('',#10415,1.);
#1827=VECTOR('',#10416,1.);
#1828=VECTOR('',#10417,1.);
#1829=VECTOR('',#10420,1.);
#1830=VECTOR('',#10423,1.);
#1831=VECTOR('',#10424,1.);
#1832=VECTOR('',#10427,1.);
#1833=VECTOR('',#10430,1.);
#1834=VECTOR('',#10431,1.);
#1835=VECTOR('',#10434,1.);
#1836=VECTOR('',#10437,1.);
#1837=VECTOR('',#10438,1.);
#1838=VECTOR('',#10447,1.);
#1839=VECTOR('',#10448,1.);
#1840=VECTOR('',#10449,1.);
#1841=VECTOR('',#10452,1.);
#1842=VECTOR('',#10453,1.);
#1843=VECTOR('',#10456,1.);
#1844=VECTOR('',#10457,1.);
#1845=VECTOR('',#10460,1.);
#1846=VECTOR('',#10461,1.);
#1847=VECTOR('',#10464,1.);
#1848=VECTOR('',#10465,1.);
#1849=VECTOR('',#10468,1.);
#1850=VECTOR('',#10469,1.);
#1851=VECTOR('',#10472,1.);
#1852=VECTOR('',#10473,1.);
#1853=VECTOR('',#10476,1.);
#1854=VECTOR('',#10477,1.);
#1855=VECTOR('',#10480,1.);
#1856=VECTOR('',#10481,1.);
#1857=VECTOR('',#10484,1.);
#1858=VECTOR('',#10485,1.);
#1859=VECTOR('',#10488,1.);
#1860=VECTOR('',#10489,1.);
#1861=VECTOR('',#10492,1.);
#1862=VECTOR('',#10493,1.);
#1863=VECTOR('',#10496,1.);
#1864=VECTOR('',#10499,1.);
#1865=VECTOR('',#10500,1.);
#1866=VECTOR('',#10501,1.);
#1867=VECTOR('',#10502,1.);
#1868=VECTOR('',#10507,1.);
#1869=VECTOR('',#10510,1.);
#1870=VECTOR('',#10511,1.);
#1871=VECTOR('',#10512,1.);
#1872=VECTOR('',#10513,1.);
#1873=VECTOR('',#10518,1.);
#1874=VECTOR('',#10521,1.);
#1875=VECTOR('',#10522,1.);
#1876=VECTOR('',#10523,1.);
#1877=VECTOR('',#10526,1.);
#1878=VECTOR('',#10529,1.);
#1879=VECTOR('',#10530,1.);
#1880=VECTOR('',#10533,1.);
#1881=VECTOR('',#10536,1.);
#1882=VECTOR('',#10537,1.);
#1883=VECTOR('',#10540,1.);
#1884=VECTOR('',#10543,1.);
#1885=VECTOR('',#10544,1.);
#1886=VECTOR('',#10553,1.);
#1887=VECTOR('',#10554,1.);
#1888=VECTOR('',#10555,1.);
#1889=VECTOR('',#10558,1.);
#1890=VECTOR('',#10559,1.);
#1891=VECTOR('',#10562,1.);
#1892=VECTOR('',#10563,1.);
#1893=VECTOR('',#10566,1.);
#1894=VECTOR('',#10571,1.);
#1895=VECTOR('',#10572,1.);
#1896=VECTOR('',#10573,1.);
#1897=VECTOR('',#10576,1.);
#1898=VECTOR('',#10577,1.);
#1899=VECTOR('',#10580,1.);
#1900=VECTOR('',#10581,1.);
#1901=VECTOR('',#10584,1.);
#1902=VECTOR('',#10591,1.);
#1903=VECTOR('',#10594,1.);
#1904=VECTOR('',#10597,1.);
#1905=VECTOR('',#10598,1.);
#1906=VECTOR('',#10599,1.);
#1907=VECTOR('',#10600,1.);
#1908=VECTOR('',#10601,1.);
#1909=VECTOR('',#10602,1.);
#1910=VECTOR('',#10603,1.);
#1911=VECTOR('',#10604,1.);
#1912=VECTOR('',#10605,1.);
#1913=VECTOR('',#10606,1.);
#1914=VECTOR('',#10607,1.);
#1915=VECTOR('',#10610,1.);
#1916=VECTOR('',#10613,1.);
#1917=VECTOR('',#10614,1.);
#1918=VECTOR('',#10615,1.);
#1919=VECTOR('',#10616,1.);
#1920=VECTOR('',#10619,1.);
#1921=VECTOR('',#10620,1.);
#1922=VECTOR('',#10623,1.);
#1923=VECTOR('',#10626,1.);
#1924=VECTOR('',#10627,1.);
#1925=VECTOR('',#10628,1.);
#1926=VECTOR('',#10631,1.);
#1927=VECTOR('',#10636,1.);
#1928=VECTOR('',#10637,1.);
#1929=VECTOR('',#10640,1.);
#1930=VECTOR('',#10643,1.);
#1931=VECTOR('',#10644,1.);
#1932=VECTOR('',#10647,1.);
#1933=VECTOR('',#10648,1.);
#1934=VECTOR('',#10651,1.);
#1935=VECTOR('',#10654,1.);
#1936=VECTOR('',#10657,1.);
#1937=VECTOR('',#10658,1.);
#1938=VECTOR('',#10661,1.);
#1939=VECTOR('',#10662,1.);
#1940=VECTOR('',#10665,1.);
#1941=VECTOR('',#10666,1.);
#1942=VECTOR('',#10669,1.);
#1943=VECTOR('',#10670,1.);
#1944=VECTOR('',#10673,1.);
#1945=VECTOR('',#10674,1.);
#1946=VECTOR('',#10677,1.);
#1947=VECTOR('',#10678,1.);
#1948=VECTOR('',#10679,1.);
#1949=VECTOR('',#10680,1.);
#1950=VECTOR('',#10681,1.);
#1951=VECTOR('',#10682,1.);
#1952=VECTOR('',#10685,1.);
#1953=VECTOR('',#10690,1.);
#1954=VECTOR('',#10691,1.);
#1955=VECTOR('',#10694,1.);
#1956=VECTOR('',#10695,1.);
#1957=VECTOR('',#10698,1.);
#1958=VECTOR('',#10699,1.);
#1959=VECTOR('',#10702,1.);
#1960=VECTOR('',#10721,1.);
#1961=VECTOR('',#10724,1.);
#1962=VECTOR('',#10727,1.);
#1963=VECTOR('',#10728,1.);
#1964=VECTOR('',#10729,1.);
#1965=VECTOR('',#10730,1.);
#1966=VECTOR('',#10731,1.);
#1967=VECTOR('',#10732,1.);
#1968=VECTOR('',#10733,1.);
#1969=VECTOR('',#10734,1.);
#1970=VECTOR('',#10735,1.);
#1971=VECTOR('',#10736,1.);
#1972=VECTOR('',#10737,1.);
#1973=VECTOR('',#10744,1.);
#1974=VECTOR('',#10745,1.);
#1975=VECTOR('',#10746,1.);
#1976=VECTOR('',#10747,1.);
#1977=VECTOR('',#10748,1.);
#1978=VECTOR('',#10751,1.);
#1979=VECTOR('',#10752,1.);
#1980=VECTOR('',#10753,1.);
#1981=VECTOR('',#10760,1.);
#1982=VECTOR('',#10761,1.);
#1983=VECTOR('',#10762,1.);
#1984=VECTOR('',#10763,1.);
#1985=VECTOR('',#10770,1.);
#1986=VECTOR('',#10773,1.);
#1987=VECTOR('',#10774,1.);
#1988=VECTOR('',#10775,1.);
#1989=VECTOR('',#10782,1.);
#1990=VECTOR('',#10783,1.);
#1991=VECTOR('',#10784,1.);
#1992=ORIENTED_EDGE('',*,*,#4444,.T.);
#1993=ORIENTED_EDGE('',*,*,#4445,.F.);
#1994=ORIENTED_EDGE('',*,*,#4446,.F.);
#1995=ORIENTED_EDGE('',*,*,#4447,.T.);
#1996=ORIENTED_EDGE('',*,*,#4448,.T.);
#1997=ORIENTED_EDGE('',*,*,#4447,.F.);
#1998=ORIENTED_EDGE('',*,*,#4449,.F.);
#1999=ORIENTED_EDGE('',*,*,#4450,.T.);
#2000=ORIENTED_EDGE('',*,*,#4451,.T.);
#2001=ORIENTED_EDGE('',*,*,#4450,.F.);
#2002=ORIENTED_EDGE('',*,*,#4452,.F.);
#2003=ORIENTED_EDGE('',*,*,#4453,.T.);
#2004=ORIENTED_EDGE('',*,*,#4454,.T.);
#2005=ORIENTED_EDGE('',*,*,#4453,.F.);
#2006=ORIENTED_EDGE('',*,*,#4455,.F.);
#2007=ORIENTED_EDGE('',*,*,#4456,.T.);
#2008=ORIENTED_EDGE('',*,*,#4457,.T.);
#2009=ORIENTED_EDGE('',*,*,#4456,.F.);
#2010=ORIENTED_EDGE('',*,*,#4458,.F.);
#2011=ORIENTED_EDGE('',*,*,#4459,.T.);
#2012=ORIENTED_EDGE('',*,*,#4460,.T.);
#2013=ORIENTED_EDGE('',*,*,#4459,.F.);
#2014=ORIENTED_EDGE('',*,*,#4461,.F.);
#2015=ORIENTED_EDGE('',*,*,#4462,.T.);
#2016=ORIENTED_EDGE('',*,*,#4463,.T.);
#2017=ORIENTED_EDGE('',*,*,#4462,.F.);
#2018=ORIENTED_EDGE('',*,*,#4464,.F.);
#2019=ORIENTED_EDGE('',*,*,#4465,.T.);
#2020=ORIENTED_EDGE('',*,*,#4466,.T.);
#2021=ORIENTED_EDGE('',*,*,#4465,.F.);
#2022=ORIENTED_EDGE('',*,*,#4467,.F.);
#2023=ORIENTED_EDGE('',*,*,#4468,.T.);
#2024=ORIENTED_EDGE('',*,*,#4469,.T.);
#2025=ORIENTED_EDGE('',*,*,#4468,.F.);
#2026=ORIENTED_EDGE('',*,*,#4470,.F.);
#2027=ORIENTED_EDGE('',*,*,#4471,.T.);
#2028=ORIENTED_EDGE('',*,*,#4472,.T.);
#2029=ORIENTED_EDGE('',*,*,#4471,.F.);
#2030=ORIENTED_EDGE('',*,*,#4473,.F.);
#2031=ORIENTED_EDGE('',*,*,#4474,.T.);
#2032=ORIENTED_EDGE('',*,*,#4475,.T.);
#2033=ORIENTED_EDGE('',*,*,#4474,.F.);
#2034=ORIENTED_EDGE('',*,*,#4476,.F.);
#2035=ORIENTED_EDGE('',*,*,#4445,.T.);
#2036=ORIENTED_EDGE('',*,*,#4446,.T.);
#2037=ORIENTED_EDGE('',*,*,#4476,.T.);
#2038=ORIENTED_EDGE('',*,*,#4473,.T.);
#2039=ORIENTED_EDGE('',*,*,#4470,.T.);
#2040=ORIENTED_EDGE('',*,*,#4467,.T.);
#2041=ORIENTED_EDGE('',*,*,#4464,.T.);
#2042=ORIENTED_EDGE('',*,*,#4461,.T.);
#2043=ORIENTED_EDGE('',*,*,#4458,.T.);
#2044=ORIENTED_EDGE('',*,*,#4455,.T.);
#2045=ORIENTED_EDGE('',*,*,#4452,.T.);
#2046=ORIENTED_EDGE('',*,*,#4449,.T.);
#2047=ORIENTED_EDGE('',*,*,#4444,.F.);
#2048=ORIENTED_EDGE('',*,*,#4448,.F.);
#2049=ORIENTED_EDGE('',*,*,#4451,.F.);
#2050=ORIENTED_EDGE('',*,*,#4454,.F.);
#2051=ORIENTED_EDGE('',*,*,#4457,.F.);
#2052=ORIENTED_EDGE('',*,*,#4460,.F.);
#2053=ORIENTED_EDGE('',*,*,#4463,.F.);
#2054=ORIENTED_EDGE('',*,*,#4466,.F.);
#2055=ORIENTED_EDGE('',*,*,#4469,.F.);
#2056=ORIENTED_EDGE('',*,*,#4472,.F.);
#2057=ORIENTED_EDGE('',*,*,#4475,.F.);
#2058=ORIENTED_EDGE('',*,*,#4477,.T.);
#2059=ORIENTED_EDGE('',*,*,#4478,.F.);
#2060=ORIENTED_EDGE('',*,*,#4479,.F.);
#2061=ORIENTED_EDGE('',*,*,#4480,.T.);
#2062=ORIENTED_EDGE('',*,*,#4481,.T.);
#2063=ORIENTED_EDGE('',*,*,#4480,.F.);
#2064=ORIENTED_EDGE('',*,*,#4482,.F.);
#2065=ORIENTED_EDGE('',*,*,#4483,.T.);
#2066=ORIENTED_EDGE('',*,*,#4484,.T.);
#2067=ORIENTED_EDGE('',*,*,#4483,.F.);
#2068=ORIENTED_EDGE('',*,*,#4485,.F.);
#2069=ORIENTED_EDGE('',*,*,#4486,.T.);
#2070=ORIENTED_EDGE('',*,*,#4487,.T.);
#2071=ORIENTED_EDGE('',*,*,#4486,.F.);
#2072=ORIENTED_EDGE('',*,*,#4488,.F.);
#2073=ORIENTED_EDGE('',*,*,#4489,.T.);
#2074=ORIENTED_EDGE('',*,*,#4490,.T.);
#2075=ORIENTED_EDGE('',*,*,#4489,.F.);
#2076=ORIENTED_EDGE('',*,*,#4491,.F.);
#2077=ORIENTED_EDGE('',*,*,#4492,.T.);
#2078=ORIENTED_EDGE('',*,*,#4493,.T.);
#2079=ORIENTED_EDGE('',*,*,#4492,.F.);
#2080=ORIENTED_EDGE('',*,*,#4494,.F.);
#2081=ORIENTED_EDGE('',*,*,#4495,.T.);
#2082=ORIENTED_EDGE('',*,*,#4496,.T.);
#2083=ORIENTED_EDGE('',*,*,#4495,.F.);
#2084=ORIENTED_EDGE('',*,*,#4497,.F.);
#2085=ORIENTED_EDGE('',*,*,#4498,.T.);
#2086=ORIENTED_EDGE('',*,*,#4499,.T.);
#2087=ORIENTED_EDGE('',*,*,#4498,.F.);
#2088=ORIENTED_EDGE('',*,*,#4500,.F.);
#2089=ORIENTED_EDGE('',*,*,#4478,.T.);
#2090=ORIENTED_EDGE('',*,*,#4479,.T.);
#2091=ORIENTED_EDGE('',*,*,#4500,.T.);
#2092=ORIENTED_EDGE('',*,*,#4497,.T.);
#2093=ORIENTED_EDGE('',*,*,#4494,.T.);
#2094=ORIENTED_EDGE('',*,*,#4491,.T.);
#2095=ORIENTED_EDGE('',*,*,#4488,.T.);
#2096=ORIENTED_EDGE('',*,*,#4485,.T.);
#2097=ORIENTED_EDGE('',*,*,#4482,.T.);
#2098=ORIENTED_EDGE('',*,*,#4477,.F.);
#2099=ORIENTED_EDGE('',*,*,#4481,.F.);
#2100=ORIENTED_EDGE('',*,*,#4484,.F.);
#2101=ORIENTED_EDGE('',*,*,#4487,.F.);
#2102=ORIENTED_EDGE('',*,*,#4490,.F.);
#2103=ORIENTED_EDGE('',*,*,#4493,.F.);
#2104=ORIENTED_EDGE('',*,*,#4496,.F.);
#2105=ORIENTED_EDGE('',*,*,#4499,.F.);
#2106=ORIENTED_EDGE('',*,*,#4501,.T.);
#2107=ORIENTED_EDGE('',*,*,#4502,.F.);
#2108=ORIENTED_EDGE('',*,*,#4503,.F.);
#2109=ORIENTED_EDGE('',*,*,#4504,.T.);
#2110=ORIENTED_EDGE('',*,*,#4505,.T.);
#2111=ORIENTED_EDGE('',*,*,#4504,.F.);
#2112=ORIENTED_EDGE('',*,*,#4506,.F.);
#2113=ORIENTED_EDGE('',*,*,#4507,.T.);
#2114=ORIENTED_EDGE('',*,*,#4508,.T.);
#2115=ORIENTED_EDGE('',*,*,#4507,.F.);
#2116=ORIENTED_EDGE('',*,*,#4509,.F.);
#2117=ORIENTED_EDGE('',*,*,#4510,.T.);
#2118=ORIENTED_EDGE('',*,*,#4511,.T.);
#2119=ORIENTED_EDGE('',*,*,#4510,.F.);
#2120=ORIENTED_EDGE('',*,*,#4512,.F.);
#2121=ORIENTED_EDGE('',*,*,#4513,.T.);
#2122=ORIENTED_EDGE('',*,*,#4514,.T.);
#2123=ORIENTED_EDGE('',*,*,#4513,.F.);
#2124=ORIENTED_EDGE('',*,*,#4515,.F.);
#2125=ORIENTED_EDGE('',*,*,#4516,.T.);
#2126=ORIENTED_EDGE('',*,*,#4517,.T.);
#2127=ORIENTED_EDGE('',*,*,#4516,.F.);
#2128=ORIENTED_EDGE('',*,*,#4518,.F.);
#2129=ORIENTED_EDGE('',*,*,#4519,.T.);
#2130=ORIENTED_EDGE('',*,*,#4520,.T.);
#2131=ORIENTED_EDGE('',*,*,#4519,.F.);
#2132=ORIENTED_EDGE('',*,*,#4521,.F.);
#2133=ORIENTED_EDGE('',*,*,#4522,.T.);
#2134=ORIENTED_EDGE('',*,*,#4523,.T.);
#2135=ORIENTED_EDGE('',*,*,#4522,.F.);
#2136=ORIENTED_EDGE('',*,*,#4524,.F.);
#2137=ORIENTED_EDGE('',*,*,#4525,.T.);
#2138=ORIENTED_EDGE('',*,*,#4526,.T.);
#2139=ORIENTED_EDGE('',*,*,#4525,.F.);
#2140=ORIENTED_EDGE('',*,*,#4527,.F.);
#2141=ORIENTED_EDGE('',*,*,#4528,.T.);
#2142=ORIENTED_EDGE('',*,*,#4529,.T.);
#2143=ORIENTED_EDGE('',*,*,#4528,.F.);
#2144=ORIENTED_EDGE('',*,*,#4530,.F.);
#2145=ORIENTED_EDGE('',*,*,#4531,.T.);
#2146=ORIENTED_EDGE('',*,*,#4532,.T.);
#2147=ORIENTED_EDGE('',*,*,#4531,.F.);
#2148=ORIENTED_EDGE('',*,*,#4533,.F.);
#2149=ORIENTED_EDGE('',*,*,#4534,.T.);
#2150=ORIENTED_EDGE('',*,*,#4535,.T.);
#2151=ORIENTED_EDGE('',*,*,#4534,.F.);
#2152=ORIENTED_EDGE('',*,*,#4536,.F.);
#2153=ORIENTED_EDGE('',*,*,#4537,.T.);
#2154=ORIENTED_EDGE('',*,*,#4538,.T.);
#2155=ORIENTED_EDGE('',*,*,#4537,.F.);
#2156=ORIENTED_EDGE('',*,*,#4539,.F.);
#2157=ORIENTED_EDGE('',*,*,#4502,.T.);
#2158=ORIENTED_EDGE('',*,*,#4503,.T.);
#2159=ORIENTED_EDGE('',*,*,#4539,.T.);
#2160=ORIENTED_EDGE('',*,*,#4536,.T.);
#2161=ORIENTED_EDGE('',*,*,#4533,.T.);
#2162=ORIENTED_EDGE('',*,*,#4530,.T.);
#2163=ORIENTED_EDGE('',*,*,#4527,.T.);
#2164=ORIENTED_EDGE('',*,*,#4524,.T.);
#2165=ORIENTED_EDGE('',*,*,#4521,.T.);
#2166=ORIENTED_EDGE('',*,*,#4518,.T.);
#2167=ORIENTED_EDGE('',*,*,#4515,.T.);
#2168=ORIENTED_EDGE('',*,*,#4512,.T.);
#2169=ORIENTED_EDGE('',*,*,#4509,.T.);
#2170=ORIENTED_EDGE('',*,*,#4506,.T.);
#2171=ORIENTED_EDGE('',*,*,#4501,.F.);
#2172=ORIENTED_EDGE('',*,*,#4505,.F.);
#2173=ORIENTED_EDGE('',*,*,#4508,.F.);
#2174=ORIENTED_EDGE('',*,*,#4511,.F.);
#2175=ORIENTED_EDGE('',*,*,#4514,.F.);
#2176=ORIENTED_EDGE('',*,*,#4517,.F.);
#2177=ORIENTED_EDGE('',*,*,#4520,.F.);
#2178=ORIENTED_EDGE('',*,*,#4523,.F.);
#2179=ORIENTED_EDGE('',*,*,#4526,.F.);
#2180=ORIENTED_EDGE('',*,*,#4529,.F.);
#2181=ORIENTED_EDGE('',*,*,#4532,.F.);
#2182=ORIENTED_EDGE('',*,*,#4535,.F.);
#2183=ORIENTED_EDGE('',*,*,#4538,.F.);
#2184=ORIENTED_EDGE('',*,*,#4540,.T.);
#2185=ORIENTED_EDGE('',*,*,#4541,.F.);
#2186=ORIENTED_EDGE('',*,*,#4542,.F.);
#2187=ORIENTED_EDGE('',*,*,#4543,.T.);
#2188=ORIENTED_EDGE('',*,*,#4544,.T.);
#2189=ORIENTED_EDGE('',*,*,#4543,.F.);
#2190=ORIENTED_EDGE('',*,*,#4545,.F.);
#2191=ORIENTED_EDGE('',*,*,#4546,.T.);
#2192=ORIENTED_EDGE('',*,*,#4547,.T.);
#2193=ORIENTED_EDGE('',*,*,#4546,.F.);
#2194=ORIENTED_EDGE('',*,*,#4548,.F.);
#2195=ORIENTED_EDGE('',*,*,#4549,.T.);
#2196=ORIENTED_EDGE('',*,*,#4550,.T.);
#2197=ORIENTED_EDGE('',*,*,#4549,.F.);
#2198=ORIENTED_EDGE('',*,*,#4551,.F.);
#2199=ORIENTED_EDGE('',*,*,#4541,.T.);
#2200=ORIENTED_EDGE('',*,*,#4542,.T.);
#2201=ORIENTED_EDGE('',*,*,#4551,.T.);
#2202=ORIENTED_EDGE('',*,*,#4548,.T.);
#2203=ORIENTED_EDGE('',*,*,#4545,.T.);
#2204=ORIENTED_EDGE('',*,*,#4540,.F.);
#2205=ORIENTED_EDGE('',*,*,#4544,.F.);
#2206=ORIENTED_EDGE('',*,*,#4547,.F.);
#2207=ORIENTED_EDGE('',*,*,#4550,.F.);
#2208=ORIENTED_EDGE('',*,*,#4552,.T.);
#2209=ORIENTED_EDGE('',*,*,#4553,.F.);
#2210=ORIENTED_EDGE('',*,*,#4554,.F.);
#2211=ORIENTED_EDGE('',*,*,#4555,.T.);
#2212=ORIENTED_EDGE('',*,*,#4556,.T.);
#2213=ORIENTED_EDGE('',*,*,#4555,.F.);
#2214=ORIENTED_EDGE('',*,*,#4557,.F.);
#2215=ORIENTED_EDGE('',*,*,#4558,.T.);
#2216=ORIENTED_EDGE('',*,*,#4559,.T.);
#2217=ORIENTED_EDGE('',*,*,#4558,.F.);
#2218=ORIENTED_EDGE('',*,*,#4560,.F.);
#2219=ORIENTED_EDGE('',*,*,#4561,.T.);
#2220=ORIENTED_EDGE('',*,*,#4562,.T.);
#2221=ORIENTED_EDGE('',*,*,#4561,.F.);
#2222=ORIENTED_EDGE('',*,*,#4563,.F.);
#2223=ORIENTED_EDGE('',*,*,#4564,.T.);
#2224=ORIENTED_EDGE('',*,*,#4565,.T.);
#2225=ORIENTED_EDGE('',*,*,#4564,.F.);
#2226=ORIENTED_EDGE('',*,*,#4566,.F.);
#2227=ORIENTED_EDGE('',*,*,#4567,.T.);
#2228=ORIENTED_EDGE('',*,*,#4568,.T.);
#2229=ORIENTED_EDGE('',*,*,#4567,.F.);
#2230=ORIENTED_EDGE('',*,*,#4569,.F.);
#2231=ORIENTED_EDGE('',*,*,#4570,.T.);
#2232=ORIENTED_EDGE('',*,*,#4571,.T.);
#2233=ORIENTED_EDGE('',*,*,#4570,.F.);
#2234=ORIENTED_EDGE('',*,*,#4572,.F.);
#2235=ORIENTED_EDGE('',*,*,#4573,.T.);
#2236=ORIENTED_EDGE('',*,*,#4574,.T.);
#2237=ORIENTED_EDGE('',*,*,#4573,.F.);
#2238=ORIENTED_EDGE('',*,*,#4575,.F.);
#2239=ORIENTED_EDGE('',*,*,#4576,.T.);
#2240=ORIENTED_EDGE('',*,*,#4577,.T.);
#2241=ORIENTED_EDGE('',*,*,#4576,.F.);
#2242=ORIENTED_EDGE('',*,*,#4578,.F.);
#2243=ORIENTED_EDGE('',*,*,#4579,.T.);
#2244=ORIENTED_EDGE('',*,*,#4580,.T.);
#2245=ORIENTED_EDGE('',*,*,#4581,.F.);
#2246=ORIENTED_EDGE('',*,*,#4582,.F.);
#2247=ORIENTED_EDGE('',*,*,#4583,.T.);
#2248=ORIENTED_EDGE('',*,*,#4584,.T.);
#2249=ORIENTED_EDGE('',*,*,#4583,.F.);
#2250=ORIENTED_EDGE('',*,*,#4585,.F.);
#2251=ORIENTED_EDGE('',*,*,#4586,.T.);
#2252=ORIENTED_EDGE('',*,*,#4587,.T.);
#2253=ORIENTED_EDGE('',*,*,#4586,.F.);
#2254=ORIENTED_EDGE('',*,*,#4588,.F.);
#2255=ORIENTED_EDGE('',*,*,#4589,.T.);
#2256=ORIENTED_EDGE('',*,*,#4590,.T.);
#2257=ORIENTED_EDGE('',*,*,#4589,.F.);
#2258=ORIENTED_EDGE('',*,*,#4591,.F.);
#2259=ORIENTED_EDGE('',*,*,#4592,.T.);
#2260=ORIENTED_EDGE('',*,*,#4593,.T.);
#2261=ORIENTED_EDGE('',*,*,#4592,.F.);
#2262=ORIENTED_EDGE('',*,*,#4594,.F.);
#2263=ORIENTED_EDGE('',*,*,#4595,.T.);
#2264=ORIENTED_EDGE('',*,*,#4596,.T.);
#2265=ORIENTED_EDGE('',*,*,#4595,.F.);
#2266=ORIENTED_EDGE('',*,*,#4597,.F.);
#2267=ORIENTED_EDGE('',*,*,#4598,.T.);
#2268=ORIENTED_EDGE('',*,*,#4599,.T.);
#2269=ORIENTED_EDGE('',*,*,#4598,.F.);
#2270=ORIENTED_EDGE('',*,*,#4600,.F.);
#2271=ORIENTED_EDGE('',*,*,#4601,.T.);
#2272=ORIENTED_EDGE('',*,*,#4602,.T.);
#2273=ORIENTED_EDGE('',*,*,#4601,.F.);
#2274=ORIENTED_EDGE('',*,*,#4603,.F.);
#2275=ORIENTED_EDGE('',*,*,#4604,.T.);
#2276=ORIENTED_EDGE('',*,*,#4605,.T.);
#2277=ORIENTED_EDGE('',*,*,#4604,.F.);
#2278=ORIENTED_EDGE('',*,*,#4606,.F.);
#2279=ORIENTED_EDGE('',*,*,#4607,.T.);
#2280=ORIENTED_EDGE('',*,*,#4608,.T.);
#2281=ORIENTED_EDGE('',*,*,#4607,.F.);
#2282=ORIENTED_EDGE('',*,*,#4609,.F.);
#2283=ORIENTED_EDGE('',*,*,#4610,.T.);
#2284=ORIENTED_EDGE('',*,*,#4611,.T.);
#2285=ORIENTED_EDGE('',*,*,#4610,.F.);
#2286=ORIENTED_EDGE('',*,*,#4612,.F.);
#2287=ORIENTED_EDGE('',*,*,#4613,.T.);
#2288=ORIENTED_EDGE('',*,*,#4614,.T.);
#2289=ORIENTED_EDGE('',*,*,#4613,.F.);
#2290=ORIENTED_EDGE('',*,*,#4615,.F.);
#2291=ORIENTED_EDGE('',*,*,#4581,.T.);
#2292=ORIENTED_EDGE('',*,*,#4616,.T.);
#2293=ORIENTED_EDGE('',*,*,#4579,.F.);
#2294=ORIENTED_EDGE('',*,*,#4617,.F.);
#2295=ORIENTED_EDGE('',*,*,#4553,.T.);
#2296=ORIENTED_EDGE('',*,*,#4582,.T.);
#2297=ORIENTED_EDGE('',*,*,#4615,.T.);
#2298=ORIENTED_EDGE('',*,*,#4612,.T.);
#2299=ORIENTED_EDGE('',*,*,#4609,.T.);
#2300=ORIENTED_EDGE('',*,*,#4606,.T.);
#2301=ORIENTED_EDGE('',*,*,#4603,.T.);
#2302=ORIENTED_EDGE('',*,*,#4600,.T.);
#2303=ORIENTED_EDGE('',*,*,#4597,.T.);
#2304=ORIENTED_EDGE('',*,*,#4594,.T.);
#2305=ORIENTED_EDGE('',*,*,#4591,.T.);
#2306=ORIENTED_EDGE('',*,*,#4588,.T.);
#2307=ORIENTED_EDGE('',*,*,#4585,.T.);
#2308=ORIENTED_EDGE('',*,*,#4554,.T.);
#2309=ORIENTED_EDGE('',*,*,#4617,.T.);
#2310=ORIENTED_EDGE('',*,*,#4578,.T.);
#2311=ORIENTED_EDGE('',*,*,#4575,.T.);
#2312=ORIENTED_EDGE('',*,*,#4572,.T.);
#2313=ORIENTED_EDGE('',*,*,#4569,.T.);
#2314=ORIENTED_EDGE('',*,*,#4566,.T.);
#2315=ORIENTED_EDGE('',*,*,#4563,.T.);
#2316=ORIENTED_EDGE('',*,*,#4560,.T.);
#2317=ORIENTED_EDGE('',*,*,#4557,.T.);
#2318=ORIENTED_EDGE('',*,*,#4580,.F.);
#2319=ORIENTED_EDGE('',*,*,#4584,.F.);
#2320=ORIENTED_EDGE('',*,*,#4587,.F.);
#2321=ORIENTED_EDGE('',*,*,#4590,.F.);
#2322=ORIENTED_EDGE('',*,*,#4593,.F.);
#2323=ORIENTED_EDGE('',*,*,#4596,.F.);
#2324=ORIENTED_EDGE('',*,*,#4599,.F.);
#2325=ORIENTED_EDGE('',*,*,#4602,.F.);
#2326=ORIENTED_EDGE('',*,*,#4605,.F.);
#2327=ORIENTED_EDGE('',*,*,#4608,.F.);
#2328=ORIENTED_EDGE('',*,*,#4611,.F.);
#2329=ORIENTED_EDGE('',*,*,#4614,.F.);
#2330=ORIENTED_EDGE('',*,*,#4552,.F.);
#2331=ORIENTED_EDGE('',*,*,#4556,.F.);
#2332=ORIENTED_EDGE('',*,*,#4559,.F.);
#2333=ORIENTED_EDGE('',*,*,#4562,.F.);
#2334=ORIENTED_EDGE('',*,*,#4565,.F.);
#2335=ORIENTED_EDGE('',*,*,#4568,.F.);
#2336=ORIENTED_EDGE('',*,*,#4571,.F.);
#2337=ORIENTED_EDGE('',*,*,#4574,.F.);
#2338=ORIENTED_EDGE('',*,*,#4577,.F.);
#2339=ORIENTED_EDGE('',*,*,#4616,.F.);
#2340=ORIENTED_EDGE('',*,*,#4618,.T.);
#2341=ORIENTED_EDGE('',*,*,#4619,.F.);
#2342=ORIENTED_EDGE('',*,*,#4620,.F.);
#2343=ORIENTED_EDGE('',*,*,#4621,.T.);
#2344=ORIENTED_EDGE('',*,*,#4622,.T.);
#2345=ORIENTED_EDGE('',*,*,#4621,.F.);
#2346=ORIENTED_EDGE('',*,*,#4623,.F.);
#2347=ORIENTED_EDGE('',*,*,#4624,.T.);
#2348=ORIENTED_EDGE('',*,*,#4625,.T.);
#2349=ORIENTED_EDGE('',*,*,#4624,.F.);
#2350=ORIENTED_EDGE('',*,*,#4626,.F.);
#2351=ORIENTED_EDGE('',*,*,#4627,.T.);
#2352=ORIENTED_EDGE('',*,*,#4628,.T.);
#2353=ORIENTED_EDGE('',*,*,#4627,.F.);
#2354=ORIENTED_EDGE('',*,*,#4629,.F.);
#2355=ORIENTED_EDGE('',*,*,#4630,.T.);
#2356=ORIENTED_EDGE('',*,*,#4631,.T.);
#2357=ORIENTED_EDGE('',*,*,#4630,.F.);
#2358=ORIENTED_EDGE('',*,*,#4632,.F.);
#2359=ORIENTED_EDGE('',*,*,#4633,.T.);
#2360=ORIENTED_EDGE('',*,*,#4634,.T.);
#2361=ORIENTED_EDGE('',*,*,#4633,.F.);
#2362=ORIENTED_EDGE('',*,*,#4635,.F.);
#2363=ORIENTED_EDGE('',*,*,#4636,.T.);
#2364=ORIENTED_EDGE('',*,*,#4637,.T.);
#2365=ORIENTED_EDGE('',*,*,#4636,.F.);
#2366=ORIENTED_EDGE('',*,*,#4638,.F.);
#2367=ORIENTED_EDGE('',*,*,#4639,.T.);
#2368=ORIENTED_EDGE('',*,*,#4640,.T.);
#2369=ORIENTED_EDGE('',*,*,#4639,.F.);
#2370=ORIENTED_EDGE('',*,*,#4641,.F.);
#2371=ORIENTED_EDGE('',*,*,#4642,.T.);
#2372=ORIENTED_EDGE('',*,*,#4643,.T.);
#2373=ORIENTED_EDGE('',*,*,#4642,.F.);
#2374=ORIENTED_EDGE('',*,*,#4644,.F.);
#2375=ORIENTED_EDGE('',*,*,#4645,.T.);
#2376=ORIENTED_EDGE('',*,*,#4646,.T.);
#2377=ORIENTED_EDGE('',*,*,#4645,.F.);
#2378=ORIENTED_EDGE('',*,*,#4647,.F.);
#2379=ORIENTED_EDGE('',*,*,#4648,.T.);
#2380=ORIENTED_EDGE('',*,*,#4649,.T.);
#2381=ORIENTED_EDGE('',*,*,#4648,.F.);
#2382=ORIENTED_EDGE('',*,*,#4650,.F.);
#2383=ORIENTED_EDGE('',*,*,#4651,.T.);
#2384=ORIENTED_EDGE('',*,*,#4652,.T.);
#2385=ORIENTED_EDGE('',*,*,#4653,.F.);
#2386=ORIENTED_EDGE('',*,*,#4654,.F.);
#2387=ORIENTED_EDGE('',*,*,#4655,.T.);
#2388=ORIENTED_EDGE('',*,*,#4656,.T.);
#2389=ORIENTED_EDGE('',*,*,#4655,.F.);
#2390=ORIENTED_EDGE('',*,*,#4657,.F.);
#2391=ORIENTED_EDGE('',*,*,#4658,.T.);
#2392=ORIENTED_EDGE('',*,*,#4659,.T.);
#2393=ORIENTED_EDGE('',*,*,#4658,.F.);
#2394=ORIENTED_EDGE('',*,*,#4660,.F.);
#2395=ORIENTED_EDGE('',*,*,#4661,.T.);
#2396=ORIENTED_EDGE('',*,*,#4662,.T.);
#2397=ORIENTED_EDGE('',*,*,#4661,.F.);
#2398=ORIENTED_EDGE('',*,*,#4663,.F.);
#2399=ORIENTED_EDGE('',*,*,#4664,.T.);
#2400=ORIENTED_EDGE('',*,*,#4665,.T.);
#2401=ORIENTED_EDGE('',*,*,#4664,.F.);
#2402=ORIENTED_EDGE('',*,*,#4666,.F.);
#2403=ORIENTED_EDGE('',*,*,#4667,.T.);
#2404=ORIENTED_EDGE('',*,*,#4668,.T.);
#2405=ORIENTED_EDGE('',*,*,#4667,.F.);
#2406=ORIENTED_EDGE('',*,*,#4669,.F.);
#2407=ORIENTED_EDGE('',*,*,#4670,.T.);
#2408=ORIENTED_EDGE('',*,*,#4671,.T.);
#2409=ORIENTED_EDGE('',*,*,#4670,.F.);
#2410=ORIENTED_EDGE('',*,*,#4672,.F.);
#2411=ORIENTED_EDGE('',*,*,#4673,.T.);
#2412=ORIENTED_EDGE('',*,*,#4674,.T.);
#2413=ORIENTED_EDGE('',*,*,#4673,.F.);
#2414=ORIENTED_EDGE('',*,*,#4675,.F.);
#2415=ORIENTED_EDGE('',*,*,#4676,.T.);
#2416=ORIENTED_EDGE('',*,*,#4677,.T.);
#2417=ORIENTED_EDGE('',*,*,#4676,.F.);
#2418=ORIENTED_EDGE('',*,*,#4678,.F.);
#2419=ORIENTED_EDGE('',*,*,#4679,.T.);
#2420=ORIENTED_EDGE('',*,*,#4680,.T.);
#2421=ORIENTED_EDGE('',*,*,#4679,.F.);
#2422=ORIENTED_EDGE('',*,*,#4681,.F.);
#2423=ORIENTED_EDGE('',*,*,#4682,.T.);
#2424=ORIENTED_EDGE('',*,*,#4683,.T.);
#2425=ORIENTED_EDGE('',*,*,#4682,.F.);
#2426=ORIENTED_EDGE('',*,*,#4684,.F.);
#2427=ORIENTED_EDGE('',*,*,#4685,.T.);
#2428=ORIENTED_EDGE('',*,*,#4686,.T.);
#2429=ORIENTED_EDGE('',*,*,#4685,.F.);
#2430=ORIENTED_EDGE('',*,*,#4687,.F.);
#2431=ORIENTED_EDGE('',*,*,#4688,.T.);
#2432=ORIENTED_EDGE('',*,*,#4689,.T.);
#2433=ORIENTED_EDGE('',*,*,#4688,.F.);
#2434=ORIENTED_EDGE('',*,*,#4690,.F.);
#2435=ORIENTED_EDGE('',*,*,#4691,.T.);
#2436=ORIENTED_EDGE('',*,*,#4692,.T.);
#2437=ORIENTED_EDGE('',*,*,#4691,.F.);
#2438=ORIENTED_EDGE('',*,*,#4693,.F.);
#2439=ORIENTED_EDGE('',*,*,#4694,.T.);
#2440=ORIENTED_EDGE('',*,*,#4695,.T.);
#2441=ORIENTED_EDGE('',*,*,#4694,.F.);
#2442=ORIENTED_EDGE('',*,*,#4696,.F.);
#2443=ORIENTED_EDGE('',*,*,#4697,.T.);
#2444=ORIENTED_EDGE('',*,*,#4698,.T.);
#2445=ORIENTED_EDGE('',*,*,#4697,.F.);
#2446=ORIENTED_EDGE('',*,*,#4699,.F.);
#2447=ORIENTED_EDGE('',*,*,#4653,.T.);
#2448=ORIENTED_EDGE('',*,*,#4700,.T.);
#2449=ORIENTED_EDGE('',*,*,#4651,.F.);
#2450=ORIENTED_EDGE('',*,*,#4701,.F.);
#2451=ORIENTED_EDGE('',*,*,#4619,.T.);
#2452=ORIENTED_EDGE('',*,*,#4654,.T.);
#2453=ORIENTED_EDGE('',*,*,#4699,.T.);
#2454=ORIENTED_EDGE('',*,*,#4696,.T.);
#2455=ORIENTED_EDGE('',*,*,#4693,.T.);
#2456=ORIENTED_EDGE('',*,*,#4690,.T.);
#2457=ORIENTED_EDGE('',*,*,#4687,.T.);
#2458=ORIENTED_EDGE('',*,*,#4684,.T.);
#2459=ORIENTED_EDGE('',*,*,#4681,.T.);
#2460=ORIENTED_EDGE('',*,*,#4678,.T.);
#2461=ORIENTED_EDGE('',*,*,#4675,.T.);
#2462=ORIENTED_EDGE('',*,*,#4672,.T.);
#2463=ORIENTED_EDGE('',*,*,#4669,.T.);
#2464=ORIENTED_EDGE('',*,*,#4666,.T.);
#2465=ORIENTED_EDGE('',*,*,#4663,.T.);
#2466=ORIENTED_EDGE('',*,*,#4660,.T.);
#2467=ORIENTED_EDGE('',*,*,#4657,.T.);
#2468=ORIENTED_EDGE('',*,*,#4620,.T.);
#2469=ORIENTED_EDGE('',*,*,#4701,.T.);
#2470=ORIENTED_EDGE('',*,*,#4650,.T.);
#2471=ORIENTED_EDGE('',*,*,#4647,.T.);
#2472=ORIENTED_EDGE('',*,*,#4644,.T.);
#2473=ORIENTED_EDGE('',*,*,#4641,.T.);
#2474=ORIENTED_EDGE('',*,*,#4638,.T.);
#2475=ORIENTED_EDGE('',*,*,#4635,.T.);
#2476=ORIENTED_EDGE('',*,*,#4632,.T.);
#2477=ORIENTED_EDGE('',*,*,#4629,.T.);
#2478=ORIENTED_EDGE('',*,*,#4626,.T.);
#2479=ORIENTED_EDGE('',*,*,#4623,.T.);
#2480=ORIENTED_EDGE('',*,*,#4652,.F.);
#2481=ORIENTED_EDGE('',*,*,#4656,.F.);
#2482=ORIENTED_EDGE('',*,*,#4659,.F.);
#2483=ORIENTED_EDGE('',*,*,#4662,.F.);
#2484=ORIENTED_EDGE('',*,*,#4665,.F.);
#2485=ORIENTED_EDGE('',*,*,#4668,.F.);
#2486=ORIENTED_EDGE('',*,*,#4671,.F.);
#2487=ORIENTED_EDGE('',*,*,#4674,.F.);
#2488=ORIENTED_EDGE('',*,*,#4677,.F.);
#2489=ORIENTED_EDGE('',*,*,#4680,.F.);
#2490=ORIENTED_EDGE('',*,*,#4683,.F.);
#2491=ORIENTED_EDGE('',*,*,#4686,.F.);
#2492=ORIENTED_EDGE('',*,*,#4689,.F.);
#2493=ORIENTED_EDGE('',*,*,#4692,.F.);
#2494=ORIENTED_EDGE('',*,*,#4695,.F.);
#2495=ORIENTED_EDGE('',*,*,#4698,.F.);
#2496=ORIENTED_EDGE('',*,*,#4618,.F.);
#2497=ORIENTED_EDGE('',*,*,#4622,.F.);
#2498=ORIENTED_EDGE('',*,*,#4625,.F.);
#2499=ORIENTED_EDGE('',*,*,#4628,.F.);
#2500=ORIENTED_EDGE('',*,*,#4631,.F.);
#2501=ORIENTED_EDGE('',*,*,#4634,.F.);
#2502=ORIENTED_EDGE('',*,*,#4637,.F.);
#2503=ORIENTED_EDGE('',*,*,#4640,.F.);
#2504=ORIENTED_EDGE('',*,*,#4643,.F.);
#2505=ORIENTED_EDGE('',*,*,#4646,.F.);
#2506=ORIENTED_EDGE('',*,*,#4649,.F.);
#2507=ORIENTED_EDGE('',*,*,#4700,.F.);
#2508=ORIENTED_EDGE('',*,*,#4702,.T.);
#2509=ORIENTED_EDGE('',*,*,#4703,.F.);
#2510=ORIENTED_EDGE('',*,*,#4704,.F.);
#2511=ORIENTED_EDGE('',*,*,#4705,.T.);
#2512=ORIENTED_EDGE('',*,*,#4706,.T.);
#2513=ORIENTED_EDGE('',*,*,#4705,.F.);
#2514=ORIENTED_EDGE('',*,*,#4707,.F.);
#2515=ORIENTED_EDGE('',*,*,#4708,.T.);
#2516=ORIENTED_EDGE('',*,*,#4709,.T.);
#2517=ORIENTED_EDGE('',*,*,#4708,.F.);
#2518=ORIENTED_EDGE('',*,*,#4710,.F.);
#2519=ORIENTED_EDGE('',*,*,#4711,.T.);
#2520=ORIENTED_EDGE('',*,*,#4712,.T.);
#2521=ORIENTED_EDGE('',*,*,#4711,.F.);
#2522=ORIENTED_EDGE('',*,*,#4713,.F.);
#2523=ORIENTED_EDGE('',*,*,#4714,.T.);
#2524=ORIENTED_EDGE('',*,*,#4715,.T.);
#2525=ORIENTED_EDGE('',*,*,#4714,.F.);
#2526=ORIENTED_EDGE('',*,*,#4716,.F.);
#2527=ORIENTED_EDGE('',*,*,#4717,.T.);
#2528=ORIENTED_EDGE('',*,*,#4718,.T.);
#2529=ORIENTED_EDGE('',*,*,#4717,.F.);
#2530=ORIENTED_EDGE('',*,*,#4719,.F.);
#2531=ORIENTED_EDGE('',*,*,#4720,.T.);
#2532=ORIENTED_EDGE('',*,*,#4721,.T.);
#2533=ORIENTED_EDGE('',*,*,#4720,.F.);
#2534=ORIENTED_EDGE('',*,*,#4722,.F.);
#2535=ORIENTED_EDGE('',*,*,#4723,.T.);
#2536=ORIENTED_EDGE('',*,*,#4724,.T.);
#2537=ORIENTED_EDGE('',*,*,#4723,.F.);
#2538=ORIENTED_EDGE('',*,*,#4725,.F.);
#2539=ORIENTED_EDGE('',*,*,#4726,.T.);
#2540=ORIENTED_EDGE('',*,*,#4727,.T.);
#2541=ORIENTED_EDGE('',*,*,#4726,.F.);
#2542=ORIENTED_EDGE('',*,*,#4728,.F.);
#2543=ORIENTED_EDGE('',*,*,#4729,.T.);
#2544=ORIENTED_EDGE('',*,*,#4730,.T.);
#2545=ORIENTED_EDGE('',*,*,#4731,.F.);
#2546=ORIENTED_EDGE('',*,*,#4732,.F.);
#2547=ORIENTED_EDGE('',*,*,#4733,.T.);
#2548=ORIENTED_EDGE('',*,*,#4734,.T.);
#2549=ORIENTED_EDGE('',*,*,#4733,.F.);
#2550=ORIENTED_EDGE('',*,*,#4735,.F.);
#2551=ORIENTED_EDGE('',*,*,#4736,.T.);
#2552=ORIENTED_EDGE('',*,*,#4737,.T.);
#2553=ORIENTED_EDGE('',*,*,#4736,.F.);
#2554=ORIENTED_EDGE('',*,*,#4738,.F.);
#2555=ORIENTED_EDGE('',*,*,#4739,.T.);
#2556=ORIENTED_EDGE('',*,*,#4740,.T.);
#2557=ORIENTED_EDGE('',*,*,#4739,.F.);
#2558=ORIENTED_EDGE('',*,*,#4741,.F.);
#2559=ORIENTED_EDGE('',*,*,#4742,.T.);
#2560=ORIENTED_EDGE('',*,*,#4743,.T.);
#2561=ORIENTED_EDGE('',*,*,#4742,.F.);
#2562=ORIENTED_EDGE('',*,*,#4744,.F.);
#2563=ORIENTED_EDGE('',*,*,#4745,.T.);
#2564=ORIENTED_EDGE('',*,*,#4746,.T.);
#2565=ORIENTED_EDGE('',*,*,#4745,.F.);
#2566=ORIENTED_EDGE('',*,*,#4747,.F.);
#2567=ORIENTED_EDGE('',*,*,#4748,.T.);
#2568=ORIENTED_EDGE('',*,*,#4749,.T.);
#2569=ORIENTED_EDGE('',*,*,#4748,.F.);
#2570=ORIENTED_EDGE('',*,*,#4750,.F.);
#2571=ORIENTED_EDGE('',*,*,#4751,.T.);
#2572=ORIENTED_EDGE('',*,*,#4752,.T.);
#2573=ORIENTED_EDGE('',*,*,#4751,.F.);
#2574=ORIENTED_EDGE('',*,*,#4753,.F.);
#2575=ORIENTED_EDGE('',*,*,#4754,.T.);
#2576=ORIENTED_EDGE('',*,*,#4755,.T.);
#2577=ORIENTED_EDGE('',*,*,#4754,.F.);
#2578=ORIENTED_EDGE('',*,*,#4756,.F.);
#2579=ORIENTED_EDGE('',*,*,#4757,.T.);
#2580=ORIENTED_EDGE('',*,*,#4758,.T.);
#2581=ORIENTED_EDGE('',*,*,#4757,.F.);
#2582=ORIENTED_EDGE('',*,*,#4759,.F.);
#2583=ORIENTED_EDGE('',*,*,#4760,.T.);
#2584=ORIENTED_EDGE('',*,*,#4761,.T.);
#2585=ORIENTED_EDGE('',*,*,#4760,.F.);
#2586=ORIENTED_EDGE('',*,*,#4762,.F.);
#2587=ORIENTED_EDGE('',*,*,#4763,.T.);
#2588=ORIENTED_EDGE('',*,*,#4764,.T.);
#2589=ORIENTED_EDGE('',*,*,#4763,.F.);
#2590=ORIENTED_EDGE('',*,*,#4765,.F.);
#2591=ORIENTED_EDGE('',*,*,#4731,.T.);
#2592=ORIENTED_EDGE('',*,*,#4766,.T.);
#2593=ORIENTED_EDGE('',*,*,#4729,.F.);
#2594=ORIENTED_EDGE('',*,*,#4767,.F.);
#2595=ORIENTED_EDGE('',*,*,#4703,.T.);
#2596=ORIENTED_EDGE('',*,*,#4732,.T.);
#2597=ORIENTED_EDGE('',*,*,#4765,.T.);
#2598=ORIENTED_EDGE('',*,*,#4762,.T.);
#2599=ORIENTED_EDGE('',*,*,#4759,.T.);
#2600=ORIENTED_EDGE('',*,*,#4756,.T.);
#2601=ORIENTED_EDGE('',*,*,#4753,.T.);
#2602=ORIENTED_EDGE('',*,*,#4750,.T.);
#2603=ORIENTED_EDGE('',*,*,#4747,.T.);
#2604=ORIENTED_EDGE('',*,*,#4744,.T.);
#2605=ORIENTED_EDGE('',*,*,#4741,.T.);
#2606=ORIENTED_EDGE('',*,*,#4738,.T.);
#2607=ORIENTED_EDGE('',*,*,#4735,.T.);
#2608=ORIENTED_EDGE('',*,*,#4704,.T.);
#2609=ORIENTED_EDGE('',*,*,#4767,.T.);
#2610=ORIENTED_EDGE('',*,*,#4728,.T.);
#2611=ORIENTED_EDGE('',*,*,#4725,.T.);
#2612=ORIENTED_EDGE('',*,*,#4722,.T.);
#2613=ORIENTED_EDGE('',*,*,#4719,.T.);
#2614=ORIENTED_EDGE('',*,*,#4716,.T.);
#2615=ORIENTED_EDGE('',*,*,#4713,.T.);
#2616=ORIENTED_EDGE('',*,*,#4710,.T.);
#2617=ORIENTED_EDGE('',*,*,#4707,.T.);
#2618=ORIENTED_EDGE('',*,*,#4730,.F.);
#2619=ORIENTED_EDGE('',*,*,#4734,.F.);
#2620=ORIENTED_EDGE('',*,*,#4737,.F.);
#2621=ORIENTED_EDGE('',*,*,#4740,.F.);
#2622=ORIENTED_EDGE('',*,*,#4743,.F.);
#2623=ORIENTED_EDGE('',*,*,#4746,.F.);
#2624=ORIENTED_EDGE('',*,*,#4749,.F.);
#2625=ORIENTED_EDGE('',*,*,#4752,.F.);
#2626=ORIENTED_EDGE('',*,*,#4755,.F.);
#2627=ORIENTED_EDGE('',*,*,#4758,.F.);
#2628=ORIENTED_EDGE('',*,*,#4761,.F.);
#2629=ORIENTED_EDGE('',*,*,#4764,.F.);
#2630=ORIENTED_EDGE('',*,*,#4702,.F.);
#2631=ORIENTED_EDGE('',*,*,#4706,.F.);
#2632=ORIENTED_EDGE('',*,*,#4709,.F.);
#2633=ORIENTED_EDGE('',*,*,#4712,.F.);
#2634=ORIENTED_EDGE('',*,*,#4715,.F.);
#2635=ORIENTED_EDGE('',*,*,#4718,.F.);
#2636=ORIENTED_EDGE('',*,*,#4721,.F.);
#2637=ORIENTED_EDGE('',*,*,#4724,.F.);
#2638=ORIENTED_EDGE('',*,*,#4727,.F.);
#2639=ORIENTED_EDGE('',*,*,#4766,.F.);
#2640=ORIENTED_EDGE('',*,*,#4768,.T.);
#2641=ORIENTED_EDGE('',*,*,#4769,.F.);
#2642=ORIENTED_EDGE('',*,*,#4770,.F.);
#2643=ORIENTED_EDGE('',*,*,#4771,.T.);
#2644=ORIENTED_EDGE('',*,*,#4772,.T.);
#2645=ORIENTED_EDGE('',*,*,#4771,.F.);
#2646=ORIENTED_EDGE('',*,*,#4773,.F.);
#2647=ORIENTED_EDGE('',*,*,#4774,.T.);
#2648=ORIENTED_EDGE('',*,*,#4775,.T.);
#2649=ORIENTED_EDGE('',*,*,#4774,.F.);
#2650=ORIENTED_EDGE('',*,*,#4776,.F.);
#2651=ORIENTED_EDGE('',*,*,#4777,.T.);
#2652=ORIENTED_EDGE('',*,*,#4778,.T.);
#2653=ORIENTED_EDGE('',*,*,#4777,.F.);
#2654=ORIENTED_EDGE('',*,*,#4779,.F.);
#2655=ORIENTED_EDGE('',*,*,#4769,.T.);
#2656=ORIENTED_EDGE('',*,*,#4770,.T.);
#2657=ORIENTED_EDGE('',*,*,#4779,.T.);
#2658=ORIENTED_EDGE('',*,*,#4776,.T.);
#2659=ORIENTED_EDGE('',*,*,#4773,.T.);
#2660=ORIENTED_EDGE('',*,*,#4768,.F.);
#2661=ORIENTED_EDGE('',*,*,#4772,.F.);
#2662=ORIENTED_EDGE('',*,*,#4775,.F.);
#2663=ORIENTED_EDGE('',*,*,#4778,.F.);
#2664=ORIENTED_EDGE('',*,*,#4780,.T.);
#2665=ORIENTED_EDGE('',*,*,#4781,.F.);
#2666=ORIENTED_EDGE('',*,*,#4782,.F.);
#2667=ORIENTED_EDGE('',*,*,#4783,.T.);
#2668=ORIENTED_EDGE('',*,*,#4784,.T.);
#2669=ORIENTED_EDGE('',*,*,#4783,.F.);
#2670=ORIENTED_EDGE('',*,*,#4785,.F.);
#2671=ORIENTED_EDGE('',*,*,#4786,.T.);
#2672=ORIENTED_EDGE('',*,*,#4787,.T.);
#2673=ORIENTED_EDGE('',*,*,#4786,.F.);
#2674=ORIENTED_EDGE('',*,*,#4788,.F.);
#2675=ORIENTED_EDGE('',*,*,#4789,.T.);
#2676=ORIENTED_EDGE('',*,*,#4790,.T.);
#2677=ORIENTED_EDGE('',*,*,#4789,.F.);
#2678=ORIENTED_EDGE('',*,*,#4791,.F.);
#2679=ORIENTED_EDGE('',*,*,#4792,.T.);
#2680=ORIENTED_EDGE('',*,*,#4793,.T.);
#2681=ORIENTED_EDGE('',*,*,#4792,.F.);
#2682=ORIENTED_EDGE('',*,*,#4794,.F.);
#2683=ORIENTED_EDGE('',*,*,#4795,.T.);
#2684=ORIENTED_EDGE('',*,*,#4796,.T.);
#2685=ORIENTED_EDGE('',*,*,#4795,.F.);
#2686=ORIENTED_EDGE('',*,*,#4797,.F.);
#2687=ORIENTED_EDGE('',*,*,#4798,.T.);
#2688=ORIENTED_EDGE('',*,*,#4799,.T.);
#2689=ORIENTED_EDGE('',*,*,#4798,.F.);
#2690=ORIENTED_EDGE('',*,*,#4800,.F.);
#2691=ORIENTED_EDGE('',*,*,#4801,.T.);
#2692=ORIENTED_EDGE('',*,*,#4802,.T.);
#2693=ORIENTED_EDGE('',*,*,#4801,.F.);
#2694=ORIENTED_EDGE('',*,*,#4803,.F.);
#2695=ORIENTED_EDGE('',*,*,#4804,.T.);
#2696=ORIENTED_EDGE('',*,*,#4805,.T.);
#2697=ORIENTED_EDGE('',*,*,#4804,.F.);
#2698=ORIENTED_EDGE('',*,*,#4806,.F.);
#2699=ORIENTED_EDGE('',*,*,#4807,.T.);
#2700=ORIENTED_EDGE('',*,*,#4808,.T.);
#2701=ORIENTED_EDGE('',*,*,#4807,.F.);
#2702=ORIENTED_EDGE('',*,*,#4809,.F.);
#2703=ORIENTED_EDGE('',*,*,#4810,.T.);
#2704=ORIENTED_EDGE('',*,*,#4811,.T.);
#2705=ORIENTED_EDGE('',*,*,#4810,.F.);
#2706=ORIENTED_EDGE('',*,*,#4812,.F.);
#2707=ORIENTED_EDGE('',*,*,#4813,.T.);
#2708=ORIENTED_EDGE('',*,*,#4814,.T.);
#2709=ORIENTED_EDGE('',*,*,#4813,.F.);
#2710=ORIENTED_EDGE('',*,*,#4815,.F.);
#2711=ORIENTED_EDGE('',*,*,#4816,.T.);
#2712=ORIENTED_EDGE('',*,*,#4817,.T.);
#2713=ORIENTED_EDGE('',*,*,#4816,.F.);
#2714=ORIENTED_EDGE('',*,*,#4818,.F.);
#2715=ORIENTED_EDGE('',*,*,#4819,.T.);
#2716=ORIENTED_EDGE('',*,*,#4820,.T.);
#2717=ORIENTED_EDGE('',*,*,#4819,.F.);
#2718=ORIENTED_EDGE('',*,*,#4821,.F.);
#2719=ORIENTED_EDGE('',*,*,#4822,.T.);
#2720=ORIENTED_EDGE('',*,*,#4823,.T.);
#2721=ORIENTED_EDGE('',*,*,#4822,.F.);
#2722=ORIENTED_EDGE('',*,*,#4824,.F.);
#2723=ORIENTED_EDGE('',*,*,#4825,.T.);
#2724=ORIENTED_EDGE('',*,*,#4826,.T.);
#2725=ORIENTED_EDGE('',*,*,#4825,.F.);
#2726=ORIENTED_EDGE('',*,*,#4827,.F.);
#2727=ORIENTED_EDGE('',*,*,#4828,.T.);
#2728=ORIENTED_EDGE('',*,*,#4829,.T.);
#2729=ORIENTED_EDGE('',*,*,#4828,.F.);
#2730=ORIENTED_EDGE('',*,*,#4830,.F.);
#2731=ORIENTED_EDGE('',*,*,#4831,.T.);
#2732=ORIENTED_EDGE('',*,*,#4832,.T.);
#2733=ORIENTED_EDGE('',*,*,#4831,.F.);
#2734=ORIENTED_EDGE('',*,*,#4833,.F.);
#2735=ORIENTED_EDGE('',*,*,#4834,.T.);
#2736=ORIENTED_EDGE('',*,*,#4835,.T.);
#2737=ORIENTED_EDGE('',*,*,#4834,.F.);
#2738=ORIENTED_EDGE('',*,*,#4836,.F.);
#2739=ORIENTED_EDGE('',*,*,#4781,.T.);
#2740=ORIENTED_EDGE('',*,*,#4782,.T.);
#2741=ORIENTED_EDGE('',*,*,#4836,.T.);
#2742=ORIENTED_EDGE('',*,*,#4833,.T.);
#2743=ORIENTED_EDGE('',*,*,#4830,.T.);
#2744=ORIENTED_EDGE('',*,*,#4827,.T.);
#2745=ORIENTED_EDGE('',*,*,#4824,.T.);
#2746=ORIENTED_EDGE('',*,*,#4821,.T.);
#2747=ORIENTED_EDGE('',*,*,#4818,.T.);
#2748=ORIENTED_EDGE('',*,*,#4815,.T.);
#2749=ORIENTED_EDGE('',*,*,#4812,.T.);
#2750=ORIENTED_EDGE('',*,*,#4809,.T.);
#2751=ORIENTED_EDGE('',*,*,#4806,.T.);
#2752=ORIENTED_EDGE('',*,*,#4803,.T.);
#2753=ORIENTED_EDGE('',*,*,#4800,.T.);
#2754=ORIENTED_EDGE('',*,*,#4797,.T.);
#2755=ORIENTED_EDGE('',*,*,#4794,.T.);
#2756=ORIENTED_EDGE('',*,*,#4791,.T.);
#2757=ORIENTED_EDGE('',*,*,#4788,.T.);
#2758=ORIENTED_EDGE('',*,*,#4785,.T.);
#2759=ORIENTED_EDGE('',*,*,#4780,.F.);
#2760=ORIENTED_EDGE('',*,*,#4784,.F.);
#2761=ORIENTED_EDGE('',*,*,#4787,.F.);
#2762=ORIENTED_EDGE('',*,*,#4790,.F.);
#2763=ORIENTED_EDGE('',*,*,#4793,.F.);
#2764=ORIENTED_EDGE('',*,*,#4796,.F.);
#2765=ORIENTED_EDGE('',*,*,#4799,.F.);
#2766=ORIENTED_EDGE('',*,*,#4802,.F.);
#2767=ORIENTED_EDGE('',*,*,#4805,.F.);
#2768=ORIENTED_EDGE('',*,*,#4808,.F.);
#2769=ORIENTED_EDGE('',*,*,#4811,.F.);
#2770=ORIENTED_EDGE('',*,*,#4814,.F.);
#2771=ORIENTED_EDGE('',*,*,#4817,.F.);
#2772=ORIENTED_EDGE('',*,*,#4820,.F.);
#2773=ORIENTED_EDGE('',*,*,#4823,.F.);
#2774=ORIENTED_EDGE('',*,*,#4826,.F.);
#2775=ORIENTED_EDGE('',*,*,#4829,.F.);
#2776=ORIENTED_EDGE('',*,*,#4832,.F.);
#2777=ORIENTED_EDGE('',*,*,#4835,.F.);
#2778=ORIENTED_EDGE('',*,*,#4837,.T.);
#2779=ORIENTED_EDGE('',*,*,#4838,.F.);
#2780=ORIENTED_EDGE('',*,*,#4839,.F.);
#2781=ORIENTED_EDGE('',*,*,#4840,.T.);
#2782=ORIENTED_EDGE('',*,*,#4841,.T.);
#2783=ORIENTED_EDGE('',*,*,#4840,.F.);
#2784=ORIENTED_EDGE('',*,*,#4842,.F.);
#2785=ORIENTED_EDGE('',*,*,#4843,.T.);
#2786=ORIENTED_EDGE('',*,*,#4844,.T.);
#2787=ORIENTED_EDGE('',*,*,#4843,.F.);
#2788=ORIENTED_EDGE('',*,*,#4845,.F.);
#2789=ORIENTED_EDGE('',*,*,#4846,.T.);
#2790=ORIENTED_EDGE('',*,*,#4847,.T.);
#2791=ORIENTED_EDGE('',*,*,#4846,.F.);
#2792=ORIENTED_EDGE('',*,*,#4848,.F.);
#2793=ORIENTED_EDGE('',*,*,#4838,.T.);
#2794=ORIENTED_EDGE('',*,*,#4839,.T.);
#2795=ORIENTED_EDGE('',*,*,#4848,.T.);
#2796=ORIENTED_EDGE('',*,*,#4845,.T.);
#2797=ORIENTED_EDGE('',*,*,#4842,.T.);
#2798=ORIENTED_EDGE('',*,*,#4837,.F.);
#2799=ORIENTED_EDGE('',*,*,#4841,.F.);
#2800=ORIENTED_EDGE('',*,*,#4844,.F.);
#2801=ORIENTED_EDGE('',*,*,#4847,.F.);
#2802=ORIENTED_EDGE('',*,*,#4849,.T.);
#2803=ORIENTED_EDGE('',*,*,#4850,.F.);
#2804=ORIENTED_EDGE('',*,*,#4851,.F.);
#2805=ORIENTED_EDGE('',*,*,#4852,.T.);
#2806=ORIENTED_EDGE('',*,*,#4853,.T.);
#2807=ORIENTED_EDGE('',*,*,#4852,.F.);
#2808=ORIENTED_EDGE('',*,*,#4854,.F.);
#2809=ORIENTED_EDGE('',*,*,#4855,.T.);
#2810=ORIENTED_EDGE('',*,*,#4856,.T.);
#2811=ORIENTED_EDGE('',*,*,#4855,.F.);
#2812=ORIENTED_EDGE('',*,*,#4857,.F.);
#2813=ORIENTED_EDGE('',*,*,#4858,.T.);
#2814=ORIENTED_EDGE('',*,*,#4859,.T.);
#2815=ORIENTED_EDGE('',*,*,#4858,.F.);
#2816=ORIENTED_EDGE('',*,*,#4860,.F.);
#2817=ORIENTED_EDGE('',*,*,#4850,.T.);
#2818=ORIENTED_EDGE('',*,*,#4851,.T.);
#2819=ORIENTED_EDGE('',*,*,#4860,.T.);
#2820=ORIENTED_EDGE('',*,*,#4857,.T.);
#2821=ORIENTED_EDGE('',*,*,#4854,.T.);
#2822=ORIENTED_EDGE('',*,*,#4849,.F.);
#2823=ORIENTED_EDGE('',*,*,#4853,.F.);
#2824=ORIENTED_EDGE('',*,*,#4856,.F.);
#2825=ORIENTED_EDGE('',*,*,#4859,.F.);
#2826=ORIENTED_EDGE('',*,*,#4861,.T.);
#2827=ORIENTED_EDGE('',*,*,#4862,.T.);
#2828=ORIENTED_EDGE('',*,*,#4863,.T.);
#2829=ORIENTED_EDGE('',*,*,#4864,.T.);
#2830=ORIENTED_EDGE('',*,*,#4865,.T.);
#2831=ORIENTED_EDGE('',*,*,#4866,.T.);
#2832=ORIENTED_EDGE('',*,*,#4867,.T.);
#2833=ORIENTED_EDGE('',*,*,#4868,.T.);
#2834=ORIENTED_EDGE('',*,*,#4869,.T.);
#2835=ORIENTED_EDGE('',*,*,#4870,.T.);
#2836=ORIENTED_EDGE('',*,*,#4871,.T.);
#2837=ORIENTED_EDGE('',*,*,#4872,.T.);
#2838=ORIENTED_EDGE('',*,*,#4873,.T.);
#2839=ORIENTED_EDGE('',*,*,#4874,.T.);
#2840=ORIENTED_EDGE('',*,*,#4875,.T.);
#2841=ORIENTED_EDGE('',*,*,#4876,.T.);
#2842=ORIENTED_EDGE('',*,*,#4877,.T.);
#2843=ORIENTED_EDGE('',*,*,#4878,.T.);
#2844=ORIENTED_EDGE('',*,*,#4879,.T.);
#2845=ORIENTED_EDGE('',*,*,#4880,.T.);
#2846=ORIENTED_EDGE('',*,*,#4881,.T.);
#2847=ORIENTED_EDGE('',*,*,#4882,.T.);
#2848=ORIENTED_EDGE('',*,*,#4883,.T.);
#2849=ORIENTED_EDGE('',*,*,#4884,.T.);
#2850=ORIENTED_EDGE('',*,*,#4885,.T.);
#2851=ORIENTED_EDGE('',*,*,#4886,.T.);
#2852=ORIENTED_EDGE('',*,*,#4887,.T.);
#2853=ORIENTED_EDGE('',*,*,#4888,.T.);
#2854=ORIENTED_EDGE('',*,*,#4889,.T.);
#2855=ORIENTED_EDGE('',*,*,#4890,.T.);
#2856=ORIENTED_EDGE('',*,*,#4891,.T.);
#2857=ORIENTED_EDGE('',*,*,#4892,.T.);
#2858=ORIENTED_EDGE('',*,*,#4893,.T.);
#2859=ORIENTED_EDGE('',*,*,#4894,.T.);
#2860=ORIENTED_EDGE('',*,*,#4895,.T.);
#2861=ORIENTED_EDGE('',*,*,#4896,.T.);
#2862=ORIENTED_EDGE('',*,*,#4897,.T.);
#2863=ORIENTED_EDGE('',*,*,#4898,.T.);
#2864=ORIENTED_EDGE('',*,*,#4899,.T.);
#2865=ORIENTED_EDGE('',*,*,#4900,.T.);
#2866=ORIENTED_EDGE('',*,*,#4901,.T.);
#2867=ORIENTED_EDGE('',*,*,#4902,.T.);
#2868=ORIENTED_EDGE('',*,*,#4903,.T.);
#2869=ORIENTED_EDGE('',*,*,#4904,.T.);
#2870=ORIENTED_EDGE('',*,*,#4905,.T.);
#2871=ORIENTED_EDGE('',*,*,#4906,.T.);
#2872=ORIENTED_EDGE('',*,*,#4907,.T.);
#2873=ORIENTED_EDGE('',*,*,#4908,.T.);
#2874=ORIENTED_EDGE('',*,*,#4909,.T.);
#2875=ORIENTED_EDGE('',*,*,#4910,.T.);
#2876=ORIENTED_EDGE('',*,*,#4911,.T.);
#2877=ORIENTED_EDGE('',*,*,#4912,.T.);
#2878=ORIENTED_EDGE('',*,*,#4913,.T.);
#2879=ORIENTED_EDGE('',*,*,#4914,.T.);
#2880=ORIENTED_EDGE('',*,*,#4915,.T.);
#2881=ORIENTED_EDGE('',*,*,#4916,.T.);
#2882=ORIENTED_EDGE('',*,*,#4917,.T.);
#2883=ORIENTED_EDGE('',*,*,#4918,.T.);
#2884=ORIENTED_EDGE('',*,*,#4919,.T.);
#2885=ORIENTED_EDGE('',*,*,#4920,.T.);
#2886=ORIENTED_EDGE('',*,*,#4921,.T.);
#2887=ORIENTED_EDGE('',*,*,#4922,.T.);
#2888=ORIENTED_EDGE('',*,*,#4923,.T.);
#2889=ORIENTED_EDGE('',*,*,#4924,.T.);
#2890=ORIENTED_EDGE('',*,*,#4925,.T.);
#2891=ORIENTED_EDGE('',*,*,#4926,.T.);
#2892=ORIENTED_EDGE('',*,*,#4927,.T.);
#2893=ORIENTED_EDGE('',*,*,#4928,.T.);
#2894=ORIENTED_EDGE('',*,*,#4929,.T.);
#2895=ORIENTED_EDGE('',*,*,#4930,.T.);
#2896=ORIENTED_EDGE('',*,*,#4931,.T.);
#2897=ORIENTED_EDGE('',*,*,#4932,.T.);
#2898=ORIENTED_EDGE('',*,*,#4933,.T.);
#2899=ORIENTED_EDGE('',*,*,#4934,.T.);
#2900=ORIENTED_EDGE('',*,*,#4935,.T.);
#2901=ORIENTED_EDGE('',*,*,#4936,.T.);
#2902=ORIENTED_EDGE('',*,*,#4937,.F.);
#2903=ORIENTED_EDGE('',*,*,#4938,.T.);
#2904=ORIENTED_EDGE('',*,*,#4939,.T.);
#2905=ORIENTED_EDGE('',*,*,#4940,.T.);
#2906=ORIENTED_EDGE('',*,*,#4941,.T.);
#2907=ORIENTED_EDGE('',*,*,#4942,.T.);
#2908=ORIENTED_EDGE('',*,*,#4943,.T.);
#2909=ORIENTED_EDGE('',*,*,#4944,.T.);
#2910=ORIENTED_EDGE('',*,*,#4945,.T.);
#2911=ORIENTED_EDGE('',*,*,#4946,.T.);
#2912=ORIENTED_EDGE('',*,*,#4947,.T.);
#2913=ORIENTED_EDGE('',*,*,#4948,.T.);
#2914=ORIENTED_EDGE('',*,*,#4949,.T.);
#2915=ORIENTED_EDGE('',*,*,#4950,.T.);
#2916=ORIENTED_EDGE('',*,*,#4951,.T.);
#2917=ORIENTED_EDGE('',*,*,#4952,.T.);
#2918=ORIENTED_EDGE('',*,*,#4953,.T.);
#2919=ORIENTED_EDGE('',*,*,#4954,.T.);
#2920=ORIENTED_EDGE('',*,*,#4955,.T.);
#2921=ORIENTED_EDGE('',*,*,#4956,.T.);
#2922=ORIENTED_EDGE('',*,*,#4957,.T.);
#2923=ORIENTED_EDGE('',*,*,#4958,.T.);
#2924=ORIENTED_EDGE('',*,*,#4959,.T.);
#2925=ORIENTED_EDGE('',*,*,#4960,.T.);
#2926=ORIENTED_EDGE('',*,*,#4961,.T.);
#2927=ORIENTED_EDGE('',*,*,#4962,.T.);
#2928=ORIENTED_EDGE('',*,*,#4963,.T.);
#2929=ORIENTED_EDGE('',*,*,#4964,.T.);
#2930=ORIENTED_EDGE('',*,*,#4965,.T.);
#2931=ORIENTED_EDGE('',*,*,#4966,.T.);
#2932=ORIENTED_EDGE('',*,*,#4967,.T.);
#2933=ORIENTED_EDGE('',*,*,#4968,.T.);
#2934=ORIENTED_EDGE('',*,*,#4969,.T.);
#2935=ORIENTED_EDGE('',*,*,#4970,.T.);
#2936=ORIENTED_EDGE('',*,*,#4971,.T.);
#2937=ORIENTED_EDGE('',*,*,#4972,.T.);
#2938=ORIENTED_EDGE('',*,*,#4973,.T.);
#2939=ORIENTED_EDGE('',*,*,#4974,.T.);
#2940=ORIENTED_EDGE('',*,*,#4975,.T.);
#2941=ORIENTED_EDGE('',*,*,#4976,.T.);
#2942=ORIENTED_EDGE('',*,*,#4977,.T.);
#2943=ORIENTED_EDGE('',*,*,#4978,.T.);
#2944=ORIENTED_EDGE('',*,*,#4979,.T.);
#2945=ORIENTED_EDGE('',*,*,#4980,.T.);
#2946=ORIENTED_EDGE('',*,*,#4981,.T.);
#2947=ORIENTED_EDGE('',*,*,#4982,.T.);
#2948=ORIENTED_EDGE('',*,*,#4983,.T.);
#2949=ORIENTED_EDGE('',*,*,#4984,.T.);
#2950=ORIENTED_EDGE('',*,*,#4985,.T.);
#2951=ORIENTED_EDGE('',*,*,#4986,.T.);
#2952=ORIENTED_EDGE('',*,*,#4987,.T.);
#2953=ORIENTED_EDGE('',*,*,#4988,.T.);
#2954=ORIENTED_EDGE('',*,*,#4989,.T.);
#2955=ORIENTED_EDGE('',*,*,#4990,.T.);
#2956=ORIENTED_EDGE('',*,*,#4991,.T.);
#2957=ORIENTED_EDGE('',*,*,#4992,.T.);
#2958=ORIENTED_EDGE('',*,*,#4993,.T.);
#2959=ORIENTED_EDGE('',*,*,#4994,.T.);
#2960=ORIENTED_EDGE('',*,*,#4995,.T.);
#2961=ORIENTED_EDGE('',*,*,#4996,.F.);
#2962=ORIENTED_EDGE('',*,*,#4997,.T.);
#2963=ORIENTED_EDGE('',*,*,#4998,.F.);
#2964=ORIENTED_EDGE('',*,*,#4999,.T.);
#2965=ORIENTED_EDGE('',*,*,#5000,.F.);
#2966=ORIENTED_EDGE('',*,*,#5001,.T.);
#2967=ORIENTED_EDGE('',*,*,#5002,.F.);
#2968=ORIENTED_EDGE('',*,*,#5003,.T.);
#2969=ORIENTED_EDGE('',*,*,#5004,.F.);
#2970=ORIENTED_EDGE('',*,*,#5005,.T.);
#2971=ORIENTED_EDGE('',*,*,#4937,.T.);
#2972=ORIENTED_EDGE('',*,*,#5006,.F.);
#2973=ORIENTED_EDGE('',*,*,#5007,.F.);
#2974=ORIENTED_EDGE('',*,*,#5008,.T.);
#2975=ORIENTED_EDGE('',*,*,#5009,.F.);
#2976=ORIENTED_EDGE('',*,*,#5010,.T.);
#2977=ORIENTED_EDGE('',*,*,#5011,.F.);
#2978=ORIENTED_EDGE('',*,*,#5012,.T.);
#2979=ORIENTED_EDGE('',*,*,#5013,.F.);
#2980=ORIENTED_EDGE('',*,*,#5014,.T.);
#2981=ORIENTED_EDGE('',*,*,#5015,.F.);
#2982=ORIENTED_EDGE('',*,*,#5016,.T.);
#2983=ORIENTED_EDGE('',*,*,#5017,.F.);
#2984=ORIENTED_EDGE('',*,*,#5018,.T.);
#2985=ORIENTED_EDGE('',*,*,#5019,.F.);
#2986=ORIENTED_EDGE('',*,*,#5020,.T.);
#2987=ORIENTED_EDGE('',*,*,#5021,.F.);
#2988=ORIENTED_EDGE('',*,*,#5022,.T.);
#2989=ORIENTED_EDGE('',*,*,#5023,.F.);
#2990=ORIENTED_EDGE('',*,*,#5024,.F.);
#2991=ORIENTED_EDGE('',*,*,#5025,.T.);
#2992=ORIENTED_EDGE('',*,*,#5026,.T.);
#2993=ORIENTED_EDGE('',*,*,#5027,.F.);
#2994=ORIENTED_EDGE('',*,*,#5028,.F.);
#2995=ORIENTED_EDGE('',*,*,#5029,.T.);
#2996=ORIENTED_EDGE('',*,*,#5030,.T.);
#2997=ORIENTED_EDGE('',*,*,#5031,.F.);
#2998=ORIENTED_EDGE('',*,*,#5032,.T.);
#2999=ORIENTED_EDGE('',*,*,#5033,.T.);
#3000=ORIENTED_EDGE('',*,*,#5034,.T.);
#3001=ORIENTED_EDGE('',*,*,#5035,.F.);
#3002=ORIENTED_EDGE('',*,*,#5036,.F.);
#3003=ORIENTED_EDGE('',*,*,#5037,.F.);
#3004=ORIENTED_EDGE('',*,*,#5038,.T.);
#3005=ORIENTED_EDGE('',*,*,#5039,.F.);
#3006=ORIENTED_EDGE('',*,*,#5040,.F.);
#3007=ORIENTED_EDGE('',*,*,#5041,.T.);
#3008=ORIENTED_EDGE('',*,*,#5042,.T.);
#3009=ORIENTED_EDGE('',*,*,#5043,.T.);
#3010=ORIENTED_EDGE('',*,*,#5044,.F.);
#3011=ORIENTED_EDGE('',*,*,#5045,.T.);
#3012=ORIENTED_EDGE('',*,*,#5046,.T.);
#3013=ORIENTED_EDGE('',*,*,#5047,.F.);
#3014=ORIENTED_EDGE('',*,*,#5048,.F.);
#3015=ORIENTED_EDGE('',*,*,#5049,.F.);
#3016=ORIENTED_EDGE('',*,*,#5050,.T.);
#3017=ORIENTED_EDGE('',*,*,#5051,.T.);
#3018=ORIENTED_EDGE('',*,*,#5052,.F.);
#3019=ORIENTED_EDGE('',*,*,#5053,.F.);
#3020=ORIENTED_EDGE('',*,*,#5054,.T.);
#3021=ORIENTED_EDGE('',*,*,#5055,.F.);
#3022=ORIENTED_EDGE('',*,*,#5056,.T.);
#3023=ORIENTED_EDGE('',*,*,#5057,.F.);
#3024=ORIENTED_EDGE('',*,*,#5058,.T.);
#3025=ORIENTED_EDGE('',*,*,#5059,.F.);
#3026=ORIENTED_EDGE('',*,*,#5060,.T.);
#3027=ORIENTED_EDGE('',*,*,#5061,.F.);
#3028=ORIENTED_EDGE('',*,*,#5062,.T.);
#3029=ORIENTED_EDGE('',*,*,#5004,.T.);
#3030=ORIENTED_EDGE('',*,*,#5063,.F.);
#3031=ORIENTED_EDGE('',*,*,#5064,.T.);
#3032=ORIENTED_EDGE('',*,*,#5065,.F.);
#3033=ORIENTED_EDGE('',*,*,#5066,.F.);
#3034=ORIENTED_EDGE('',*,*,#5067,.T.);
#3035=ORIENTED_EDGE('',*,*,#5068,.T.);
#3036=ORIENTED_EDGE('',*,*,#5069,.T.);
#3037=ORIENTED_EDGE('',*,*,#5070,.T.);
#3038=ORIENTED_EDGE('',*,*,#5071,.T.);
#3039=ORIENTED_EDGE('',*,*,#5072,.F.);
#3040=ORIENTED_EDGE('',*,*,#5073,.F.);
#3041=ORIENTED_EDGE('',*,*,#5042,.F.);
#3042=ORIENTED_EDGE('',*,*,#5074,.F.);
#3043=ORIENTED_EDGE('',*,*,#5071,.F.);
#3044=ORIENTED_EDGE('',*,*,#5075,.T.);
#3045=ORIENTED_EDGE('',*,*,#5076,.F.);
#3046=ORIENTED_EDGE('',*,*,#5077,.F.);
#3047=ORIENTED_EDGE('',*,*,#5078,.T.);
#3048=ORIENTED_EDGE('',*,*,#5079,.F.);
#3049=ORIENTED_EDGE('',*,*,#5080,.F.);
#3050=ORIENTED_EDGE('',*,*,#5081,.F.);
#3051=ORIENTED_EDGE('',*,*,#5082,.T.);
#3052=ORIENTED_EDGE('',*,*,#5083,.F.);
#3053=ORIENTED_EDGE('',*,*,#5084,.F.);
#3054=ORIENTED_EDGE('',*,*,#5085,.F.);
#3055=ORIENTED_EDGE('',*,*,#5047,.T.);
#3056=ORIENTED_EDGE('',*,*,#5086,.T.);
#3057=ORIENTED_EDGE('',*,*,#5087,.T.);
#3058=ORIENTED_EDGE('',*,*,#5039,.T.);
#3059=ORIENTED_EDGE('',*,*,#5088,.T.);
#3060=ORIENTED_EDGE('',*,*,#5089,.T.);
#3061=ORIENTED_EDGE('',*,*,#5090,.F.);
#3062=ORIENTED_EDGE('',*,*,#5035,.T.);
#3063=ORIENTED_EDGE('',*,*,#5091,.T.);
#3064=ORIENTED_EDGE('',*,*,#5092,.F.);
#3065=ORIENTED_EDGE('',*,*,#5093,.F.);
#3066=ORIENTED_EDGE('',*,*,#5068,.F.);
#3067=ORIENTED_EDGE('',*,*,#5094,.F.);
#3068=ORIENTED_EDGE('',*,*,#5095,.T.);
#3069=ORIENTED_EDGE('',*,*,#5081,.T.);
#3070=ORIENTED_EDGE('',*,*,#5096,.F.);
#3071=ORIENTED_EDGE('',*,*,#5097,.T.);
#3072=ORIENTED_EDGE('',*,*,#5098,.T.);
#3073=ORIENTED_EDGE('',*,*,#5077,.T.);
#3074=ORIENTED_EDGE('',*,*,#5099,.F.);
#3075=ORIENTED_EDGE('',*,*,#5100,.F.);
#3076=ORIENTED_EDGE('',*,*,#5101,.F.);
#3077=ORIENTED_EDGE('',*,*,#5048,.T.);
#3078=ORIENTED_EDGE('',*,*,#5085,.T.);
#3079=ORIENTED_EDGE('',*,*,#4939,.F.);
#3080=ORIENTED_EDGE('',*,*,#5102,.T.);
#3081=ORIENTED_EDGE('',*,*,#5061,.T.);
#3082=ORIENTED_EDGE('',*,*,#5103,.T.);
#3083=ORIENTED_EDGE('',*,*,#5104,.T.);
#3084=ORIENTED_EDGE('',*,*,#5105,.T.);
#3085=ORIENTED_EDGE('',*,*,#5106,.T.);
#3086=ORIENTED_EDGE('',*,*,#5107,.T.);
#3087=ORIENTED_EDGE('',*,*,#5101,.T.);
#3088=ORIENTED_EDGE('',*,*,#5108,.T.);
#3089=ORIENTED_EDGE('',*,*,#5109,.T.);
#3090=ORIENTED_EDGE('',*,*,#5110,.F.);
#3091=ORIENTED_EDGE('',*,*,#5094,.T.);
#3092=ORIENTED_EDGE('',*,*,#5074,.T.);
#3093=ORIENTED_EDGE('',*,*,#5041,.F.);
#3094=ORIENTED_EDGE('',*,*,#5111,.F.);
#3095=ORIENTED_EDGE('',*,*,#5112,.F.);
#3096=ORIENTED_EDGE('',*,*,#5045,.F.);
#3097=ORIENTED_EDGE('',*,*,#5063,.T.);
#3098=ORIENTED_EDGE('',*,*,#5006,.T.);
#3099=ORIENTED_EDGE('',*,*,#4940,.F.);
#3100=ORIENTED_EDGE('',*,*,#5103,.F.);
#3101=ORIENTED_EDGE('',*,*,#5084,.T.);
#3102=ORIENTED_EDGE('',*,*,#5113,.F.);
#3103=ORIENTED_EDGE('',*,*,#5108,.F.);
#3104=ORIENTED_EDGE('',*,*,#5100,.T.);
#3105=ORIENTED_EDGE('',*,*,#5082,.F.);
#3106=ORIENTED_EDGE('',*,*,#5095,.F.);
#3107=ORIENTED_EDGE('',*,*,#5110,.T.);
#3108=ORIENTED_EDGE('',*,*,#5114,.T.);
#3109=ORIENTED_EDGE('',*,*,#5083,.T.);
#3110=ORIENTED_EDGE('',*,*,#5114,.F.);
#3111=ORIENTED_EDGE('',*,*,#5109,.F.);
#3112=ORIENTED_EDGE('',*,*,#5113,.T.);
#3113=ORIENTED_EDGE('',*,*,#5086,.F.);
#3114=ORIENTED_EDGE('',*,*,#5046,.F.);
#3115=ORIENTED_EDGE('',*,*,#5112,.T.);
#3116=ORIENTED_EDGE('',*,*,#5115,.T.);
#3117=ORIENTED_EDGE('',*,*,#5087,.F.);
#3118=ORIENTED_EDGE('',*,*,#5115,.F.);
#3119=ORIENTED_EDGE('',*,*,#5111,.T.);
#3120=ORIENTED_EDGE('',*,*,#5040,.T.);
#3121=ORIENTED_EDGE('',*,*,#5038,.F.);
#3122=ORIENTED_EDGE('',*,*,#5116,.T.);
#3123=ORIENTED_EDGE('',*,*,#5117,.T.);
#3124=ORIENTED_EDGE('',*,*,#5088,.F.);
#3125=ORIENTED_EDGE('',*,*,#5117,.F.);
#3126=ORIENTED_EDGE('',*,*,#5118,.T.);
#3127=ORIENTED_EDGE('',*,*,#5119,.T.);
#3128=ORIENTED_EDGE('',*,*,#5089,.F.);
#3129=ORIENTED_EDGE('',*,*,#5120,.F.);
#3130=ORIENTED_EDGE('',*,*,#5036,.T.);
#3131=ORIENTED_EDGE('',*,*,#5090,.T.);
#3132=ORIENTED_EDGE('',*,*,#5119,.F.);
#3133=ORIENTED_EDGE('',*,*,#5121,.T.);
#3134=ORIENTED_EDGE('',*,*,#5122,.F.);
#3135=ORIENTED_EDGE('',*,*,#5116,.F.);
#3136=ORIENTED_EDGE('',*,*,#5037,.T.);
#3137=ORIENTED_EDGE('',*,*,#5120,.T.);
#3138=ORIENTED_EDGE('',*,*,#5118,.F.);
#3139=ORIENTED_EDGE('',*,*,#5122,.T.);
#3140=ORIENTED_EDGE('',*,*,#5123,.F.);
#3141=ORIENTED_EDGE('',*,*,#5096,.T.);
#3142=ORIENTED_EDGE('',*,*,#5080,.T.);
#3143=ORIENTED_EDGE('',*,*,#5124,.F.);
#3144=ORIENTED_EDGE('',*,*,#5098,.F.);
#3145=ORIENTED_EDGE('',*,*,#5125,.T.);
#3146=ORIENTED_EDGE('',*,*,#5126,.T.);
#3147=ORIENTED_EDGE('',*,*,#5078,.F.);
#3148=ORIENTED_EDGE('',*,*,#5127,.T.);
#3149=ORIENTED_EDGE('',*,*,#5128,.F.);
#3150=ORIENTED_EDGE('',*,*,#5129,.F.);
#3151=ORIENTED_EDGE('',*,*,#5124,.T.);
#3152=ORIENTED_EDGE('',*,*,#5079,.T.);
#3153=ORIENTED_EDGE('',*,*,#5126,.F.);
#3154=ORIENTED_EDGE('',*,*,#5128,.T.);
#3155=ORIENTED_EDGE('',*,*,#5097,.F.);
#3156=ORIENTED_EDGE('',*,*,#5123,.T.);
#3157=ORIENTED_EDGE('',*,*,#5129,.T.);
#3158=ORIENTED_EDGE('',*,*,#5125,.F.);
#3159=ORIENTED_EDGE('',*,*,#5127,.F.);
#3160=ORIENTED_EDGE('',*,*,#5121,.F.);
#3161=ORIENTED_EDGE('',*,*,#5034,.F.);
#3162=ORIENTED_EDGE('',*,*,#5130,.T.);
#3163=ORIENTED_EDGE('',*,*,#5131,.T.);
#3164=ORIENTED_EDGE('',*,*,#5091,.F.);
#3165=ORIENTED_EDGE('',*,*,#5132,.T.);
#3166=ORIENTED_EDGE('',*,*,#5133,.F.);
#3167=ORIENTED_EDGE('',*,*,#5134,.F.);
#3168=ORIENTED_EDGE('',*,*,#5072,.T.);
#3169=ORIENTED_EDGE('',*,*,#5092,.T.);
#3170=ORIENTED_EDGE('',*,*,#5131,.F.);
#3171=ORIENTED_EDGE('',*,*,#5133,.T.);
#3172=ORIENTED_EDGE('',*,*,#5043,.F.);
#3173=ORIENTED_EDGE('',*,*,#5073,.T.);
#3174=ORIENTED_EDGE('',*,*,#5134,.T.);
#3175=ORIENTED_EDGE('',*,*,#5130,.F.);
#3176=ORIENTED_EDGE('',*,*,#5033,.F.);
#3177=ORIENTED_EDGE('',*,*,#5135,.F.);
#3178=ORIENTED_EDGE('',*,*,#5132,.F.);
#3179=ORIENTED_EDGE('',*,*,#5070,.F.);
#3180=ORIENTED_EDGE('',*,*,#5136,.T.);
#3181=ORIENTED_EDGE('',*,*,#5137,.T.);
#3182=ORIENTED_EDGE('',*,*,#5075,.F.);
#3183=ORIENTED_EDGE('',*,*,#5138,.F.);
#3184=ORIENTED_EDGE('',*,*,#5099,.T.);
#3185=ORIENTED_EDGE('',*,*,#5076,.T.);
#3186=ORIENTED_EDGE('',*,*,#5137,.F.);
#3187=ORIENTED_EDGE('',*,*,#5139,.T.);
#3188=ORIENTED_EDGE('',*,*,#5140,.F.);
#3189=ORIENTED_EDGE('',*,*,#5069,.F.);
#3190=ORIENTED_EDGE('',*,*,#5093,.T.);
#3191=ORIENTED_EDGE('',*,*,#5138,.T.);
#3192=ORIENTED_EDGE('',*,*,#5136,.F.);
#3193=ORIENTED_EDGE('',*,*,#5140,.T.);
#3194=ORIENTED_EDGE('',*,*,#5139,.F.);
#3195=ORIENTED_EDGE('',*,*,#5141,.F.);
#3196=ORIENTED_EDGE('',*,*,#5142,.T.);
#3197=ORIENTED_EDGE('',*,*,#5143,.T.);
#3198=ORIENTED_EDGE('',*,*,#5050,.F.);
#3199=ORIENTED_EDGE('',*,*,#5143,.F.);
#3200=ORIENTED_EDGE('',*,*,#5144,.T.);
#3201=ORIENTED_EDGE('',*,*,#5145,.T.);
#3202=ORIENTED_EDGE('',*,*,#5051,.F.);
#3203=ORIENTED_EDGE('',*,*,#5146,.F.);
#3204=ORIENTED_EDGE('',*,*,#5147,.T.);
#3205=ORIENTED_EDGE('',*,*,#5141,.T.);
#3206=ORIENTED_EDGE('',*,*,#5049,.T.);
#3207=ORIENTED_EDGE('',*,*,#5145,.F.);
#3208=ORIENTED_EDGE('',*,*,#5148,.T.);
#3209=ORIENTED_EDGE('',*,*,#5146,.T.);
#3210=ORIENTED_EDGE('',*,*,#5052,.T.);
#3211=ORIENTED_EDGE('',*,*,#5149,.T.);
#3212=ORIENTED_EDGE('',*,*,#5150,.T.);
#3213=ORIENTED_EDGE('',*,*,#5151,.F.);
#3214=ORIENTED_EDGE('',*,*,#5067,.F.);
#3215=ORIENTED_EDGE('',*,*,#5152,.T.);
#3216=ORIENTED_EDGE('',*,*,#5153,.T.);
#3217=ORIENTED_EDGE('',*,*,#5149,.F.);
#3218=ORIENTED_EDGE('',*,*,#5066,.T.);
#3219=ORIENTED_EDGE('',*,*,#5151,.T.);
#3220=ORIENTED_EDGE('',*,*,#5154,.T.);
#3221=ORIENTED_EDGE('',*,*,#5155,.F.);
#3222=ORIENTED_EDGE('',*,*,#5064,.F.);
#3223=ORIENTED_EDGE('',*,*,#5155,.T.);
#3224=ORIENTED_EDGE('',*,*,#5156,.T.);
#3225=ORIENTED_EDGE('',*,*,#5152,.F.);
#3226=ORIENTED_EDGE('',*,*,#5065,.T.);
#3227=ORIENTED_EDGE('',*,*,#5157,.T.);
#3228=ORIENTED_EDGE('',*,*,#5158,.T.);
#3229=ORIENTED_EDGE('',*,*,#5159,.F.);
#3230=ORIENTED_EDGE('',*,*,#5031,.T.);
#3231=ORIENTED_EDGE('',*,*,#5159,.T.);
#3232=ORIENTED_EDGE('',*,*,#5160,.T.);
#3233=ORIENTED_EDGE('',*,*,#5161,.F.);
#3234=ORIENTED_EDGE('',*,*,#5162,.F.);
#3235=ORIENTED_EDGE('',*,*,#5032,.F.);
#3236=ORIENTED_EDGE('',*,*,#5161,.T.);
#3237=ORIENTED_EDGE('',*,*,#5163,.T.);
#3238=ORIENTED_EDGE('',*,*,#5164,.F.);
#3239=ORIENTED_EDGE('',*,*,#5165,.F.);
#3240=ORIENTED_EDGE('',*,*,#5164,.T.);
#3241=ORIENTED_EDGE('',*,*,#5166,.T.);
#3242=ORIENTED_EDGE('',*,*,#5157,.F.);
#3243=ORIENTED_EDGE('',*,*,#5044,.T.);
#3244=ORIENTED_EDGE('',*,*,#5167,.T.);
#3245=ORIENTED_EDGE('',*,*,#5135,.T.);
#3246=ORIENTED_EDGE('',*,*,#5162,.T.);
#3247=ORIENTED_EDGE('',*,*,#5165,.T.);
#3248=ORIENTED_EDGE('',*,*,#5167,.F.);
#3249=ORIENTED_EDGE('',*,*,#5168,.T.);
#3250=ORIENTED_EDGE('',*,*,#5169,.T.);
#3251=ORIENTED_EDGE('',*,*,#5170,.F.);
#3252=ORIENTED_EDGE('',*,*,#5024,.T.);
#3253=ORIENTED_EDGE('',*,*,#5170,.T.);
#3254=ORIENTED_EDGE('',*,*,#5171,.T.);
#3255=ORIENTED_EDGE('',*,*,#5172,.F.);
#3256=ORIENTED_EDGE('',*,*,#5025,.F.);
#3257=ORIENTED_EDGE('',*,*,#5172,.T.);
#3258=ORIENTED_EDGE('',*,*,#5173,.T.);
#3259=ORIENTED_EDGE('',*,*,#5174,.F.);
#3260=ORIENTED_EDGE('',*,*,#5026,.F.);
#3261=ORIENTED_EDGE('',*,*,#5174,.T.);
#3262=ORIENTED_EDGE('',*,*,#5175,.T.);
#3263=ORIENTED_EDGE('',*,*,#5168,.F.);
#3264=ORIENTED_EDGE('',*,*,#5023,.T.);
#3265=ORIENTED_EDGE('',*,*,#5176,.T.);
#3266=ORIENTED_EDGE('',*,*,#5177,.T.);
#3267=ORIENTED_EDGE('',*,*,#5178,.F.);
#3268=ORIENTED_EDGE('',*,*,#5028,.T.);
#3269=ORIENTED_EDGE('',*,*,#5178,.T.);
#3270=ORIENTED_EDGE('',*,*,#5179,.T.);
#3271=ORIENTED_EDGE('',*,*,#5180,.F.);
#3272=ORIENTED_EDGE('',*,*,#5029,.F.);
#3273=ORIENTED_EDGE('',*,*,#5180,.T.);
#3274=ORIENTED_EDGE('',*,*,#5181,.T.);
#3275=ORIENTED_EDGE('',*,*,#5182,.F.);
#3276=ORIENTED_EDGE('',*,*,#5030,.F.);
#3277=ORIENTED_EDGE('',*,*,#5182,.T.);
#3278=ORIENTED_EDGE('',*,*,#5183,.T.);
#3279=ORIENTED_EDGE('',*,*,#5176,.F.);
#3280=ORIENTED_EDGE('',*,*,#5027,.T.);
#3281=ORIENTED_EDGE('',*,*,#5184,.F.);
#3282=ORIENTED_EDGE('',*,*,#5005,.F.);
#3283=ORIENTED_EDGE('',*,*,#5185,.F.);
#3284=ORIENTED_EDGE('',*,*,#5107,.F.);
#3285=ORIENTED_EDGE('',*,*,#5185,.T.);
#3286=ORIENTED_EDGE('',*,*,#5062,.F.);
#3287=ORIENTED_EDGE('',*,*,#5186,.F.);
#3288=ORIENTED_EDGE('',*,*,#5104,.F.);
#3289=ORIENTED_EDGE('',*,*,#5184,.T.);
#3290=ORIENTED_EDGE('',*,*,#5106,.F.);
#3291=ORIENTED_EDGE('',*,*,#5187,.F.);
#3292=ORIENTED_EDGE('',*,*,#4938,.F.);
#3293=ORIENTED_EDGE('',*,*,#5186,.T.);
#3294=ORIENTED_EDGE('',*,*,#5102,.F.);
#3295=ORIENTED_EDGE('',*,*,#5187,.T.);
#3296=ORIENTED_EDGE('',*,*,#5105,.F.);
#3297=ORIENTED_EDGE('',*,*,#5188,.F.);
#3298=ORIENTED_EDGE('',*,*,#5058,.F.);
#3299=ORIENTED_EDGE('',*,*,#5189,.F.);
#3300=ORIENTED_EDGE('',*,*,#5142,.F.);
#3301=ORIENTED_EDGE('',*,*,#5059,.T.);
#3302=ORIENTED_EDGE('',*,*,#5188,.T.);
#3303=ORIENTED_EDGE('',*,*,#5190,.F.);
#3304=ORIENTED_EDGE('',*,*,#5189,.T.);
#3305=ORIENTED_EDGE('',*,*,#5057,.T.);
#3306=ORIENTED_EDGE('',*,*,#5191,.F.);
#3307=ORIENTED_EDGE('',*,*,#5190,.T.);
#3308=ORIENTED_EDGE('',*,*,#5147,.F.);
#3309=ORIENTED_EDGE('',*,*,#5192,.F.);
#3310=ORIENTED_EDGE('',*,*,#5060,.F.);
#3311=ORIENTED_EDGE('',*,*,#5191,.T.);
#3312=ORIENTED_EDGE('',*,*,#5056,.F.);
#3313=ORIENTED_EDGE('',*,*,#5193,.F.);
#3314=ORIENTED_EDGE('',*,*,#5144,.F.);
#3315=ORIENTED_EDGE('',*,*,#5053,.T.);
#3316=ORIENTED_EDGE('',*,*,#5192,.T.);
#3317=ORIENTED_EDGE('',*,*,#5194,.F.);
#3318=ORIENTED_EDGE('',*,*,#5193,.T.);
#3319=ORIENTED_EDGE('',*,*,#5055,.T.);
#3320=ORIENTED_EDGE('',*,*,#5195,.F.);
#3321=ORIENTED_EDGE('',*,*,#5194,.T.);
#3322=ORIENTED_EDGE('',*,*,#5148,.F.);
#3323=ORIENTED_EDGE('',*,*,#5195,.T.);
#3324=ORIENTED_EDGE('',*,*,#5054,.F.);
#3325=ORIENTED_EDGE('',*,*,#5196,.F.);
#3326=ORIENTED_EDGE('',*,*,#5156,.F.);
#3327=ORIENTED_EDGE('',*,*,#5197,.F.);
#3328=ORIENTED_EDGE('',*,*,#4936,.F.);
#3329=ORIENTED_EDGE('',*,*,#5197,.T.);
#3330=ORIENTED_EDGE('',*,*,#5154,.F.);
#3331=ORIENTED_EDGE('',*,*,#5198,.F.);
#3332=ORIENTED_EDGE('',*,*,#4933,.F.);
#3333=ORIENTED_EDGE('',*,*,#5196,.T.);
#3334=ORIENTED_EDGE('',*,*,#4935,.F.);
#3335=ORIENTED_EDGE('',*,*,#5199,.F.);
#3336=ORIENTED_EDGE('',*,*,#5153,.F.);
#3337=ORIENTED_EDGE('',*,*,#5198,.T.);
#3338=ORIENTED_EDGE('',*,*,#5150,.F.);
#3339=ORIENTED_EDGE('',*,*,#5199,.T.);
#3340=ORIENTED_EDGE('',*,*,#4934,.F.);
#3341=ORIENTED_EDGE('',*,*,#5200,.F.);
#3342=ORIENTED_EDGE('',*,*,#5020,.F.);
#3343=ORIENTED_EDGE('',*,*,#5201,.F.);
#3344=ORIENTED_EDGE('',*,*,#5158,.F.);
#3345=ORIENTED_EDGE('',*,*,#5201,.T.);
#3346=ORIENTED_EDGE('',*,*,#5019,.T.);
#3347=ORIENTED_EDGE('',*,*,#5202,.F.);
#3348=ORIENTED_EDGE('',*,*,#5021,.T.);
#3349=ORIENTED_EDGE('',*,*,#5200,.T.);
#3350=ORIENTED_EDGE('',*,*,#5203,.F.);
#3351=ORIENTED_EDGE('',*,*,#5202,.T.);
#3352=ORIENTED_EDGE('',*,*,#5018,.F.);
#3353=ORIENTED_EDGE('',*,*,#5204,.F.);
#3354=ORIENTED_EDGE('',*,*,#5160,.F.);
#3355=ORIENTED_EDGE('',*,*,#5203,.T.);
#3356=ORIENTED_EDGE('',*,*,#5166,.F.);
#3357=ORIENTED_EDGE('',*,*,#5205,.F.);
#3358=ORIENTED_EDGE('',*,*,#5022,.F.);
#3359=ORIENTED_EDGE('',*,*,#5204,.T.);
#3360=ORIENTED_EDGE('',*,*,#5017,.T.);
#3361=ORIENTED_EDGE('',*,*,#5206,.F.);
#3362=ORIENTED_EDGE('',*,*,#5015,.T.);
#3363=ORIENTED_EDGE('',*,*,#5205,.T.);
#3364=ORIENTED_EDGE('',*,*,#5207,.F.);
#3365=ORIENTED_EDGE('',*,*,#5206,.T.);
#3366=ORIENTED_EDGE('',*,*,#5016,.F.);
#3367=ORIENTED_EDGE('',*,*,#5207,.T.);
#3368=ORIENTED_EDGE('',*,*,#5163,.F.);
#3369=ORIENTED_EDGE('',*,*,#5208,.F.);
#3370=ORIENTED_EDGE('',*,*,#5001,.F.);
#3371=ORIENTED_EDGE('',*,*,#5209,.F.);
#3372=ORIENTED_EDGE('',*,*,#5169,.F.);
#3373=ORIENTED_EDGE('',*,*,#5209,.T.);
#3374=ORIENTED_EDGE('',*,*,#5000,.T.);
#3375=ORIENTED_EDGE('',*,*,#5210,.F.);
#3376=ORIENTED_EDGE('',*,*,#5002,.T.);
#3377=ORIENTED_EDGE('',*,*,#5208,.T.);
#3378=ORIENTED_EDGE('',*,*,#5211,.F.);
#3379=ORIENTED_EDGE('',*,*,#5210,.T.);
#3380=ORIENTED_EDGE('',*,*,#4999,.F.);
#3381=ORIENTED_EDGE('',*,*,#5212,.F.);
#3382=ORIENTED_EDGE('',*,*,#5171,.F.);
#3383=ORIENTED_EDGE('',*,*,#5211,.T.);
#3384=ORIENTED_EDGE('',*,*,#5175,.F.);
#3385=ORIENTED_EDGE('',*,*,#5213,.F.);
#3386=ORIENTED_EDGE('',*,*,#5003,.F.);
#3387=ORIENTED_EDGE('',*,*,#5212,.T.);
#3388=ORIENTED_EDGE('',*,*,#4998,.T.);
#3389=ORIENTED_EDGE('',*,*,#5214,.F.);
#3390=ORIENTED_EDGE('',*,*,#4996,.T.);
#3391=ORIENTED_EDGE('',*,*,#5213,.T.);
#3392=ORIENTED_EDGE('',*,*,#5215,.F.);
#3393=ORIENTED_EDGE('',*,*,#5214,.T.);
#3394=ORIENTED_EDGE('',*,*,#4997,.F.);
#3395=ORIENTED_EDGE('',*,*,#5215,.T.);
#3396=ORIENTED_EDGE('',*,*,#5173,.F.);
#3397=ORIENTED_EDGE('',*,*,#5216,.F.);
#3398=ORIENTED_EDGE('',*,*,#5012,.F.);
#3399=ORIENTED_EDGE('',*,*,#5217,.F.);
#3400=ORIENTED_EDGE('',*,*,#5177,.F.);
#3401=ORIENTED_EDGE('',*,*,#5217,.T.);
#3402=ORIENTED_EDGE('',*,*,#5011,.T.);
#3403=ORIENTED_EDGE('',*,*,#5218,.F.);
#3404=ORIENTED_EDGE('',*,*,#5013,.T.);
#3405=ORIENTED_EDGE('',*,*,#5216,.T.);
#3406=ORIENTED_EDGE('',*,*,#5219,.F.);
#3407=ORIENTED_EDGE('',*,*,#5218,.T.);
#3408=ORIENTED_EDGE('',*,*,#5010,.F.);
#3409=ORIENTED_EDGE('',*,*,#5220,.F.);
#3410=ORIENTED_EDGE('',*,*,#5179,.F.);
#3411=ORIENTED_EDGE('',*,*,#5219,.T.);
#3412=ORIENTED_EDGE('',*,*,#5183,.F.);
#3413=ORIENTED_EDGE('',*,*,#5221,.F.);
#3414=ORIENTED_EDGE('',*,*,#5014,.F.);
#3415=ORIENTED_EDGE('',*,*,#5220,.T.);
#3416=ORIENTED_EDGE('',*,*,#5009,.T.);
#3417=ORIENTED_EDGE('',*,*,#5222,.F.);
#3418=ORIENTED_EDGE('',*,*,#5007,.T.);
#3419=ORIENTED_EDGE('',*,*,#5221,.T.);
#3420=ORIENTED_EDGE('',*,*,#5223,.F.);
#3421=ORIENTED_EDGE('',*,*,#5222,.T.);
#3422=ORIENTED_EDGE('',*,*,#5008,.F.);
#3423=ORIENTED_EDGE('',*,*,#5223,.T.);
#3424=ORIENTED_EDGE('',*,*,#5181,.F.);
#3425=ORIENTED_EDGE('',*,*,#5224,.F.);
#3426=ORIENTED_EDGE('',*,*,#5225,.F.);
#3427=ORIENTED_EDGE('',*,*,#5226,.T.);
#3428=ORIENTED_EDGE('',*,*,#5227,.T.);
#3429=ORIENTED_EDGE('',*,*,#5228,.F.);
#3430=ORIENTED_EDGE('',*,*,#5229,.F.);
#3431=ORIENTED_EDGE('',*,*,#5230,.T.);
#3432=ORIENTED_EDGE('',*,*,#5225,.T.);
#3433=ORIENTED_EDGE('',*,*,#5231,.F.);
#3434=ORIENTED_EDGE('',*,*,#5232,.F.);
#3435=ORIENTED_EDGE('',*,*,#5233,.T.);
#3436=ORIENTED_EDGE('',*,*,#5229,.T.);
#3437=ORIENTED_EDGE('',*,*,#5234,.F.);
#3438=ORIENTED_EDGE('',*,*,#5235,.F.);
#3439=ORIENTED_EDGE('',*,*,#5236,.T.);
#3440=ORIENTED_EDGE('',*,*,#5232,.T.);
#3441=ORIENTED_EDGE('',*,*,#5237,.F.);
#3442=ORIENTED_EDGE('',*,*,#5238,.F.);
#3443=ORIENTED_EDGE('',*,*,#5239,.T.);
#3444=ORIENTED_EDGE('',*,*,#5235,.T.);
#3445=ORIENTED_EDGE('',*,*,#5240,.F.);
#3446=ORIENTED_EDGE('',*,*,#5241,.F.);
#3447=ORIENTED_EDGE('',*,*,#5242,.T.);
#3448=ORIENTED_EDGE('',*,*,#5238,.T.);
#3449=ORIENTED_EDGE('',*,*,#5243,.F.);
#3450=ORIENTED_EDGE('',*,*,#5244,.F.);
#3451=ORIENTED_EDGE('',*,*,#5245,.T.);
#3452=ORIENTED_EDGE('',*,*,#5241,.T.);
#3453=ORIENTED_EDGE('',*,*,#5246,.F.);
#3454=ORIENTED_EDGE('',*,*,#5247,.F.);
#3455=ORIENTED_EDGE('',*,*,#5248,.T.);
#3456=ORIENTED_EDGE('',*,*,#5244,.T.);
#3457=ORIENTED_EDGE('',*,*,#5249,.F.);
#3458=ORIENTED_EDGE('',*,*,#5250,.F.);
#3459=ORIENTED_EDGE('',*,*,#5251,.T.);
#3460=ORIENTED_EDGE('',*,*,#5247,.T.);
#3461=ORIENTED_EDGE('',*,*,#5252,.F.);
#3462=ORIENTED_EDGE('',*,*,#5253,.F.);
#3463=ORIENTED_EDGE('',*,*,#5254,.T.);
#3464=ORIENTED_EDGE('',*,*,#5250,.T.);
#3465=ORIENTED_EDGE('',*,*,#5255,.F.);
#3466=ORIENTED_EDGE('',*,*,#5256,.F.);
#3467=ORIENTED_EDGE('',*,*,#5257,.T.);
#3468=ORIENTED_EDGE('',*,*,#5253,.T.);
#3469=ORIENTED_EDGE('',*,*,#4917,.F.);
#3470=ORIENTED_EDGE('',*,*,#5258,.F.);
#3471=ORIENTED_EDGE('',*,*,#5259,.T.);
#3472=ORIENTED_EDGE('',*,*,#5260,.T.);
#3473=ORIENTED_EDGE('',*,*,#4932,.F.);
#3474=ORIENTED_EDGE('',*,*,#5261,.F.);
#3475=ORIENTED_EDGE('',*,*,#5262,.T.);
#3476=ORIENTED_EDGE('',*,*,#5258,.T.);
#3477=ORIENTED_EDGE('',*,*,#4931,.F.);
#3478=ORIENTED_EDGE('',*,*,#5263,.F.);
#3479=ORIENTED_EDGE('',*,*,#5264,.T.);
#3480=ORIENTED_EDGE('',*,*,#5261,.T.);
#3481=ORIENTED_EDGE('',*,*,#4930,.F.);
#3482=ORIENTED_EDGE('',*,*,#5265,.F.);
#3483=ORIENTED_EDGE('',*,*,#5266,.T.);
#3484=ORIENTED_EDGE('',*,*,#5263,.T.);
#3485=ORIENTED_EDGE('',*,*,#4929,.F.);
#3486=ORIENTED_EDGE('',*,*,#5267,.F.);
#3487=ORIENTED_EDGE('',*,*,#5268,.T.);
#3488=ORIENTED_EDGE('',*,*,#5265,.T.);
#3489=ORIENTED_EDGE('',*,*,#4928,.F.);
#3490=ORIENTED_EDGE('',*,*,#5269,.F.);
#3491=ORIENTED_EDGE('',*,*,#5270,.T.);
#3492=ORIENTED_EDGE('',*,*,#5267,.T.);
#3493=ORIENTED_EDGE('',*,*,#4927,.F.);
#3494=ORIENTED_EDGE('',*,*,#5271,.F.);
#3495=ORIENTED_EDGE('',*,*,#5272,.T.);
#3496=ORIENTED_EDGE('',*,*,#5269,.T.);
#3497=ORIENTED_EDGE('',*,*,#4926,.F.);
#3498=ORIENTED_EDGE('',*,*,#5273,.F.);
#3499=ORIENTED_EDGE('',*,*,#5274,.T.);
#3500=ORIENTED_EDGE('',*,*,#5271,.T.);
#3501=ORIENTED_EDGE('',*,*,#4925,.F.);
#3502=ORIENTED_EDGE('',*,*,#5275,.F.);
#3503=ORIENTED_EDGE('',*,*,#5276,.T.);
#3504=ORIENTED_EDGE('',*,*,#5273,.T.);
#3505=ORIENTED_EDGE('',*,*,#4924,.F.);
#3506=ORIENTED_EDGE('',*,*,#5277,.F.);
#3507=ORIENTED_EDGE('',*,*,#5278,.T.);
#3508=ORIENTED_EDGE('',*,*,#5275,.T.);
#3509=ORIENTED_EDGE('',*,*,#4923,.F.);
#3510=ORIENTED_EDGE('',*,*,#5279,.F.);
#3511=ORIENTED_EDGE('',*,*,#5280,.T.);
#3512=ORIENTED_EDGE('',*,*,#5277,.T.);
#3513=ORIENTED_EDGE('',*,*,#4922,.F.);
#3514=ORIENTED_EDGE('',*,*,#5281,.F.);
#3515=ORIENTED_EDGE('',*,*,#5282,.T.);
#3516=ORIENTED_EDGE('',*,*,#5279,.T.);
#3517=ORIENTED_EDGE('',*,*,#4921,.F.);
#3518=ORIENTED_EDGE('',*,*,#5283,.F.);
#3519=ORIENTED_EDGE('',*,*,#5284,.T.);
#3520=ORIENTED_EDGE('',*,*,#5281,.T.);
#3521=ORIENTED_EDGE('',*,*,#4920,.F.);
#3522=ORIENTED_EDGE('',*,*,#5285,.F.);
#3523=ORIENTED_EDGE('',*,*,#5286,.T.);
#3524=ORIENTED_EDGE('',*,*,#5283,.T.);
#3525=ORIENTED_EDGE('',*,*,#4919,.F.);
#3526=ORIENTED_EDGE('',*,*,#5287,.F.);
#3527=ORIENTED_EDGE('',*,*,#5288,.T.);
#3528=ORIENTED_EDGE('',*,*,#5285,.T.);
#3529=ORIENTED_EDGE('',*,*,#4918,.F.);
#3530=ORIENTED_EDGE('',*,*,#5260,.F.);
#3531=ORIENTED_EDGE('',*,*,#5289,.T.);
#3532=ORIENTED_EDGE('',*,*,#5287,.T.);
#3533=ORIENTED_EDGE('',*,*,#5290,.F.);
#3534=ORIENTED_EDGE('',*,*,#5227,.F.);
#3535=ORIENTED_EDGE('',*,*,#5291,.T.);
#3536=ORIENTED_EDGE('',*,*,#5256,.T.);
#3537=ORIENTED_EDGE('',*,*,#5259,.F.);
#3538=ORIENTED_EDGE('',*,*,#5262,.F.);
#3539=ORIENTED_EDGE('',*,*,#5264,.F.);
#3540=ORIENTED_EDGE('',*,*,#5266,.F.);
#3541=ORIENTED_EDGE('',*,*,#5268,.F.);
#3542=ORIENTED_EDGE('',*,*,#5270,.F.);
#3543=ORIENTED_EDGE('',*,*,#5272,.F.);
#3544=ORIENTED_EDGE('',*,*,#5274,.F.);
#3545=ORIENTED_EDGE('',*,*,#5276,.F.);
#3546=ORIENTED_EDGE('',*,*,#5278,.F.);
#3547=ORIENTED_EDGE('',*,*,#5280,.F.);
#3548=ORIENTED_EDGE('',*,*,#5282,.F.);
#3549=ORIENTED_EDGE('',*,*,#5284,.F.);
#3550=ORIENTED_EDGE('',*,*,#5286,.F.);
#3551=ORIENTED_EDGE('',*,*,#5288,.F.);
#3552=ORIENTED_EDGE('',*,*,#5289,.F.);
#3553=ORIENTED_EDGE('',*,*,#5226,.F.);
#3554=ORIENTED_EDGE('',*,*,#5230,.F.);
#3555=ORIENTED_EDGE('',*,*,#5233,.F.);
#3556=ORIENTED_EDGE('',*,*,#5236,.F.);
#3557=ORIENTED_EDGE('',*,*,#5239,.F.);
#3558=ORIENTED_EDGE('',*,*,#5242,.F.);
#3559=ORIENTED_EDGE('',*,*,#5245,.F.);
#3560=ORIENTED_EDGE('',*,*,#5248,.F.);
#3561=ORIENTED_EDGE('',*,*,#5251,.F.);
#3562=ORIENTED_EDGE('',*,*,#5254,.F.);
#3563=ORIENTED_EDGE('',*,*,#5257,.F.);
#3564=ORIENTED_EDGE('',*,*,#5291,.F.);
#3565=ORIENTED_EDGE('',*,*,#4941,.F.);
#3566=ORIENTED_EDGE('',*,*,#5292,.F.);
#3567=ORIENTED_EDGE('',*,*,#5293,.T.);
#3568=ORIENTED_EDGE('',*,*,#5294,.T.);
#3569=ORIENTED_EDGE('',*,*,#4944,.F.);
#3570=ORIENTED_EDGE('',*,*,#5295,.F.);
#3571=ORIENTED_EDGE('',*,*,#5296,.T.);
#3572=ORIENTED_EDGE('',*,*,#5292,.T.);
#3573=ORIENTED_EDGE('',*,*,#4943,.F.);
#3574=ORIENTED_EDGE('',*,*,#5297,.F.);
#3575=ORIENTED_EDGE('',*,*,#5298,.T.);
#3576=ORIENTED_EDGE('',*,*,#5295,.T.);
#3577=ORIENTED_EDGE('',*,*,#4942,.F.);
#3578=ORIENTED_EDGE('',*,*,#5294,.F.);
#3579=ORIENTED_EDGE('',*,*,#5299,.T.);
#3580=ORIENTED_EDGE('',*,*,#5297,.T.);
#3581=ORIENTED_EDGE('',*,*,#5293,.F.);
#3582=ORIENTED_EDGE('',*,*,#5296,.F.);
#3583=ORIENTED_EDGE('',*,*,#5298,.F.);
#3584=ORIENTED_EDGE('',*,*,#5299,.F.);
#3585=ORIENTED_EDGE('',*,*,#4909,.F.);
#3586=ORIENTED_EDGE('',*,*,#5300,.F.);
#3587=ORIENTED_EDGE('',*,*,#5301,.T.);
#3588=ORIENTED_EDGE('',*,*,#5302,.T.);
#3589=ORIENTED_EDGE('',*,*,#4916,.F.);
#3590=ORIENTED_EDGE('',*,*,#5303,.F.);
#3591=ORIENTED_EDGE('',*,*,#5304,.T.);
#3592=ORIENTED_EDGE('',*,*,#5300,.T.);
#3593=ORIENTED_EDGE('',*,*,#4915,.F.);
#3594=ORIENTED_EDGE('',*,*,#5305,.F.);
#3595=ORIENTED_EDGE('',*,*,#5306,.T.);
#3596=ORIENTED_EDGE('',*,*,#5303,.T.);
#3597=ORIENTED_EDGE('',*,*,#4914,.F.);
#3598=ORIENTED_EDGE('',*,*,#5307,.F.);
#3599=ORIENTED_EDGE('',*,*,#5308,.T.);
#3600=ORIENTED_EDGE('',*,*,#5305,.T.);
#3601=ORIENTED_EDGE('',*,*,#4913,.F.);
#3602=ORIENTED_EDGE('',*,*,#5309,.F.);
#3603=ORIENTED_EDGE('',*,*,#5310,.T.);
#3604=ORIENTED_EDGE('',*,*,#5307,.T.);
#3605=ORIENTED_EDGE('',*,*,#4912,.F.);
#3606=ORIENTED_EDGE('',*,*,#5311,.F.);
#3607=ORIENTED_EDGE('',*,*,#5312,.T.);
#3608=ORIENTED_EDGE('',*,*,#5309,.T.);
#3609=ORIENTED_EDGE('',*,*,#4911,.F.);
#3610=ORIENTED_EDGE('',*,*,#5313,.F.);
#3611=ORIENTED_EDGE('',*,*,#5314,.T.);
#3612=ORIENTED_EDGE('',*,*,#5311,.T.);
#3613=ORIENTED_EDGE('',*,*,#4910,.F.);
#3614=ORIENTED_EDGE('',*,*,#5302,.F.);
#3615=ORIENTED_EDGE('',*,*,#5315,.T.);
#3616=ORIENTED_EDGE('',*,*,#5313,.T.);
#3617=ORIENTED_EDGE('',*,*,#5301,.F.);
#3618=ORIENTED_EDGE('',*,*,#5304,.F.);
#3619=ORIENTED_EDGE('',*,*,#5306,.F.);
#3620=ORIENTED_EDGE('',*,*,#5308,.F.);
#3621=ORIENTED_EDGE('',*,*,#5310,.F.);
#3622=ORIENTED_EDGE('',*,*,#5312,.F.);
#3623=ORIENTED_EDGE('',*,*,#5314,.F.);
#3624=ORIENTED_EDGE('',*,*,#5315,.F.);
#3625=ORIENTED_EDGE('',*,*,#4945,.F.);
#3626=ORIENTED_EDGE('',*,*,#5316,.F.);
#3627=ORIENTED_EDGE('',*,*,#5317,.T.);
#3628=ORIENTED_EDGE('',*,*,#5318,.T.);
#3629=ORIENTED_EDGE('',*,*,#4948,.F.);
#3630=ORIENTED_EDGE('',*,*,#5319,.F.);
#3631=ORIENTED_EDGE('',*,*,#5320,.T.);
#3632=ORIENTED_EDGE('',*,*,#5316,.T.);
#3633=ORIENTED_EDGE('',*,*,#4947,.F.);
#3634=ORIENTED_EDGE('',*,*,#5321,.F.);
#3635=ORIENTED_EDGE('',*,*,#5322,.T.);
#3636=ORIENTED_EDGE('',*,*,#5319,.T.);
#3637=ORIENTED_EDGE('',*,*,#4946,.F.);
#3638=ORIENTED_EDGE('',*,*,#5318,.F.);
#3639=ORIENTED_EDGE('',*,*,#5323,.T.);
#3640=ORIENTED_EDGE('',*,*,#5321,.T.);
#3641=ORIENTED_EDGE('',*,*,#5317,.F.);
#3642=ORIENTED_EDGE('',*,*,#5320,.F.);
#3643=ORIENTED_EDGE('',*,*,#5322,.F.);
#3644=ORIENTED_EDGE('',*,*,#5323,.F.);
#3645=ORIENTED_EDGE('',*,*,#4898,.F.);
#3646=ORIENTED_EDGE('',*,*,#5324,.F.);
#3647=ORIENTED_EDGE('',*,*,#5325,.T.);
#3648=ORIENTED_EDGE('',*,*,#5326,.T.);
#3649=ORIENTED_EDGE('',*,*,#4908,.F.);
#3650=ORIENTED_EDGE('',*,*,#5327,.F.);
#3651=ORIENTED_EDGE('',*,*,#5328,.T.);
#3652=ORIENTED_EDGE('',*,*,#5324,.T.);
#3653=ORIENTED_EDGE('',*,*,#4907,.F.);
#3654=ORIENTED_EDGE('',*,*,#5329,.F.);
#3655=ORIENTED_EDGE('',*,*,#5330,.T.);
#3656=ORIENTED_EDGE('',*,*,#5327,.T.);
#3657=ORIENTED_EDGE('',*,*,#4906,.F.);
#3658=ORIENTED_EDGE('',*,*,#5331,.F.);
#3659=ORIENTED_EDGE('',*,*,#5332,.T.);
#3660=ORIENTED_EDGE('',*,*,#5329,.T.);
#3661=ORIENTED_EDGE('',*,*,#4905,.F.);
#3662=ORIENTED_EDGE('',*,*,#5333,.F.);
#3663=ORIENTED_EDGE('',*,*,#5334,.T.);
#3664=ORIENTED_EDGE('',*,*,#5331,.T.);
#3665=ORIENTED_EDGE('',*,*,#4904,.F.);
#3666=ORIENTED_EDGE('',*,*,#5335,.F.);
#3667=ORIENTED_EDGE('',*,*,#5336,.T.);
#3668=ORIENTED_EDGE('',*,*,#5333,.T.);
#3669=ORIENTED_EDGE('',*,*,#4903,.F.);
#3670=ORIENTED_EDGE('',*,*,#5337,.F.);
#3671=ORIENTED_EDGE('',*,*,#5338,.T.);
#3672=ORIENTED_EDGE('',*,*,#5335,.T.);
#3673=ORIENTED_EDGE('',*,*,#4902,.F.);
#3674=ORIENTED_EDGE('',*,*,#5339,.F.);
#3675=ORIENTED_EDGE('',*,*,#5340,.T.);
#3676=ORIENTED_EDGE('',*,*,#5337,.T.);
#3677=ORIENTED_EDGE('',*,*,#4901,.F.);
#3678=ORIENTED_EDGE('',*,*,#5341,.F.);
#3679=ORIENTED_EDGE('',*,*,#5342,.T.);
#3680=ORIENTED_EDGE('',*,*,#5339,.T.);
#3681=ORIENTED_EDGE('',*,*,#4900,.F.);
#3682=ORIENTED_EDGE('',*,*,#5343,.F.);
#3683=ORIENTED_EDGE('',*,*,#5344,.T.);
#3684=ORIENTED_EDGE('',*,*,#5341,.T.);
#3685=ORIENTED_EDGE('',*,*,#4899,.F.);
#3686=ORIENTED_EDGE('',*,*,#5326,.F.);
#3687=ORIENTED_EDGE('',*,*,#5345,.T.);
#3688=ORIENTED_EDGE('',*,*,#5343,.T.);
#3689=ORIENTED_EDGE('',*,*,#5325,.F.);
#3690=ORIENTED_EDGE('',*,*,#5328,.F.);
#3691=ORIENTED_EDGE('',*,*,#5330,.F.);
#3692=ORIENTED_EDGE('',*,*,#5332,.F.);
#3693=ORIENTED_EDGE('',*,*,#5334,.F.);
#3694=ORIENTED_EDGE('',*,*,#5336,.F.);
#3695=ORIENTED_EDGE('',*,*,#5338,.F.);
#3696=ORIENTED_EDGE('',*,*,#5340,.F.);
#3697=ORIENTED_EDGE('',*,*,#5342,.F.);
#3698=ORIENTED_EDGE('',*,*,#5344,.F.);
#3699=ORIENTED_EDGE('',*,*,#5345,.F.);
#3700=ORIENTED_EDGE('',*,*,#5346,.F.);
#3701=ORIENTED_EDGE('',*,*,#5347,.F.);
#3702=ORIENTED_EDGE('',*,*,#5348,.T.);
#3703=ORIENTED_EDGE('',*,*,#5349,.T.);
#3704=ORIENTED_EDGE('',*,*,#5350,.F.);
#3705=ORIENTED_EDGE('',*,*,#5351,.F.);
#3706=ORIENTED_EDGE('',*,*,#5352,.T.);
#3707=ORIENTED_EDGE('',*,*,#5347,.T.);
#3708=ORIENTED_EDGE('',*,*,#5353,.F.);
#3709=ORIENTED_EDGE('',*,*,#5354,.F.);
#3710=ORIENTED_EDGE('',*,*,#5355,.T.);
#3711=ORIENTED_EDGE('',*,*,#5351,.T.);
#3712=ORIENTED_EDGE('',*,*,#5356,.F.);
#3713=ORIENTED_EDGE('',*,*,#5357,.F.);
#3714=ORIENTED_EDGE('',*,*,#5358,.T.);
#3715=ORIENTED_EDGE('',*,*,#5354,.T.);
#3716=ORIENTED_EDGE('',*,*,#5359,.F.);
#3717=ORIENTED_EDGE('',*,*,#5360,.F.);
#3718=ORIENTED_EDGE('',*,*,#5361,.T.);
#3719=ORIENTED_EDGE('',*,*,#5357,.T.);
#3720=ORIENTED_EDGE('',*,*,#5362,.F.);
#3721=ORIENTED_EDGE('',*,*,#5363,.F.);
#3722=ORIENTED_EDGE('',*,*,#5364,.T.);
#3723=ORIENTED_EDGE('',*,*,#5360,.T.);
#3724=ORIENTED_EDGE('',*,*,#5365,.F.);
#3725=ORIENTED_EDGE('',*,*,#5366,.F.);
#3726=ORIENTED_EDGE('',*,*,#5367,.T.);
#3727=ORIENTED_EDGE('',*,*,#5363,.T.);
#3728=ORIENTED_EDGE('',*,*,#5368,.F.);
#3729=ORIENTED_EDGE('',*,*,#5369,.F.);
#3730=ORIENTED_EDGE('',*,*,#5370,.T.);
#3731=ORIENTED_EDGE('',*,*,#5366,.T.);
#3732=ORIENTED_EDGE('',*,*,#5371,.F.);
#3733=ORIENTED_EDGE('',*,*,#5372,.F.);
#3734=ORIENTED_EDGE('',*,*,#5373,.T.);
#3735=ORIENTED_EDGE('',*,*,#5369,.T.);
#3736=ORIENTED_EDGE('',*,*,#4949,.F.);
#3737=ORIENTED_EDGE('',*,*,#5374,.F.);
#3738=ORIENTED_EDGE('',*,*,#5375,.T.);
#3739=ORIENTED_EDGE('',*,*,#5376,.T.);
#3740=ORIENTED_EDGE('',*,*,#4960,.F.);
#3741=ORIENTED_EDGE('',*,*,#5377,.F.);
#3742=ORIENTED_EDGE('',*,*,#5378,.T.);
#3743=ORIENTED_EDGE('',*,*,#5374,.T.);
#3744=ORIENTED_EDGE('',*,*,#4959,.F.);
#3745=ORIENTED_EDGE('',*,*,#5379,.F.);
#3746=ORIENTED_EDGE('',*,*,#5380,.T.);
#3747=ORIENTED_EDGE('',*,*,#5377,.T.);
#3748=ORIENTED_EDGE('',*,*,#4958,.F.);
#3749=ORIENTED_EDGE('',*,*,#5381,.F.);
#3750=ORIENTED_EDGE('',*,*,#5382,.T.);
#3751=ORIENTED_EDGE('',*,*,#5379,.T.);
#3752=ORIENTED_EDGE('',*,*,#4957,.F.);
#3753=ORIENTED_EDGE('',*,*,#5383,.F.);
#3754=ORIENTED_EDGE('',*,*,#5384,.T.);
#3755=ORIENTED_EDGE('',*,*,#5381,.T.);
#3756=ORIENTED_EDGE('',*,*,#4956,.F.);
#3757=ORIENTED_EDGE('',*,*,#5385,.F.);
#3758=ORIENTED_EDGE('',*,*,#5386,.T.);
#3759=ORIENTED_EDGE('',*,*,#5383,.T.);
#3760=ORIENTED_EDGE('',*,*,#4955,.F.);
#3761=ORIENTED_EDGE('',*,*,#5387,.F.);
#3762=ORIENTED_EDGE('',*,*,#5388,.T.);
#3763=ORIENTED_EDGE('',*,*,#5385,.T.);
#3764=ORIENTED_EDGE('',*,*,#4954,.F.);
#3765=ORIENTED_EDGE('',*,*,#5389,.F.);
#3766=ORIENTED_EDGE('',*,*,#5390,.T.);
#3767=ORIENTED_EDGE('',*,*,#5387,.T.);
#3768=ORIENTED_EDGE('',*,*,#4953,.F.);
#3769=ORIENTED_EDGE('',*,*,#5391,.F.);
#3770=ORIENTED_EDGE('',*,*,#5392,.T.);
#3771=ORIENTED_EDGE('',*,*,#5389,.T.);
#3772=ORIENTED_EDGE('',*,*,#4952,.F.);
#3773=ORIENTED_EDGE('',*,*,#5393,.F.);
#3774=ORIENTED_EDGE('',*,*,#5394,.T.);
#3775=ORIENTED_EDGE('',*,*,#5391,.T.);
#3776=ORIENTED_EDGE('',*,*,#4951,.F.);
#3777=ORIENTED_EDGE('',*,*,#5395,.F.);
#3778=ORIENTED_EDGE('',*,*,#5396,.T.);
#3779=ORIENTED_EDGE('',*,*,#5393,.T.);
#3780=ORIENTED_EDGE('',*,*,#4950,.F.);
#3781=ORIENTED_EDGE('',*,*,#5376,.F.);
#3782=ORIENTED_EDGE('',*,*,#5397,.T.);
#3783=ORIENTED_EDGE('',*,*,#5395,.T.);
#3784=ORIENTED_EDGE('',*,*,#5398,.F.);
#3785=ORIENTED_EDGE('',*,*,#5349,.F.);
#3786=ORIENTED_EDGE('',*,*,#5399,.T.);
#3787=ORIENTED_EDGE('',*,*,#5372,.T.);
#3788=ORIENTED_EDGE('',*,*,#5375,.F.);
#3789=ORIENTED_EDGE('',*,*,#5378,.F.);
#3790=ORIENTED_EDGE('',*,*,#5380,.F.);
#3791=ORIENTED_EDGE('',*,*,#5382,.F.);
#3792=ORIENTED_EDGE('',*,*,#5384,.F.);
#3793=ORIENTED_EDGE('',*,*,#5386,.F.);
#3794=ORIENTED_EDGE('',*,*,#5388,.F.);
#3795=ORIENTED_EDGE('',*,*,#5390,.F.);
#3796=ORIENTED_EDGE('',*,*,#5392,.F.);
#3797=ORIENTED_EDGE('',*,*,#5394,.F.);
#3798=ORIENTED_EDGE('',*,*,#5396,.F.);
#3799=ORIENTED_EDGE('',*,*,#5397,.F.);
#3800=ORIENTED_EDGE('',*,*,#5348,.F.);
#3801=ORIENTED_EDGE('',*,*,#5352,.F.);
#3802=ORIENTED_EDGE('',*,*,#5355,.F.);
#3803=ORIENTED_EDGE('',*,*,#5358,.F.);
#3804=ORIENTED_EDGE('',*,*,#5361,.F.);
#3805=ORIENTED_EDGE('',*,*,#5364,.F.);
#3806=ORIENTED_EDGE('',*,*,#5367,.F.);
#3807=ORIENTED_EDGE('',*,*,#5370,.F.);
#3808=ORIENTED_EDGE('',*,*,#5373,.F.);
#3809=ORIENTED_EDGE('',*,*,#5399,.F.);
#3810=ORIENTED_EDGE('',*,*,#4885,.F.);
#3811=ORIENTED_EDGE('',*,*,#5400,.F.);
#3812=ORIENTED_EDGE('',*,*,#5401,.T.);
#3813=ORIENTED_EDGE('',*,*,#5402,.T.);
#3814=ORIENTED_EDGE('',*,*,#4897,.F.);
#3815=ORIENTED_EDGE('',*,*,#5403,.F.);
#3816=ORIENTED_EDGE('',*,*,#5404,.T.);
#3817=ORIENTED_EDGE('',*,*,#5400,.T.);
#3818=ORIENTED_EDGE('',*,*,#4896,.F.);
#3819=ORIENTED_EDGE('',*,*,#5405,.F.);
#3820=ORIENTED_EDGE('',*,*,#5406,.T.);
#3821=ORIENTED_EDGE('',*,*,#5403,.T.);
#3822=ORIENTED_EDGE('',*,*,#4895,.F.);
#3823=ORIENTED_EDGE('',*,*,#5407,.F.);
#3824=ORIENTED_EDGE('',*,*,#5408,.T.);
#3825=ORIENTED_EDGE('',*,*,#5405,.T.);
#3826=ORIENTED_EDGE('',*,*,#4894,.F.);
#3827=ORIENTED_EDGE('',*,*,#5409,.F.);
#3828=ORIENTED_EDGE('',*,*,#5410,.T.);
#3829=ORIENTED_EDGE('',*,*,#5407,.T.);
#3830=ORIENTED_EDGE('',*,*,#4893,.F.);
#3831=ORIENTED_EDGE('',*,*,#5411,.F.);
#3832=ORIENTED_EDGE('',*,*,#5412,.T.);
#3833=ORIENTED_EDGE('',*,*,#5409,.T.);
#3834=ORIENTED_EDGE('',*,*,#4892,.F.);
#3835=ORIENTED_EDGE('',*,*,#5413,.F.);
#3836=ORIENTED_EDGE('',*,*,#5414,.T.);
#3837=ORIENTED_EDGE('',*,*,#5411,.T.);
#3838=ORIENTED_EDGE('',*,*,#4891,.F.);
#3839=ORIENTED_EDGE('',*,*,#5415,.F.);
#3840=ORIENTED_EDGE('',*,*,#5416,.T.);
#3841=ORIENTED_EDGE('',*,*,#5413,.T.);
#3842=ORIENTED_EDGE('',*,*,#4890,.F.);
#3843=ORIENTED_EDGE('',*,*,#5417,.F.);
#3844=ORIENTED_EDGE('',*,*,#5418,.T.);
#3845=ORIENTED_EDGE('',*,*,#5415,.T.);
#3846=ORIENTED_EDGE('',*,*,#4889,.F.);
#3847=ORIENTED_EDGE('',*,*,#5419,.F.);
#3848=ORIENTED_EDGE('',*,*,#5420,.T.);
#3849=ORIENTED_EDGE('',*,*,#5417,.T.);
#3850=ORIENTED_EDGE('',*,*,#4888,.F.);
#3851=ORIENTED_EDGE('',*,*,#5421,.F.);
#3852=ORIENTED_EDGE('',*,*,#5422,.T.);
#3853=ORIENTED_EDGE('',*,*,#5419,.T.);
#3854=ORIENTED_EDGE('',*,*,#4887,.F.);
#3855=ORIENTED_EDGE('',*,*,#5423,.F.);
#3856=ORIENTED_EDGE('',*,*,#5424,.T.);
#3857=ORIENTED_EDGE('',*,*,#5421,.T.);
#3858=ORIENTED_EDGE('',*,*,#4886,.F.);
#3859=ORIENTED_EDGE('',*,*,#5402,.F.);
#3860=ORIENTED_EDGE('',*,*,#5425,.T.);
#3861=ORIENTED_EDGE('',*,*,#5423,.T.);
#3862=ORIENTED_EDGE('',*,*,#5401,.F.);
#3863=ORIENTED_EDGE('',*,*,#5404,.F.);
#3864=ORIENTED_EDGE('',*,*,#5406,.F.);
#3865=ORIENTED_EDGE('',*,*,#5408,.F.);
#3866=ORIENTED_EDGE('',*,*,#5410,.F.);
#3867=ORIENTED_EDGE('',*,*,#5412,.F.);
#3868=ORIENTED_EDGE('',*,*,#5414,.F.);
#3869=ORIENTED_EDGE('',*,*,#5416,.F.);
#3870=ORIENTED_EDGE('',*,*,#5418,.F.);
#3871=ORIENTED_EDGE('',*,*,#5420,.F.);
#3872=ORIENTED_EDGE('',*,*,#5422,.F.);
#3873=ORIENTED_EDGE('',*,*,#5424,.F.);
#3874=ORIENTED_EDGE('',*,*,#5425,.F.);
#3875=ORIENTED_EDGE('',*,*,#5426,.F.);
#3876=ORIENTED_EDGE('',*,*,#5427,.F.);
#3877=ORIENTED_EDGE('',*,*,#5428,.T.);
#3878=ORIENTED_EDGE('',*,*,#5429,.T.);
#3879=ORIENTED_EDGE('',*,*,#5430,.F.);
#3880=ORIENTED_EDGE('',*,*,#5431,.F.);
#3881=ORIENTED_EDGE('',*,*,#5432,.T.);
#3882=ORIENTED_EDGE('',*,*,#5427,.T.);
#3883=ORIENTED_EDGE('',*,*,#5433,.F.);
#3884=ORIENTED_EDGE('',*,*,#5434,.F.);
#3885=ORIENTED_EDGE('',*,*,#5435,.T.);
#3886=ORIENTED_EDGE('',*,*,#5431,.T.);
#3887=ORIENTED_EDGE('',*,*,#5436,.F.);
#3888=ORIENTED_EDGE('',*,*,#5437,.F.);
#3889=ORIENTED_EDGE('',*,*,#5438,.T.);
#3890=ORIENTED_EDGE('',*,*,#5434,.T.);
#3891=ORIENTED_EDGE('',*,*,#5439,.F.);
#3892=ORIENTED_EDGE('',*,*,#5440,.F.);
#3893=ORIENTED_EDGE('',*,*,#5441,.T.);
#3894=ORIENTED_EDGE('',*,*,#5437,.T.);
#3895=ORIENTED_EDGE('',*,*,#5442,.F.);
#3896=ORIENTED_EDGE('',*,*,#5443,.F.);
#3897=ORIENTED_EDGE('',*,*,#5444,.T.);
#3898=ORIENTED_EDGE('',*,*,#5440,.T.);
#3899=ORIENTED_EDGE('',*,*,#5445,.F.);
#3900=ORIENTED_EDGE('',*,*,#5446,.F.);
#3901=ORIENTED_EDGE('',*,*,#5447,.T.);
#3902=ORIENTED_EDGE('',*,*,#5443,.T.);
#3903=ORIENTED_EDGE('',*,*,#5448,.F.);
#3904=ORIENTED_EDGE('',*,*,#5449,.F.);
#3905=ORIENTED_EDGE('',*,*,#5450,.T.);
#3906=ORIENTED_EDGE('',*,*,#5446,.T.);
#3907=ORIENTED_EDGE('',*,*,#5451,.F.);
#3908=ORIENTED_EDGE('',*,*,#5452,.F.);
#3909=ORIENTED_EDGE('',*,*,#5453,.T.);
#3910=ORIENTED_EDGE('',*,*,#5449,.T.);
#3911=ORIENTED_EDGE('',*,*,#4961,.F.);
#3912=ORIENTED_EDGE('',*,*,#5454,.F.);
#3913=ORIENTED_EDGE('',*,*,#5455,.T.);
#3914=ORIENTED_EDGE('',*,*,#5456,.T.);
#3915=ORIENTED_EDGE('',*,*,#4972,.F.);
#3916=ORIENTED_EDGE('',*,*,#5457,.F.);
#3917=ORIENTED_EDGE('',*,*,#5458,.T.);
#3918=ORIENTED_EDGE('',*,*,#5454,.T.);
#3919=ORIENTED_EDGE('',*,*,#4971,.F.);
#3920=ORIENTED_EDGE('',*,*,#5459,.F.);
#3921=ORIENTED_EDGE('',*,*,#5460,.T.);
#3922=ORIENTED_EDGE('',*,*,#5457,.T.);
#3923=ORIENTED_EDGE('',*,*,#4970,.F.);
#3924=ORIENTED_EDGE('',*,*,#5461,.F.);
#3925=ORIENTED_EDGE('',*,*,#5462,.T.);
#3926=ORIENTED_EDGE('',*,*,#5459,.T.);
#3927=ORIENTED_EDGE('',*,*,#4969,.F.);
#3928=ORIENTED_EDGE('',*,*,#5463,.F.);
#3929=ORIENTED_EDGE('',*,*,#5464,.T.);
#3930=ORIENTED_EDGE('',*,*,#5461,.T.);
#3931=ORIENTED_EDGE('',*,*,#4968,.F.);
#3932=ORIENTED_EDGE('',*,*,#5465,.F.);
#3933=ORIENTED_EDGE('',*,*,#5466,.T.);
#3934=ORIENTED_EDGE('',*,*,#5463,.T.);
#3935=ORIENTED_EDGE('',*,*,#4967,.F.);
#3936=ORIENTED_EDGE('',*,*,#5467,.F.);
#3937=ORIENTED_EDGE('',*,*,#5468,.T.);
#3938=ORIENTED_EDGE('',*,*,#5465,.T.);
#3939=ORIENTED_EDGE('',*,*,#4966,.F.);
#3940=ORIENTED_EDGE('',*,*,#5469,.F.);
#3941=ORIENTED_EDGE('',*,*,#5470,.T.);
#3942=ORIENTED_EDGE('',*,*,#5467,.T.);
#3943=ORIENTED_EDGE('',*,*,#4965,.F.);
#3944=ORIENTED_EDGE('',*,*,#5471,.F.);
#3945=ORIENTED_EDGE('',*,*,#5472,.T.);
#3946=ORIENTED_EDGE('',*,*,#5469,.T.);
#3947=ORIENTED_EDGE('',*,*,#4964,.F.);
#3948=ORIENTED_EDGE('',*,*,#5473,.F.);
#3949=ORIENTED_EDGE('',*,*,#5474,.T.);
#3950=ORIENTED_EDGE('',*,*,#5471,.T.);
#3951=ORIENTED_EDGE('',*,*,#4963,.F.);
#3952=ORIENTED_EDGE('',*,*,#5475,.F.);
#3953=ORIENTED_EDGE('',*,*,#5476,.T.);
#3954=ORIENTED_EDGE('',*,*,#5473,.T.);
#3955=ORIENTED_EDGE('',*,*,#4962,.F.);
#3956=ORIENTED_EDGE('',*,*,#5456,.F.);
#3957=ORIENTED_EDGE('',*,*,#5477,.T.);
#3958=ORIENTED_EDGE('',*,*,#5475,.T.);
#3959=ORIENTED_EDGE('',*,*,#5478,.F.);
#3960=ORIENTED_EDGE('',*,*,#5429,.F.);
#3961=ORIENTED_EDGE('',*,*,#5479,.T.);
#3962=ORIENTED_EDGE('',*,*,#5452,.T.);
#3963=ORIENTED_EDGE('',*,*,#5455,.F.);
#3964=ORIENTED_EDGE('',*,*,#5458,.F.);
#3965=ORIENTED_EDGE('',*,*,#5460,.F.);
#3966=ORIENTED_EDGE('',*,*,#5462,.F.);
#3967=ORIENTED_EDGE('',*,*,#5464,.F.);
#3968=ORIENTED_EDGE('',*,*,#5466,.F.);
#3969=ORIENTED_EDGE('',*,*,#5468,.F.);
#3970=ORIENTED_EDGE('',*,*,#5470,.F.);
#3971=ORIENTED_EDGE('',*,*,#5472,.F.);
#3972=ORIENTED_EDGE('',*,*,#5474,.F.);
#3973=ORIENTED_EDGE('',*,*,#5476,.F.);
#3974=ORIENTED_EDGE('',*,*,#5477,.F.);
#3975=ORIENTED_EDGE('',*,*,#5428,.F.);
#3976=ORIENTED_EDGE('',*,*,#5432,.F.);
#3977=ORIENTED_EDGE('',*,*,#5435,.F.);
#3978=ORIENTED_EDGE('',*,*,#5438,.F.);
#3979=ORIENTED_EDGE('',*,*,#5441,.F.);
#3980=ORIENTED_EDGE('',*,*,#5444,.F.);
#3981=ORIENTED_EDGE('',*,*,#5447,.F.);
#3982=ORIENTED_EDGE('',*,*,#5450,.F.);
#3983=ORIENTED_EDGE('',*,*,#5453,.F.);
#3984=ORIENTED_EDGE('',*,*,#5479,.F.);
#3985=ORIENTED_EDGE('',*,*,#4881,.F.);
#3986=ORIENTED_EDGE('',*,*,#5480,.F.);
#3987=ORIENTED_EDGE('',*,*,#5481,.T.);
#3988=ORIENTED_EDGE('',*,*,#5482,.T.);
#3989=ORIENTED_EDGE('',*,*,#4884,.F.);
#3990=ORIENTED_EDGE('',*,*,#5483,.F.);
#3991=ORIENTED_EDGE('',*,*,#5484,.T.);
#3992=ORIENTED_EDGE('',*,*,#5480,.T.);
#3993=ORIENTED_EDGE('',*,*,#4883,.F.);
#3994=ORIENTED_EDGE('',*,*,#5485,.F.);
#3995=ORIENTED_EDGE('',*,*,#5486,.T.);
#3996=ORIENTED_EDGE('',*,*,#5483,.T.);
#3997=ORIENTED_EDGE('',*,*,#4882,.F.);
#3998=ORIENTED_EDGE('',*,*,#5482,.F.);
#3999=ORIENTED_EDGE('',*,*,#5487,.T.);
#4000=ORIENTED_EDGE('',*,*,#5485,.T.);
#4001=ORIENTED_EDGE('',*,*,#5481,.F.);
#4002=ORIENTED_EDGE('',*,*,#5484,.F.);
#4003=ORIENTED_EDGE('',*,*,#5486,.F.);
#4004=ORIENTED_EDGE('',*,*,#5487,.F.);
#4005=ORIENTED_EDGE('',*,*,#4973,.F.);
#4006=ORIENTED_EDGE('',*,*,#5488,.F.);
#4007=ORIENTED_EDGE('',*,*,#5489,.T.);
#4008=ORIENTED_EDGE('',*,*,#5490,.T.);
#4009=ORIENTED_EDGE('',*,*,#4976,.F.);
#4010=ORIENTED_EDGE('',*,*,#5491,.F.);
#4011=ORIENTED_EDGE('',*,*,#5492,.T.);
#4012=ORIENTED_EDGE('',*,*,#5488,.T.);
#4013=ORIENTED_EDGE('',*,*,#4975,.F.);
#4014=ORIENTED_EDGE('',*,*,#5493,.F.);
#4015=ORIENTED_EDGE('',*,*,#5494,.T.);
#4016=ORIENTED_EDGE('',*,*,#5491,.T.);
#4017=ORIENTED_EDGE('',*,*,#4974,.F.);
#4018=ORIENTED_EDGE('',*,*,#5490,.F.);
#4019=ORIENTED_EDGE('',*,*,#5495,.T.);
#4020=ORIENTED_EDGE('',*,*,#5493,.T.);
#4021=ORIENTED_EDGE('',*,*,#5489,.F.);
#4022=ORIENTED_EDGE('',*,*,#5492,.F.);
#4023=ORIENTED_EDGE('',*,*,#5494,.F.);
#4024=ORIENTED_EDGE('',*,*,#5495,.F.);
#4025=ORIENTED_EDGE('',*,*,#5496,.F.);
#4026=ORIENTED_EDGE('',*,*,#5497,.F.);
#4027=ORIENTED_EDGE('',*,*,#5498,.T.);
#4028=ORIENTED_EDGE('',*,*,#5499,.T.);
#4029=ORIENTED_EDGE('',*,*,#5500,.F.);
#4030=ORIENTED_EDGE('',*,*,#5501,.F.);
#4031=ORIENTED_EDGE('',*,*,#5502,.T.);
#4032=ORIENTED_EDGE('',*,*,#5497,.T.);
#4033=ORIENTED_EDGE('',*,*,#5503,.F.);
#4034=ORIENTED_EDGE('',*,*,#5504,.F.);
#4035=ORIENTED_EDGE('',*,*,#5505,.T.);
#4036=ORIENTED_EDGE('',*,*,#5501,.T.);
#4037=ORIENTED_EDGE('',*,*,#5506,.F.);
#4038=ORIENTED_EDGE('',*,*,#5507,.F.);
#4039=ORIENTED_EDGE('',*,*,#5508,.T.);
#4040=ORIENTED_EDGE('',*,*,#5504,.T.);
#4041=ORIENTED_EDGE('',*,*,#5509,.F.);
#4042=ORIENTED_EDGE('',*,*,#5510,.F.);
#4043=ORIENTED_EDGE('',*,*,#5511,.T.);
#4044=ORIENTED_EDGE('',*,*,#5507,.T.);
#4045=ORIENTED_EDGE('',*,*,#4861,.F.);
#4046=ORIENTED_EDGE('',*,*,#5512,.F.);
#4047=ORIENTED_EDGE('',*,*,#5513,.T.);
#4048=ORIENTED_EDGE('',*,*,#5514,.T.);
#4049=ORIENTED_EDGE('',*,*,#4880,.F.);
#4050=ORIENTED_EDGE('',*,*,#5515,.F.);
#4051=ORIENTED_EDGE('',*,*,#5516,.T.);
#4052=ORIENTED_EDGE('',*,*,#5512,.T.);
#4053=ORIENTED_EDGE('',*,*,#4879,.F.);
#4054=ORIENTED_EDGE('',*,*,#5517,.F.);
#4055=ORIENTED_EDGE('',*,*,#5518,.T.);
#4056=ORIENTED_EDGE('',*,*,#5515,.T.);
#4057=ORIENTED_EDGE('',*,*,#4878,.F.);
#4058=ORIENTED_EDGE('',*,*,#5519,.F.);
#4059=ORIENTED_EDGE('',*,*,#5520,.T.);
#4060=ORIENTED_EDGE('',*,*,#5517,.T.);
#4061=ORIENTED_EDGE('',*,*,#4877,.F.);
#4062=ORIENTED_EDGE('',*,*,#5521,.F.);
#4063=ORIENTED_EDGE('',*,*,#5522,.T.);
#4064=ORIENTED_EDGE('',*,*,#5519,.T.);
#4065=ORIENTED_EDGE('',*,*,#4876,.F.);
#4066=ORIENTED_EDGE('',*,*,#5523,.F.);
#4067=ORIENTED_EDGE('',*,*,#5524,.T.);
#4068=ORIENTED_EDGE('',*,*,#5521,.T.);
#4069=ORIENTED_EDGE('',*,*,#4875,.F.);
#4070=ORIENTED_EDGE('',*,*,#5525,.F.);
#4071=ORIENTED_EDGE('',*,*,#5526,.T.);
#4072=ORIENTED_EDGE('',*,*,#5523,.T.);
#4073=ORIENTED_EDGE('',*,*,#4874,.F.);
#4074=ORIENTED_EDGE('',*,*,#5527,.F.);
#4075=ORIENTED_EDGE('',*,*,#5528,.T.);
#4076=ORIENTED_EDGE('',*,*,#5525,.T.);
#4077=ORIENTED_EDGE('',*,*,#4873,.F.);
#4078=ORIENTED_EDGE('',*,*,#5529,.F.);
#4079=ORIENTED_EDGE('',*,*,#5530,.T.);
#4080=ORIENTED_EDGE('',*,*,#5527,.T.);
#4081=ORIENTED_EDGE('',*,*,#4872,.F.);
#4082=ORIENTED_EDGE('',*,*,#5531,.F.);
#4083=ORIENTED_EDGE('',*,*,#5532,.T.);
#4084=ORIENTED_EDGE('',*,*,#5529,.T.);
#4085=ORIENTED_EDGE('',*,*,#4871,.F.);
#4086=ORIENTED_EDGE('',*,*,#5533,.F.);
#4087=ORIENTED_EDGE('',*,*,#5534,.T.);
#4088=ORIENTED_EDGE('',*,*,#5531,.T.);
#4089=ORIENTED_EDGE('',*,*,#4870,.F.);
#4090=ORIENTED_EDGE('',*,*,#5535,.F.);
#4091=ORIENTED_EDGE('',*,*,#5536,.T.);
#4092=ORIENTED_EDGE('',*,*,#5533,.T.);
#4093=ORIENTED_EDGE('',*,*,#4869,.F.);
#4094=ORIENTED_EDGE('',*,*,#5537,.F.);
#4095=ORIENTED_EDGE('',*,*,#5538,.T.);
#4096=ORIENTED_EDGE('',*,*,#5535,.T.);
#4097=ORIENTED_EDGE('',*,*,#4868,.F.);
#4098=ORIENTED_EDGE('',*,*,#5539,.F.);
#4099=ORIENTED_EDGE('',*,*,#5540,.T.);
#4100=ORIENTED_EDGE('',*,*,#5537,.T.);
#4101=ORIENTED_EDGE('',*,*,#4867,.F.);
#4102=ORIENTED_EDGE('',*,*,#5541,.F.);
#4103=ORIENTED_EDGE('',*,*,#5542,.T.);
#4104=ORIENTED_EDGE('',*,*,#5539,.T.);
#4105=ORIENTED_EDGE('',*,*,#4866,.F.);
#4106=ORIENTED_EDGE('',*,*,#5543,.F.);
#4107=ORIENTED_EDGE('',*,*,#5544,.T.);
#4108=ORIENTED_EDGE('',*,*,#5541,.T.);
#4109=ORIENTED_EDGE('',*,*,#4865,.F.);
#4110=ORIENTED_EDGE('',*,*,#5545,.F.);
#4111=ORIENTED_EDGE('',*,*,#5546,.T.);
#4112=ORIENTED_EDGE('',*,*,#5543,.T.);
#4113=ORIENTED_EDGE('',*,*,#4864,.F.);
#4114=ORIENTED_EDGE('',*,*,#5547,.F.);
#4115=ORIENTED_EDGE('',*,*,#5548,.T.);
#4116=ORIENTED_EDGE('',*,*,#5545,.T.);
#4117=ORIENTED_EDGE('',*,*,#4863,.F.);
#4118=ORIENTED_EDGE('',*,*,#5549,.F.);
#4119=ORIENTED_EDGE('',*,*,#5550,.T.);
#4120=ORIENTED_EDGE('',*,*,#5547,.T.);
#4121=ORIENTED_EDGE('',*,*,#4862,.F.);
#4122=ORIENTED_EDGE('',*,*,#5514,.F.);
#4123=ORIENTED_EDGE('',*,*,#5551,.T.);
#4124=ORIENTED_EDGE('',*,*,#5549,.T.);
#4125=ORIENTED_EDGE('',*,*,#5552,.F.);
#4126=ORIENTED_EDGE('',*,*,#5499,.F.);
#4127=ORIENTED_EDGE('',*,*,#5553,.T.);
#4128=ORIENTED_EDGE('',*,*,#5510,.T.);
#4129=ORIENTED_EDGE('',*,*,#5513,.F.);
#4130=ORIENTED_EDGE('',*,*,#5516,.F.);
#4131=ORIENTED_EDGE('',*,*,#5518,.F.);
#4132=ORIENTED_EDGE('',*,*,#5520,.F.);
#4133=ORIENTED_EDGE('',*,*,#5522,.F.);
#4134=ORIENTED_EDGE('',*,*,#5524,.F.);
#4135=ORIENTED_EDGE('',*,*,#5526,.F.);
#4136=ORIENTED_EDGE('',*,*,#5528,.F.);
#4137=ORIENTED_EDGE('',*,*,#5530,.F.);
#4138=ORIENTED_EDGE('',*,*,#5532,.F.);
#4139=ORIENTED_EDGE('',*,*,#5534,.F.);
#4140=ORIENTED_EDGE('',*,*,#5536,.F.);
#4141=ORIENTED_EDGE('',*,*,#5538,.F.);
#4142=ORIENTED_EDGE('',*,*,#5540,.F.);
#4143=ORIENTED_EDGE('',*,*,#5542,.F.);
#4144=ORIENTED_EDGE('',*,*,#5544,.F.);
#4145=ORIENTED_EDGE('',*,*,#5546,.F.);
#4146=ORIENTED_EDGE('',*,*,#5548,.F.);
#4147=ORIENTED_EDGE('',*,*,#5550,.F.);
#4148=ORIENTED_EDGE('',*,*,#5551,.F.);
#4149=ORIENTED_EDGE('',*,*,#5498,.F.);
#4150=ORIENTED_EDGE('',*,*,#5502,.F.);
#4151=ORIENTED_EDGE('',*,*,#5505,.F.);
#4152=ORIENTED_EDGE('',*,*,#5508,.F.);
#4153=ORIENTED_EDGE('',*,*,#5511,.F.);
#4154=ORIENTED_EDGE('',*,*,#5553,.F.);
#4155=ORIENTED_EDGE('',*,*,#4977,.F.);
#4156=ORIENTED_EDGE('',*,*,#5554,.F.);
#4157=ORIENTED_EDGE('',*,*,#5555,.T.);
#4158=ORIENTED_EDGE('',*,*,#5556,.T.);
#4159=ORIENTED_EDGE('',*,*,#4995,.F.);
#4160=ORIENTED_EDGE('',*,*,#5557,.F.);
#4161=ORIENTED_EDGE('',*,*,#5558,.T.);
#4162=ORIENTED_EDGE('',*,*,#5554,.T.);
#4163=ORIENTED_EDGE('',*,*,#4994,.F.);
#4164=ORIENTED_EDGE('',*,*,#5559,.F.);
#4165=ORIENTED_EDGE('',*,*,#5560,.T.);
#4166=ORIENTED_EDGE('',*,*,#5557,.T.);
#4167=ORIENTED_EDGE('',*,*,#4993,.F.);
#4168=ORIENTED_EDGE('',*,*,#5561,.F.);
#4169=ORIENTED_EDGE('',*,*,#5562,.T.);
#4170=ORIENTED_EDGE('',*,*,#5559,.T.);
#4171=ORIENTED_EDGE('',*,*,#4992,.F.);
#4172=ORIENTED_EDGE('',*,*,#5563,.F.);
#4173=ORIENTED_EDGE('',*,*,#5564,.T.);
#4174=ORIENTED_EDGE('',*,*,#5561,.T.);
#4175=ORIENTED_EDGE('',*,*,#4991,.F.);
#4176=ORIENTED_EDGE('',*,*,#5565,.F.);
#4177=ORIENTED_EDGE('',*,*,#5566,.T.);
#4178=ORIENTED_EDGE('',*,*,#5563,.T.);
#4179=ORIENTED_EDGE('',*,*,#4990,.F.);
#4180=ORIENTED_EDGE('',*,*,#5567,.F.);
#4181=ORIENTED_EDGE('',*,*,#5568,.T.);
#4182=ORIENTED_EDGE('',*,*,#5565,.T.);
#4183=ORIENTED_EDGE('',*,*,#4989,.F.);
#4184=ORIENTED_EDGE('',*,*,#5569,.F.);
#4185=ORIENTED_EDGE('',*,*,#5570,.T.);
#4186=ORIENTED_EDGE('',*,*,#5567,.T.);
#4187=ORIENTED_EDGE('',*,*,#4988,.F.);
#4188=ORIENTED_EDGE('',*,*,#5571,.F.);
#4189=ORIENTED_EDGE('',*,*,#5572,.T.);
#4190=ORIENTED_EDGE('',*,*,#5569,.T.);
#4191=ORIENTED_EDGE('',*,*,#4987,.F.);
#4192=ORIENTED_EDGE('',*,*,#5573,.F.);
#4193=ORIENTED_EDGE('',*,*,#5574,.T.);
#4194=ORIENTED_EDGE('',*,*,#5571,.T.);
#4195=ORIENTED_EDGE('',*,*,#4986,.F.);
#4196=ORIENTED_EDGE('',*,*,#5575,.F.);
#4197=ORIENTED_EDGE('',*,*,#5576,.T.);
#4198=ORIENTED_EDGE('',*,*,#5573,.T.);
#4199=ORIENTED_EDGE('',*,*,#4985,.F.);
#4200=ORIENTED_EDGE('',*,*,#5577,.F.);
#4201=ORIENTED_EDGE('',*,*,#5578,.T.);
#4202=ORIENTED_EDGE('',*,*,#5575,.T.);
#4203=ORIENTED_EDGE('',*,*,#4984,.F.);
#4204=ORIENTED_EDGE('',*,*,#5579,.F.);
#4205=ORIENTED_EDGE('',*,*,#5580,.T.);
#4206=ORIENTED_EDGE('',*,*,#5577,.T.);
#4207=ORIENTED_EDGE('',*,*,#4983,.F.);
#4208=ORIENTED_EDGE('',*,*,#5581,.F.);
#4209=ORIENTED_EDGE('',*,*,#5582,.T.);
#4210=ORIENTED_EDGE('',*,*,#5579,.T.);
#4211=ORIENTED_EDGE('',*,*,#4982,.F.);
#4212=ORIENTED_EDGE('',*,*,#5583,.F.);
#4213=ORIENTED_EDGE('',*,*,#5584,.T.);
#4214=ORIENTED_EDGE('',*,*,#5581,.T.);
#4215=ORIENTED_EDGE('',*,*,#4981,.F.);
#4216=ORIENTED_EDGE('',*,*,#5585,.F.);
#4217=ORIENTED_EDGE('',*,*,#5586,.T.);
#4218=ORIENTED_EDGE('',*,*,#5583,.T.);
#4219=ORIENTED_EDGE('',*,*,#4980,.F.);
#4220=ORIENTED_EDGE('',*,*,#5587,.F.);
#4221=ORIENTED_EDGE('',*,*,#5588,.T.);
#4222=ORIENTED_EDGE('',*,*,#5585,.T.);
#4223=ORIENTED_EDGE('',*,*,#4979,.F.);
#4224=ORIENTED_EDGE('',*,*,#5589,.F.);
#4225=ORIENTED_EDGE('',*,*,#5590,.T.);
#4226=ORIENTED_EDGE('',*,*,#5587,.T.);
#4227=ORIENTED_EDGE('',*,*,#4978,.F.);
#4228=ORIENTED_EDGE('',*,*,#5556,.F.);
#4229=ORIENTED_EDGE('',*,*,#5591,.T.);
#4230=ORIENTED_EDGE('',*,*,#5589,.T.);
#4231=ORIENTED_EDGE('',*,*,#5555,.F.);
#4232=ORIENTED_EDGE('',*,*,#5558,.F.);
#4233=ORIENTED_EDGE('',*,*,#5560,.F.);
#4234=ORIENTED_EDGE('',*,*,#5562,.F.);
#4235=ORIENTED_EDGE('',*,*,#5564,.F.);
#4236=ORIENTED_EDGE('',*,*,#5566,.F.);
#4237=ORIENTED_EDGE('',*,*,#5568,.F.);
#4238=ORIENTED_EDGE('',*,*,#5570,.F.);
#4239=ORIENTED_EDGE('',*,*,#5572,.F.);
#4240=ORIENTED_EDGE('',*,*,#5574,.F.);
#4241=ORIENTED_EDGE('',*,*,#5576,.F.);
#4242=ORIENTED_EDGE('',*,*,#5578,.F.);
#4243=ORIENTED_EDGE('',*,*,#5580,.F.);
#4244=ORIENTED_EDGE('',*,*,#5582,.F.);
#4245=ORIENTED_EDGE('',*,*,#5584,.F.);
#4246=ORIENTED_EDGE('',*,*,#5586,.F.);
#4247=ORIENTED_EDGE('',*,*,#5588,.F.);
#4248=ORIENTED_EDGE('',*,*,#5590,.F.);
#4249=ORIENTED_EDGE('',*,*,#5591,.F.);
#4250=ORIENTED_EDGE('',*,*,#5224,.T.);
#4251=ORIENTED_EDGE('',*,*,#5290,.T.);
#4252=ORIENTED_EDGE('',*,*,#5255,.T.);
#4253=ORIENTED_EDGE('',*,*,#5252,.T.);
#4254=ORIENTED_EDGE('',*,*,#5249,.T.);
#4255=ORIENTED_EDGE('',*,*,#5246,.T.);
#4256=ORIENTED_EDGE('',*,*,#5243,.T.);
#4257=ORIENTED_EDGE('',*,*,#5240,.T.);
#4258=ORIENTED_EDGE('',*,*,#5237,.T.);
#4259=ORIENTED_EDGE('',*,*,#5234,.T.);
#4260=ORIENTED_EDGE('',*,*,#5231,.T.);
#4261=ORIENTED_EDGE('',*,*,#5228,.T.);
#4262=ORIENTED_EDGE('',*,*,#5346,.T.);
#4263=ORIENTED_EDGE('',*,*,#5398,.T.);
#4264=ORIENTED_EDGE('',*,*,#5371,.T.);
#4265=ORIENTED_EDGE('',*,*,#5368,.T.);
#4266=ORIENTED_EDGE('',*,*,#5365,.T.);
#4267=ORIENTED_EDGE('',*,*,#5362,.T.);
#4268=ORIENTED_EDGE('',*,*,#5359,.T.);
#4269=ORIENTED_EDGE('',*,*,#5356,.T.);
#4270=ORIENTED_EDGE('',*,*,#5353,.T.);
#4271=ORIENTED_EDGE('',*,*,#5350,.T.);
#4272=ORIENTED_EDGE('',*,*,#5426,.T.);
#4273=ORIENTED_EDGE('',*,*,#5478,.T.);
#4274=ORIENTED_EDGE('',*,*,#5451,.T.);
#4275=ORIENTED_EDGE('',*,*,#5448,.T.);
#4276=ORIENTED_EDGE('',*,*,#5445,.T.);
#4277=ORIENTED_EDGE('',*,*,#5442,.T.);
#4278=ORIENTED_EDGE('',*,*,#5439,.T.);
#4279=ORIENTED_EDGE('',*,*,#5436,.T.);
#4280=ORIENTED_EDGE('',*,*,#5433,.T.);
#4281=ORIENTED_EDGE('',*,*,#5430,.T.);
#4282=ORIENTED_EDGE('',*,*,#5496,.T.);
#4283=ORIENTED_EDGE('',*,*,#5552,.T.);
#4284=ORIENTED_EDGE('',*,*,#5509,.T.);
#4285=ORIENTED_EDGE('',*,*,#5506,.T.);
#4286=ORIENTED_EDGE('',*,*,#5503,.T.);
#4287=ORIENTED_EDGE('',*,*,#5500,.T.);
#4288=ORIENTED_EDGE('',*,*,#5592,.T.);
#4289=ORIENTED_EDGE('',*,*,#5593,.F.);
#4290=ORIENTED_EDGE('',*,*,#5594,.F.);
#4291=ORIENTED_EDGE('',*,*,#5595,.T.);
#4292=ORIENTED_EDGE('',*,*,#5596,.T.);
#4293=ORIENTED_EDGE('',*,*,#5595,.F.);
#4294=ORIENTED_EDGE('',*,*,#5597,.F.);
#4295=ORIENTED_EDGE('',*,*,#5598,.T.);
#4296=ORIENTED_EDGE('',*,*,#5599,.T.);
#4297=ORIENTED_EDGE('',*,*,#5598,.F.);
#4298=ORIENTED_EDGE('',*,*,#5600,.F.);
#4299=ORIENTED_EDGE('',*,*,#5601,.T.);
#4300=ORIENTED_EDGE('',*,*,#5602,.T.);
#4301=ORIENTED_EDGE('',*,*,#5601,.F.);
#4302=ORIENTED_EDGE('',*,*,#5603,.F.);
#4303=ORIENTED_EDGE('',*,*,#5604,.T.);
#4304=ORIENTED_EDGE('',*,*,#5605,.T.);
#4305=ORIENTED_EDGE('',*,*,#5604,.F.);
#4306=ORIENTED_EDGE('',*,*,#5606,.F.);
#4307=ORIENTED_EDGE('',*,*,#5607,.T.);
#4308=ORIENTED_EDGE('',*,*,#5608,.T.);
#4309=ORIENTED_EDGE('',*,*,#5609,.F.);
#4310=ORIENTED_EDGE('',*,*,#5610,.F.);
#4311=ORIENTED_EDGE('',*,*,#5611,.T.);
#4312=ORIENTED_EDGE('',*,*,#5612,.T.);
#4313=ORIENTED_EDGE('',*,*,#5611,.F.);
#4314=ORIENTED_EDGE('',*,*,#5613,.F.);
#4315=ORIENTED_EDGE('',*,*,#5614,.T.);
#4316=ORIENTED_EDGE('',*,*,#5615,.T.);
#4317=ORIENTED_EDGE('',*,*,#5614,.F.);
#4318=ORIENTED_EDGE('',*,*,#5616,.F.);
#4319=ORIENTED_EDGE('',*,*,#5617,.T.);
#4320=ORIENTED_EDGE('',*,*,#5618,.T.);
#4321=ORIENTED_EDGE('',*,*,#5617,.F.);
#4322=ORIENTED_EDGE('',*,*,#5619,.F.);
#4323=ORIENTED_EDGE('',*,*,#5620,.T.);
#4324=ORIENTED_EDGE('',*,*,#5621,.T.);
#4325=ORIENTED_EDGE('',*,*,#5620,.F.);
#4326=ORIENTED_EDGE('',*,*,#5622,.F.);
#4327=ORIENTED_EDGE('',*,*,#5623,.T.);
#4328=ORIENTED_EDGE('',*,*,#5624,.T.);
#4329=ORIENTED_EDGE('',*,*,#5623,.F.);
#4330=ORIENTED_EDGE('',*,*,#5625,.F.);
#4331=ORIENTED_EDGE('',*,*,#5626,.T.);
#4332=ORIENTED_EDGE('',*,*,#5627,.T.);
#4333=ORIENTED_EDGE('',*,*,#5626,.F.);
#4334=ORIENTED_EDGE('',*,*,#5628,.F.);
#4335=ORIENTED_EDGE('',*,*,#5629,.T.);
#4336=ORIENTED_EDGE('',*,*,#5630,.T.);
#4337=ORIENTED_EDGE('',*,*,#5629,.F.);
#4338=ORIENTED_EDGE('',*,*,#5631,.F.);
#4339=ORIENTED_EDGE('',*,*,#5632,.T.);
#4340=ORIENTED_EDGE('',*,*,#5633,.T.);
#4341=ORIENTED_EDGE('',*,*,#5632,.F.);
#4342=ORIENTED_EDGE('',*,*,#5634,.F.);
#4343=ORIENTED_EDGE('',*,*,#5635,.T.);
#4344=ORIENTED_EDGE('',*,*,#5636,.T.);
#4345=ORIENTED_EDGE('',*,*,#5635,.F.);
#4346=ORIENTED_EDGE('',*,*,#5637,.F.);
#4347=ORIENTED_EDGE('',*,*,#5638,.T.);
#4348=ORIENTED_EDGE('',*,*,#5639,.T.);
#4349=ORIENTED_EDGE('',*,*,#5638,.F.);
#4350=ORIENTED_EDGE('',*,*,#5640,.F.);
#4351=ORIENTED_EDGE('',*,*,#5641,.T.);
#4352=ORIENTED_EDGE('',*,*,#5642,.T.);
#4353=ORIENTED_EDGE('',*,*,#5641,.F.);
#4354=ORIENTED_EDGE('',*,*,#5643,.F.);
#4355=ORIENTED_EDGE('',*,*,#5644,.T.);
#4356=ORIENTED_EDGE('',*,*,#5645,.T.);
#4357=ORIENTED_EDGE('',*,*,#5644,.F.);
#4358=ORIENTED_EDGE('',*,*,#5646,.F.);
#4359=ORIENTED_EDGE('',*,*,#5647,.T.);
#4360=ORIENTED_EDGE('',*,*,#5648,.T.);
#4361=ORIENTED_EDGE('',*,*,#5647,.F.);
#4362=ORIENTED_EDGE('',*,*,#5649,.F.);
#4363=ORIENTED_EDGE('',*,*,#5650,.T.);
#4364=ORIENTED_EDGE('',*,*,#5651,.T.);
#4365=ORIENTED_EDGE('',*,*,#5650,.F.);
#4366=ORIENTED_EDGE('',*,*,#5652,.F.);
#4367=ORIENTED_EDGE('',*,*,#5653,.T.);
#4368=ORIENTED_EDGE('',*,*,#5654,.T.);
#4369=ORIENTED_EDGE('',*,*,#5653,.F.);
#4370=ORIENTED_EDGE('',*,*,#5655,.F.);
#4371=ORIENTED_EDGE('',*,*,#5656,.T.);
#4372=ORIENTED_EDGE('',*,*,#5657,.T.);
#4373=ORIENTED_EDGE('',*,*,#5656,.F.);
#4374=ORIENTED_EDGE('',*,*,#5658,.F.);
#4375=ORIENTED_EDGE('',*,*,#5659,.T.);
#4376=ORIENTED_EDGE('',*,*,#5660,.T.);
#4377=ORIENTED_EDGE('',*,*,#5659,.F.);
#4378=ORIENTED_EDGE('',*,*,#5661,.F.);
#4379=ORIENTED_EDGE('',*,*,#5662,.T.);
#4380=ORIENTED_EDGE('',*,*,#5663,.T.);
#4381=ORIENTED_EDGE('',*,*,#5662,.F.);
#4382=ORIENTED_EDGE('',*,*,#5664,.F.);
#4383=ORIENTED_EDGE('',*,*,#5665,.T.);
#4384=ORIENTED_EDGE('',*,*,#5666,.T.);
#4385=ORIENTED_EDGE('',*,*,#5665,.F.);
#4386=ORIENTED_EDGE('',*,*,#5667,.F.);
#4387=ORIENTED_EDGE('',*,*,#5609,.T.);
#4388=ORIENTED_EDGE('',*,*,#5668,.T.);
#4389=ORIENTED_EDGE('',*,*,#5607,.F.);
#4390=ORIENTED_EDGE('',*,*,#5669,.F.);
#4391=ORIENTED_EDGE('',*,*,#5593,.T.);
#4392=ORIENTED_EDGE('',*,*,#5610,.T.);
#4393=ORIENTED_EDGE('',*,*,#5667,.T.);
#4394=ORIENTED_EDGE('',*,*,#5664,.T.);
#4395=ORIENTED_EDGE('',*,*,#5661,.T.);
#4396=ORIENTED_EDGE('',*,*,#5658,.T.);
#4397=ORIENTED_EDGE('',*,*,#5655,.T.);
#4398=ORIENTED_EDGE('',*,*,#5652,.T.);
#4399=ORIENTED_EDGE('',*,*,#5649,.T.);
#4400=ORIENTED_EDGE('',*,*,#5646,.T.);
#4401=ORIENTED_EDGE('',*,*,#5643,.T.);
#4402=ORIENTED_EDGE('',*,*,#5640,.T.);
#4403=ORIENTED_EDGE('',*,*,#5637,.T.);
#4404=ORIENTED_EDGE('',*,*,#5634,.T.);
#4405=ORIENTED_EDGE('',*,*,#5631,.T.);
#4406=ORIENTED_EDGE('',*,*,#5628,.T.);
#4407=ORIENTED_EDGE('',*,*,#5625,.T.);
#4408=ORIENTED_EDGE('',*,*,#5622,.T.);
#4409=ORIENTED_EDGE('',*,*,#5619,.T.);
#4410=ORIENTED_EDGE('',*,*,#5616,.T.);
#4411=ORIENTED_EDGE('',*,*,#5613,.T.);
#4412=ORIENTED_EDGE('',*,*,#5594,.T.);
#4413=ORIENTED_EDGE('',*,*,#5669,.T.);
#4414=ORIENTED_EDGE('',*,*,#5606,.T.);
#4415=ORIENTED_EDGE('',*,*,#5603,.T.);
#4416=ORIENTED_EDGE('',*,*,#5600,.T.);
#4417=ORIENTED_EDGE('',*,*,#5597,.T.);
#4418=ORIENTED_EDGE('',*,*,#5608,.F.);
#4419=ORIENTED_EDGE('',*,*,#5612,.F.);
#4420=ORIENTED_EDGE('',*,*,#5615,.F.);
#4421=ORIENTED_EDGE('',*,*,#5618,.F.);
#4422=ORIENTED_EDGE('',*,*,#5621,.F.);
#4423=ORIENTED_EDGE('',*,*,#5624,.F.);
#4424=ORIENTED_EDGE('',*,*,#5627,.F.);
#4425=ORIENTED_EDGE('',*,*,#5630,.F.);
#4426=ORIENTED_EDGE('',*,*,#5633,.F.);
#4427=ORIENTED_EDGE('',*,*,#5636,.F.);
#4428=ORIENTED_EDGE('',*,*,#5639,.F.);
#4429=ORIENTED_EDGE('',*,*,#5642,.F.);
#4430=ORIENTED_EDGE('',*,*,#5645,.F.);
#4431=ORIENTED_EDGE('',*,*,#5648,.F.);
#4432=ORIENTED_EDGE('',*,*,#5651,.F.);
#4433=ORIENTED_EDGE('',*,*,#5654,.F.);
#4434=ORIENTED_EDGE('',*,*,#5657,.F.);
#4435=ORIENTED_EDGE('',*,*,#5660,.F.);
#4436=ORIENTED_EDGE('',*,*,#5663,.F.);
#4437=ORIENTED_EDGE('',*,*,#5666,.F.);
#4438=ORIENTED_EDGE('',*,*,#5592,.F.);
#4439=ORIENTED_EDGE('',*,*,#5596,.F.);
#4440=ORIENTED_EDGE('',*,*,#5599,.F.);
#4441=ORIENTED_EDGE('',*,*,#5602,.F.);
#4442=ORIENTED_EDGE('',*,*,#5605,.F.);
#4443=ORIENTED_EDGE('',*,*,#5668,.F.);
#4444=EDGE_CURVE('',#5670,#5671,#6476,.T.);
#4445=EDGE_CURVE('',#5672,#5671,#556,.T.);
#4446=EDGE_CURVE('',#5673,#5672,#6477,.T.);
#4447=EDGE_CURVE('',#5673,#5670,#557,.T.);
#4448=EDGE_CURVE('',#5674,#5670,#558,.T.);
#4449=EDGE_CURVE('',#5675,#5673,#559,.T.);
#4450=EDGE_CURVE('',#5675,#5674,#560,.T.);
#4451=EDGE_CURVE('',#5676,#5674,#561,.T.);
#4452=EDGE_CURVE('',#5677,#5675,#562,.T.);
#4453=EDGE_CURVE('',#5677,#5676,#563,.T.);
#4454=EDGE_CURVE('',#5678,#5676,#564,.T.);
#4455=EDGE_CURVE('',#5679,#5677,#565,.T.);
#4456=EDGE_CURVE('',#5679,#5678,#566,.T.);
#4457=EDGE_CURVE('',#5680,#5678,#567,.T.);
#4458=EDGE_CURVE('',#5681,#5679,#568,.T.);
#4459=EDGE_CURVE('',#5681,#5680,#569,.T.);
#4460=EDGE_CURVE('',#5682,#5680,#570,.T.);
#4461=EDGE_CURVE('',#5683,#5681,#571,.T.);
#4462=EDGE_CURVE('',#5683,#5682,#572,.T.);
#4463=EDGE_CURVE('',#5684,#5682,#6478,.T.);
#4464=EDGE_CURVE('',#5685,#5683,#6479,.T.);
#4465=EDGE_CURVE('',#5685,#5684,#573,.T.);
#4466=EDGE_CURVE('',#5686,#5684,#6480,.T.);
#4467=EDGE_CURVE('',#5687,#5685,#6481,.T.);
#4468=EDGE_CURVE('',#5687,#5686,#574,.T.);
#4469=EDGE_CURVE('',#5688,#5686,#575,.T.);
#4470=EDGE_CURVE('',#5689,#5687,#576,.T.);
#4471=EDGE_CURVE('',#5689,#5688,#577,.T.);
#4472=EDGE_CURVE('',#5690,#5688,#578,.T.);
#4473=EDGE_CURVE('',#5691,#5689,#579,.T.);
#4474=EDGE_CURVE('',#5691,#5690,#580,.T.);
#4475=EDGE_CURVE('',#5671,#5690,#6482,.T.);
#4476=EDGE_CURVE('',#5672,#5691,#6483,.T.);
#4477=EDGE_CURVE('',#5692,#5693,#6484,.T.);
#4478=EDGE_CURVE('',#5694,#5693,#581,.T.);
#4479=EDGE_CURVE('',#5695,#5694,#6485,.T.);
#4480=EDGE_CURVE('',#5695,#5692,#582,.T.);
#4481=EDGE_CURVE('',#5696,#5692,#6486,.T.);
#4482=EDGE_CURVE('',#5697,#5695,#6487,.T.);
#4483=EDGE_CURVE('',#5697,#5696,#583,.T.);
#4484=EDGE_CURVE('',#5698,#5696,#6488,.T.);
#4485=EDGE_CURVE('',#5699,#5697,#6489,.T.);
#4486=EDGE_CURVE('',#5699,#5698,#584,.T.);
#4487=EDGE_CURVE('',#5700,#5698,#6490,.T.);
#4488=EDGE_CURVE('',#5701,#5699,#6491,.T.);
#4489=EDGE_CURVE('',#5701,#5700,#585,.T.);
#4490=EDGE_CURVE('',#5702,#5700,#6492,.T.);
#4491=EDGE_CURVE('',#5703,#5701,#6493,.T.);
#4492=EDGE_CURVE('',#5703,#5702,#586,.T.);
#4493=EDGE_CURVE('',#5704,#5702,#30,.F.);
#4494=EDGE_CURVE('',#5705,#5703,#31,.F.);
#4495=EDGE_CURVE('',#5705,#5704,#587,.T.);
#4496=EDGE_CURVE('',#5706,#5704,#6494,.T.);
#4497=EDGE_CURVE('',#5707,#5705,#6495,.T.);
#4498=EDGE_CURVE('',#5707,#5706,#588,.T.);
#4499=EDGE_CURVE('',#5693,#5706,#6496,.T.);
#4500=EDGE_CURVE('',#5694,#5707,#6497,.T.);
#4501=EDGE_CURVE('',#5708,#5709,#589,.T.);
#4502=EDGE_CURVE('',#5710,#5709,#590,.T.);
#4503=EDGE_CURVE('',#5711,#5710,#591,.T.);
#4504=EDGE_CURVE('',#5711,#5708,#592,.T.);
#4505=EDGE_CURVE('',#5712,#5708,#593,.T.);
#4506=EDGE_CURVE('',#5713,#5711,#594,.T.);
#4507=EDGE_CURVE('',#5713,#5712,#595,.T.);
#4508=EDGE_CURVE('',#5714,#5712,#596,.T.);
#4509=EDGE_CURVE('',#5715,#5713,#597,.T.);
#4510=EDGE_CURVE('',#5715,#5714,#598,.T.);
#4511=EDGE_CURVE('',#5716,#5714,#599,.T.);
#4512=EDGE_CURVE('',#5717,#5715,#600,.T.);
#4513=EDGE_CURVE('',#5717,#5716,#601,.T.);
#4514=EDGE_CURVE('',#5718,#5716,#602,.T.);
#4515=EDGE_CURVE('',#5719,#5717,#603,.T.);
#4516=EDGE_CURVE('',#5719,#5718,#604,.T.);
#4517=EDGE_CURVE('',#5720,#5718,#605,.T.);
#4518=EDGE_CURVE('',#5721,#5719,#606,.T.);
#4519=EDGE_CURVE('',#5721,#5720,#607,.T.);
#4520=EDGE_CURVE('',#5722,#5720,#608,.T.);
#4521=EDGE_CURVE('',#5723,#5721,#609,.T.);
#4522=EDGE_CURVE('',#5723,#5722,#610,.T.);
#4523=EDGE_CURVE('',#5724,#5722,#611,.T.);
#4524=EDGE_CURVE('',#5725,#5723,#612,.T.);
#4525=EDGE_CURVE('',#5725,#5724,#613,.T.);
#4526=EDGE_CURVE('',#5726,#5724,#614,.T.);
#4527=EDGE_CURVE('',#5727,#5725,#615,.T.);
#4528=EDGE_CURVE('',#5727,#5726,#616,.T.);
#4529=EDGE_CURVE('',#5728,#5726,#617,.T.);
#4530=EDGE_CURVE('',#5729,#5727,#618,.T.);
#4531=EDGE_CURVE('',#5729,#5728,#619,.T.);
#4532=EDGE_CURVE('',#5730,#5728,#620,.T.);
#4533=EDGE_CURVE('',#5731,#5729,#621,.T.);
#4534=EDGE_CURVE('',#5731,#5730,#622,.T.);
#4535=EDGE_CURVE('',#5732,#5730,#623,.T.);
#4536=EDGE_CURVE('',#5733,#5731,#624,.T.);
#4537=EDGE_CURVE('',#5733,#5732,#625,.T.);
#4538=EDGE_CURVE('',#5709,#5732,#626,.T.);
#4539=EDGE_CURVE('',#5710,#5733,#627,.T.);
#4540=EDGE_CURVE('',#5734,#5735,#628,.T.);
#4541=EDGE_CURVE('',#5736,#5735,#629,.T.);
#4542=EDGE_CURVE('',#5737,#5736,#630,.T.);
#4543=EDGE_CURVE('',#5737,#5734,#631,.T.);
#4544=EDGE_CURVE('',#5738,#5734,#632,.T.);
#4545=EDGE_CURVE('',#5739,#5737,#633,.T.);
#4546=EDGE_CURVE('',#5739,#5738,#634,.T.);
#4547=EDGE_CURVE('',#5740,#5738,#635,.T.);
#4548=EDGE_CURVE('',#5741,#5739,#636,.T.);
#4549=EDGE_CURVE('',#5741,#5740,#637,.T.);
#4550=EDGE_CURVE('',#5735,#5740,#638,.T.);
#4551=EDGE_CURVE('',#5736,#5741,#639,.T.);
#4552=EDGE_CURVE('',#5742,#5743,#6498,.T.);
#4553=EDGE_CURVE('',#5744,#5743,#640,.T.);
#4554=EDGE_CURVE('',#5745,#5744,#6499,.T.);
#4555=EDGE_CURVE('',#5745,#5742,#641,.T.);
#4556=EDGE_CURVE('',#5746,#5742,#6500,.T.);
#4557=EDGE_CURVE('',#5747,#5745,#6501,.T.);
#4558=EDGE_CURVE('',#5747,#5746,#642,.T.);
#4559=EDGE_CURVE('',#5748,#5746,#6502,.T.);
#4560=EDGE_CURVE('',#5749,#5747,#6503,.T.);
#4561=EDGE_CURVE('',#5749,#5748,#643,.T.);
#4562=EDGE_CURVE('',#5750,#5748,#32,.T.);
#4563=EDGE_CURVE('',#5751,#5749,#33,.T.);
#4564=EDGE_CURVE('',#5751,#5750,#644,.T.);
#4565=EDGE_CURVE('',#5752,#5750,#6504,.T.);
#4566=EDGE_CURVE('',#5753,#5751,#6505,.T.);
#4567=EDGE_CURVE('',#5753,#5752,#645,.T.);
#4568=EDGE_CURVE('',#5754,#5752,#6506,.T.);
#4569=EDGE_CURVE('',#5755,#5753,#6507,.T.);
#4570=EDGE_CURVE('',#5755,#5754,#646,.T.);
#4571=EDGE_CURVE('',#5756,#5754,#6508,.T.);
#4572=EDGE_CURVE('',#5757,#5755,#6509,.T.);
#4573=EDGE_CURVE('',#5757,#5756,#647,.T.);
#4574=EDGE_CURVE('',#5758,#5756,#6510,.T.);
#4575=EDGE_CURVE('',#5759,#5757,#6511,.T.);
#4576=EDGE_CURVE('',#5759,#5758,#648,.T.);
#4577=EDGE_CURVE('',#5760,#5758,#34,.T.);
#4578=EDGE_CURVE('',#5761,#5759,#35,.T.);
#4579=EDGE_CURVE('',#5761,#5760,#649,.T.);
#4580=EDGE_CURVE('',#5762,#5763,#6512,.T.);
#4581=EDGE_CURVE('',#5764,#5763,#650,.T.);
#4582=EDGE_CURVE('',#5765,#5764,#6513,.T.);
#4583=EDGE_CURVE('',#5765,#5762,#651,.T.);
#4584=EDGE_CURVE('',#5766,#5762,#6514,.T.);
#4585=EDGE_CURVE('',#5767,#5765,#6515,.T.);
#4586=EDGE_CURVE('',#5767,#5766,#652,.T.);
#4587=EDGE_CURVE('',#5768,#5766,#36,.F.);
#4588=EDGE_CURVE('',#5769,#5767,#37,.F.);
#4589=EDGE_CURVE('',#5769,#5768,#653,.T.);
#4590=EDGE_CURVE('',#5770,#5768,#6516,.T.);
#4591=EDGE_CURVE('',#5771,#5769,#6517,.T.);
#4592=EDGE_CURVE('',#5771,#5770,#654,.T.);
#4593=EDGE_CURVE('',#5772,#5770,#6518,.T.);
#4594=EDGE_CURVE('',#5773,#5771,#6519,.T.);
#4595=EDGE_CURVE('',#5773,#5772,#655,.T.);
#4596=EDGE_CURVE('',#5774,#5772,#38,.F.);
#4597=EDGE_CURVE('',#5775,#5773,#39,.F.);
#4598=EDGE_CURVE('',#5775,#5774,#656,.T.);
#4599=EDGE_CURVE('',#5776,#5774,#6520,.T.);
#4600=EDGE_CURVE('',#5777,#5775,#6521,.T.);
#4601=EDGE_CURVE('',#5777,#5776,#657,.T.);
#4602=EDGE_CURVE('',#5778,#5776,#6522,.T.);
#4603=EDGE_CURVE('',#5779,#5777,#6523,.T.);
#4604=EDGE_CURVE('',#5779,#5778,#658,.T.);
#4605=EDGE_CURVE('',#5780,#5778,#40,.F.);
#4606=EDGE_CURVE('',#5781,#5779,#41,.F.);
#4607=EDGE_CURVE('',#5781,#5780,#659,.T.);
#4608=EDGE_CURVE('',#5782,#5780,#6524,.T.);
#4609=EDGE_CURVE('',#5783,#5781,#6525,.T.);
#4610=EDGE_CURVE('',#5783,#5782,#660,.T.);
#4611=EDGE_CURVE('',#5784,#5782,#6526,.T.);
#4612=EDGE_CURVE('',#5785,#5783,#6527,.T.);
#4613=EDGE_CURVE('',#5785,#5784,#661,.T.);
#4614=EDGE_CURVE('',#5763,#5784,#42,.F.);
#4615=EDGE_CURVE('',#5764,#5785,#43,.F.);
#4616=EDGE_CURVE('',#5743,#5760,#6528,.T.);
#4617=EDGE_CURVE('',#5744,#5761,#6529,.T.);
#4618=EDGE_CURVE('',#5786,#5787,#44,.T.);
#4619=EDGE_CURVE('',#5788,#5787,#662,.T.);
#4620=EDGE_CURVE('',#5789,#5788,#45,.T.);
#4621=EDGE_CURVE('',#5789,#5786,#663,.T.);
#4622=EDGE_CURVE('',#5790,#5786,#6530,.T.);
#4623=EDGE_CURVE('',#5791,#5789,#6531,.T.);
#4624=EDGE_CURVE('',#5791,#5790,#664,.T.);
#4625=EDGE_CURVE('',#5792,#5790,#6532,.T.);
#4626=EDGE_CURVE('',#5793,#5791,#6533,.T.);
#4627=EDGE_CURVE('',#5793,#5792,#665,.T.);
#4628=EDGE_CURVE('',#5794,#5792,#46,.T.);
#4629=EDGE_CURVE('',#5795,#5793,#47,.T.);
#4630=EDGE_CURVE('',#5795,#5794,#666,.T.);
#4631=EDGE_CURVE('',#5796,#5794,#6534,.T.);
#4632=EDGE_CURVE('',#5797,#5795,#6535,.T.);
#4633=EDGE_CURVE('',#5797,#5796,#667,.T.);
#4634=EDGE_CURVE('',#5798,#5796,#6536,.T.);
#4635=EDGE_CURVE('',#5799,#5797,#6537,.T.);
#4636=EDGE_CURVE('',#5799,#5798,#668,.T.);
#4637=EDGE_CURVE('',#5800,#5798,#48,.T.);
#4638=EDGE_CURVE('',#5801,#5799,#49,.T.);
#4639=EDGE_CURVE('',#5801,#5800,#669,.T.);
#4640=EDGE_CURVE('',#5802,#5800,#6538,.T.);
#4641=EDGE_CURVE('',#5803,#5801,#6539,.T.);
#4642=EDGE_CURVE('',#5803,#5802,#670,.T.);
#4643=EDGE_CURVE('',#5804,#5802,#6540,.T.);
#4644=EDGE_CURVE('',#5805,#5803,#6541,.T.);
#4645=EDGE_CURVE('',#5805,#5804,#671,.T.);
#4646=EDGE_CURVE('',#5806,#5804,#50,.T.);
#4647=EDGE_CURVE('',#5807,#5805,#51,.T.);
#4648=EDGE_CURVE('',#5807,#5806,#672,.T.);
#4649=EDGE_CURVE('',#5808,#5806,#6542,.T.);
#4650=EDGE_CURVE('',#5809,#5807,#6543,.T.);
#4651=EDGE_CURVE('',#5809,#5808,#673,.T.);
#4652=EDGE_CURVE('',#5810,#5811,#6544,.T.);
#4653=EDGE_CURVE('',#5812,#5811,#674,.T.);
#4654=EDGE_CURVE('',#5813,#5812,#6545,.T.);
#4655=EDGE_CURVE('',#5813,#5810,#675,.T.);
#4656=EDGE_CURVE('',#5814,#5810,#52,.F.);
#4657=EDGE_CURVE('',#5815,#5813,#53,.F.);
#4658=EDGE_CURVE('',#5815,#5814,#676,.T.);
#4659=EDGE_CURVE('',#5816,#5814,#6546,.T.);
#4660=EDGE_CURVE('',#5817,#5815,#6547,.T.);
#4661=EDGE_CURVE('',#5817,#5816,#677,.T.);
#4662=EDGE_CURVE('',#5818,#5816,#6548,.T.);
#4663=EDGE_CURVE('',#5819,#5817,#6549,.T.);
#4664=EDGE_CURVE('',#5819,#5818,#678,.T.);
#4665=EDGE_CURVE('',#5820,#5818,#6550,.T.);
#4666=EDGE_CURVE('',#5821,#5819,#6551,.T.);
#4667=EDGE_CURVE('',#5821,#5820,#679,.T.);
#4668=EDGE_CURVE('',#5822,#5820,#6552,.T.);
#4669=EDGE_CURVE('',#5823,#5821,#6553,.T.);
#4670=EDGE_CURVE('',#5823,#5822,#680,.T.);
#4671=EDGE_CURVE('',#5824,#5822,#6554,.T.);
#4672=EDGE_CURVE('',#5825,#5823,#6555,.T.);
#4673=EDGE_CURVE('',#5825,#5824,#681,.T.);
#4674=EDGE_CURVE('',#5826,#5824,#682,.T.);
#4675=EDGE_CURVE('',#5827,#5825,#683,.T.);
#4676=EDGE_CURVE('',#5827,#5826,#684,.T.);
#4677=EDGE_CURVE('',#5828,#5826,#685,.T.);
#4678=EDGE_CURVE('',#5829,#5827,#686,.T.);
#4679=EDGE_CURVE('',#5829,#5828,#687,.T.);
#4680=EDGE_CURVE('',#5830,#5828,#688,.T.);
#4681=EDGE_CURVE('',#5831,#5829,#689,.T.);
#4682=EDGE_CURVE('',#5831,#5830,#690,.T.);
#4683=EDGE_CURVE('',#5832,#5830,#691,.T.);
#4684=EDGE_CURVE('',#5833,#5831,#692,.T.);
#4685=EDGE_CURVE('',#5833,#5832,#693,.T.);
#4686=EDGE_CURVE('',#5834,#5832,#694,.T.);
#4687=EDGE_CURVE('',#5835,#5833,#695,.T.);
#4688=EDGE_CURVE('',#5835,#5834,#696,.T.);
#4689=EDGE_CURVE('',#5836,#5834,#6556,.T.);
#4690=EDGE_CURVE('',#5837,#5835,#6557,.T.);
#4691=EDGE_CURVE('',#5837,#5836,#697,.T.);
#4692=EDGE_CURVE('',#5838,#5836,#6558,.T.);
#4693=EDGE_CURVE('',#5839,#5837,#6559,.T.);
#4694=EDGE_CURVE('',#5839,#5838,#698,.T.);
#4695=EDGE_CURVE('',#5840,#5838,#54,.F.);
#4696=EDGE_CURVE('',#5841,#5839,#55,.F.);
#4697=EDGE_CURVE('',#5841,#5840,#699,.T.);
#4698=EDGE_CURVE('',#5811,#5840,#6560,.T.);
#4699=EDGE_CURVE('',#5812,#5841,#6561,.T.);
#4700=EDGE_CURVE('',#5787,#5808,#6562,.T.);
#4701=EDGE_CURVE('',#5788,#5809,#6563,.T.);
#4702=EDGE_CURVE('',#5842,#5843,#6564,.T.);
#4703=EDGE_CURVE('',#5844,#5843,#700,.T.);
#4704=EDGE_CURVE('',#5845,#5844,#6565,.T.);
#4705=EDGE_CURVE('',#5845,#5842,#701,.T.);
#4706=EDGE_CURVE('',#5846,#5842,#6566,.T.);
#4707=EDGE_CURVE('',#5847,#5845,#6567,.T.);
#4708=EDGE_CURVE('',#5847,#5846,#702,.T.);
#4709=EDGE_CURVE('',#5848,#5846,#6568,.T.);
#4710=EDGE_CURVE('',#5849,#5847,#6569,.T.);
#4711=EDGE_CURVE('',#5849,#5848,#703,.T.);
#4712=EDGE_CURVE('',#5850,#5848,#56,.T.);
#4713=EDGE_CURVE('',#5851,#5849,#57,.T.);
#4714=EDGE_CURVE('',#5851,#5850,#704,.T.);
#4715=EDGE_CURVE('',#5852,#5850,#6570,.T.);
#4716=EDGE_CURVE('',#5853,#5851,#6571,.T.);
#4717=EDGE_CURVE('',#5853,#5852,#705,.T.);
#4718=EDGE_CURVE('',#5854,#5852,#6572,.T.);
#4719=EDGE_CURVE('',#5855,#5853,#6573,.T.);
#4720=EDGE_CURVE('',#5855,#5854,#706,.T.);
#4721=EDGE_CURVE('',#5856,#5854,#6574,.T.);
#4722=EDGE_CURVE('',#5857,#5855,#6575,.T.);
#4723=EDGE_CURVE('',#5857,#5856,#707,.T.);
#4724=EDGE_CURVE('',#5858,#5856,#6576,.T.);
#4725=EDGE_CURVE('',#5859,#5857,#6577,.T.);
#4726=EDGE_CURVE('',#5859,#5858,#708,.T.);
#4727=EDGE_CURVE('',#5860,#5858,#58,.T.);
#4728=EDGE_CURVE('',#5861,#5859,#59,.T.);
#4729=EDGE_CURVE('',#5861,#5860,#709,.T.);
#4730=EDGE_CURVE('',#5862,#5863,#6578,.T.);
#4731=EDGE_CURVE('',#5864,#5863,#710,.T.);
#4732=EDGE_CURVE('',#5865,#5864,#6579,.T.);
#4733=EDGE_CURVE('',#5865,#5862,#711,.T.);
#4734=EDGE_CURVE('',#5866,#5862,#6580,.T.);
#4735=EDGE_CURVE('',#5867,#5865,#6581,.T.);
#4736=EDGE_CURVE('',#5867,#5866,#712,.T.);
#4737=EDGE_CURVE('',#5868,#5866,#60,.F.);
#4738=EDGE_CURVE('',#5869,#5867,#61,.F.);
#4739=EDGE_CURVE('',#5869,#5868,#713,.T.);
#4740=EDGE_CURVE('',#5870,#5868,#6582,.T.);
#4741=EDGE_CURVE('',#5871,#5869,#6583,.T.);
#4742=EDGE_CURVE('',#5871,#5870,#714,.T.);
#4743=EDGE_CURVE('',#5872,#5870,#6584,.T.);
#4744=EDGE_CURVE('',#5873,#5871,#6585,.T.);
#4745=EDGE_CURVE('',#5873,#5872,#715,.T.);
#4746=EDGE_CURVE('',#5874,#5872,#62,.F.);
#4747=EDGE_CURVE('',#5875,#5873,#63,.F.);
#4748=EDGE_CURVE('',#5875,#5874,#716,.T.);
#4749=EDGE_CURVE('',#5876,#5874,#6586,.T.);
#4750=EDGE_CURVE('',#5877,#5875,#6587,.T.);
#4751=EDGE_CURVE('',#5877,#5876,#717,.T.);
#4752=EDGE_CURVE('',#5878,#5876,#6588,.T.);
#4753=EDGE_CURVE('',#5879,#5877,#6589,.T.);
#4754=EDGE_CURVE('',#5879,#5878,#718,.T.);
#4755=EDGE_CURVE('',#5880,#5878,#64,.F.);
#4756=EDGE_CURVE('',#5881,#5879,#65,.F.);
#4757=EDGE_CURVE('',#5881,#5880,#719,.T.);
#4758=EDGE_CURVE('',#5882,#5880,#6590,.T.);
#4759=EDGE_CURVE('',#5883,#5881,#6591,.T.);
#4760=EDGE_CURVE('',#5883,#5882,#720,.T.);
#4761=EDGE_CURVE('',#5884,#5882,#6592,.T.);
#4762=EDGE_CURVE('',#5885,#5883,#6593,.T.);
#4763=EDGE_CURVE('',#5885,#5884,#721,.T.);
#4764=EDGE_CURVE('',#5863,#5884,#66,.F.);
#4765=EDGE_CURVE('',#5864,#5885,#67,.F.);
#4766=EDGE_CURVE('',#5843,#5860,#6594,.T.);
#4767=EDGE_CURVE('',#5844,#5861,#6595,.T.);
#4768=EDGE_CURVE('',#5886,#5887,#722,.T.);
#4769=EDGE_CURVE('',#5888,#5887,#723,.T.);
#4770=EDGE_CURVE('',#5889,#5888,#724,.T.);
#4771=EDGE_CURVE('',#5889,#5886,#725,.T.);
#4772=EDGE_CURVE('',#5890,#5886,#726,.T.);
#4773=EDGE_CURVE('',#5891,#5889,#727,.T.);
#4774=EDGE_CURVE('',#5891,#5890,#728,.T.);
#4775=EDGE_CURVE('',#5892,#5890,#729,.T.);
#4776=EDGE_CURVE('',#5893,#5891,#730,.T.);
#4777=EDGE_CURVE('',#5893,#5892,#731,.T.);
#4778=EDGE_CURVE('',#5887,#5892,#732,.T.);
#4779=EDGE_CURVE('',#5888,#5893,#733,.T.);
#4780=EDGE_CURVE('',#5894,#5895,#6596,.T.);
#4781=EDGE_CURVE('',#5896,#5895,#734,.T.);
#4782=EDGE_CURVE('',#5897,#5896,#6597,.T.);
#4783=EDGE_CURVE('',#5897,#5894,#735,.T.);
#4784=EDGE_CURVE('',#5898,#5894,#68,.F.);
#4785=EDGE_CURVE('',#5899,#5897,#69,.F.);
#4786=EDGE_CURVE('',#5899,#5898,#736,.T.);
#4787=EDGE_CURVE('',#5900,#5898,#6598,.T.);
#4788=EDGE_CURVE('',#5901,#5899,#6599,.T.);
#4789=EDGE_CURVE('',#5901,#5900,#737,.T.);
#4790=EDGE_CURVE('',#5902,#5900,#738,.T.);
#4791=EDGE_CURVE('',#5903,#5901,#739,.T.);
#4792=EDGE_CURVE('',#5903,#5902,#740,.T.);
#4793=EDGE_CURVE('',#5904,#5902,#741,.T.);
#4794=EDGE_CURVE('',#5905,#5903,#742,.T.);
#4795=EDGE_CURVE('',#5905,#5904,#743,.T.);
#4796=EDGE_CURVE('',#5906,#5904,#744,.T.);
#4797=EDGE_CURVE('',#5907,#5905,#745,.T.);
#4798=EDGE_CURVE('',#5907,#5906,#746,.T.);
#4799=EDGE_CURVE('',#5908,#5906,#747,.T.);
#4800=EDGE_CURVE('',#5909,#5907,#748,.T.);
#4801=EDGE_CURVE('',#5909,#5908,#749,.T.);
#4802=EDGE_CURVE('',#5910,#5908,#750,.T.);
#4803=EDGE_CURVE('',#5911,#5909,#751,.T.);
#4804=EDGE_CURVE('',#5911,#5910,#752,.T.);
#4805=EDGE_CURVE('',#5912,#5910,#753,.T.);
#4806=EDGE_CURVE('',#5913,#5911,#754,.T.);
#4807=EDGE_CURVE('',#5913,#5912,#755,.T.);
#4808=EDGE_CURVE('',#5914,#5912,#6600,.T.);
#4809=EDGE_CURVE('',#5915,#5913,#6601,.T.);
#4810=EDGE_CURVE('',#5915,#5914,#756,.T.);
#4811=EDGE_CURVE('',#5916,#5914,#6602,.T.);
#4812=EDGE_CURVE('',#5917,#5915,#6603,.T.);
#4813=EDGE_CURVE('',#5917,#5916,#757,.T.);
#4814=EDGE_CURVE('',#5918,#5916,#6604,.T.);
#4815=EDGE_CURVE('',#5919,#5917,#6605,.T.);
#4816=EDGE_CURVE('',#5919,#5918,#758,.T.);
#4817=EDGE_CURVE('',#5920,#5918,#6606,.T.);
#4818=EDGE_CURVE('',#5921,#5919,#6607,.T.);
#4819=EDGE_CURVE('',#5921,#5920,#759,.T.);
#4820=EDGE_CURVE('',#5922,#5920,#70,.T.);
#4821=EDGE_CURVE('',#5923,#5921,#71,.T.);
#4822=EDGE_CURVE('',#5923,#5922,#760,.T.);
#4823=EDGE_CURVE('',#5924,#5922,#761,.T.);
#4824=EDGE_CURVE('',#5925,#5923,#762,.T.);
#4825=EDGE_CURVE('',#5925,#5924,#763,.T.);
#4826=EDGE_CURVE('',#5926,#5924,#764,.T.);
#4827=EDGE_CURVE('',#5927,#5925,#765,.T.);
#4828=EDGE_CURVE('',#5927,#5926,#766,.T.);
#4829=EDGE_CURVE('',#5928,#5926,#767,.T.);
#4830=EDGE_CURVE('',#5929,#5927,#768,.T.);
#4831=EDGE_CURVE('',#5929,#5928,#769,.T.);
#4832=EDGE_CURVE('',#5930,#5928,#72,.F.);
#4833=EDGE_CURVE('',#5931,#5929,#73,.F.);
#4834=EDGE_CURVE('',#5931,#5930,#770,.T.);
#4835=EDGE_CURVE('',#5895,#5930,#6608,.T.);
#4836=EDGE_CURVE('',#5896,#5931,#6609,.T.);
#4837=EDGE_CURVE('',#5932,#5933,#771,.T.);
#4838=EDGE_CURVE('',#5934,#5933,#772,.T.);
#4839=EDGE_CURVE('',#5935,#5934,#773,.T.);
#4840=EDGE_CURVE('',#5935,#5932,#774,.T.);
#4841=EDGE_CURVE('',#5936,#5932,#775,.T.);
#4842=EDGE_CURVE('',#5937,#5935,#776,.T.);
#4843=EDGE_CURVE('',#5937,#5936,#777,.T.);
#4844=EDGE_CURVE('',#5938,#5936,#778,.T.);
#4845=EDGE_CURVE('',#5939,#5937,#779,.T.);
#4846=EDGE_CURVE('',#5939,#5938,#780,.T.);
#4847=EDGE_CURVE('',#5933,#5938,#781,.T.);
#4848=EDGE_CURVE('',#5934,#5939,#782,.T.);
#4849=EDGE_CURVE('',#5940,#5941,#783,.T.);
#4850=EDGE_CURVE('',#5942,#5941,#784,.T.);
#4851=EDGE_CURVE('',#5943,#5942,#785,.T.);
#4852=EDGE_CURVE('',#5943,#5940,#786,.T.);
#4853=EDGE_CURVE('',#5944,#5940,#787,.T.);
#4854=EDGE_CURVE('',#5945,#5943,#788,.T.);
#4855=EDGE_CURVE('',#5945,#5944,#789,.T.);
#4856=EDGE_CURVE('',#5946,#5944,#790,.T.);
#4857=EDGE_CURVE('',#5947,#5945,#791,.T.);
#4858=EDGE_CURVE('',#5947,#5946,#792,.T.);
#4859=EDGE_CURVE('',#5941,#5946,#793,.T.);
#4860=EDGE_CURVE('',#5942,#5947,#794,.T.);
#4861=EDGE_CURVE('',#5948,#5949,#6610,.T.);
#4862=EDGE_CURVE('',#5949,#5950,#6611,.T.);
#4863=EDGE_CURVE('',#5950,#5951,#6612,.T.);
#4864=EDGE_CURVE('',#5951,#5952,#6613,.T.);
#4865=EDGE_CURVE('',#5952,#5953,#74,.F.);
#4866=EDGE_CURVE('',#5953,#5954,#795,.T.);
#4867=EDGE_CURVE('',#5954,#5955,#75,.T.);
#4868=EDGE_CURVE('',#5955,#5956,#6614,.T.);
#4869=EDGE_CURVE('',#5956,#5957,#6615,.T.);
#4870=EDGE_CURVE('',#5957,#5958,#6616,.T.);
#4871=EDGE_CURVE('',#5958,#5959,#76,.T.);
#4872=EDGE_CURVE('',#5959,#5960,#796,.T.);
#4873=EDGE_CURVE('',#5960,#5961,#6617,.T.);
#4874=EDGE_CURVE('',#5961,#5962,#6618,.T.);
#4875=EDGE_CURVE('',#5962,#5963,#6619,.T.);
#4876=EDGE_CURVE('',#5963,#5964,#6620,.T.);
#4877=EDGE_CURVE('',#5964,#5965,#77,.F.);
#4878=EDGE_CURVE('',#5965,#5966,#6621,.T.);
#4879=EDGE_CURVE('',#5966,#5967,#6622,.T.);
#4880=EDGE_CURVE('',#5967,#5948,#6623,.T.);
#4881=EDGE_CURVE('',#5968,#5969,#797,.T.);
#4882=EDGE_CURVE('',#5969,#5970,#798,.T.);
#4883=EDGE_CURVE('',#5970,#5971,#799,.T.);
#4884=EDGE_CURVE('',#5971,#5968,#800,.T.);
#4885=EDGE_CURVE('',#5972,#5973,#801,.T.);
#4886=EDGE_CURVE('',#5973,#5974,#802,.T.);
#4887=EDGE_CURVE('',#5974,#5975,#803,.T.);
#4888=EDGE_CURVE('',#5975,#5976,#804,.T.);
#4889=EDGE_CURVE('',#5976,#5977,#805,.T.);
#4890=EDGE_CURVE('',#5977,#5978,#806,.T.);
#4891=EDGE_CURVE('',#5978,#5979,#807,.T.);
#4892=EDGE_CURVE('',#5979,#5980,#808,.T.);
#4893=EDGE_CURVE('',#5980,#5981,#809,.T.);
#4894=EDGE_CURVE('',#5981,#5982,#810,.T.);
#4895=EDGE_CURVE('',#5982,#5983,#811,.T.);
#4896=EDGE_CURVE('',#5983,#5984,#812,.T.);
#4897=EDGE_CURVE('',#5984,#5972,#813,.T.);
#4898=EDGE_CURVE('',#5985,#5986,#6624,.T.);
#4899=EDGE_CURVE('',#5986,#5987,#6625,.T.);
#4900=EDGE_CURVE('',#5987,#5988,#814,.T.);
#4901=EDGE_CURVE('',#5988,#5989,#815,.T.);
#4902=EDGE_CURVE('',#5989,#5990,#6626,.T.);
#4903=EDGE_CURVE('',#5990,#5991,#6627,.T.);
#4904=EDGE_CURVE('',#5991,#5992,#816,.T.);
#4905=EDGE_CURVE('',#5992,#5993,#817,.T.);
#4906=EDGE_CURVE('',#5993,#5994,#818,.T.);
#4907=EDGE_CURVE('',#5994,#5995,#819,.T.);
#4908=EDGE_CURVE('',#5995,#5985,#820,.T.);
#4909=EDGE_CURVE('',#5996,#5997,#6628,.T.);
#4910=EDGE_CURVE('',#5997,#5998,#6629,.T.);
#4911=EDGE_CURVE('',#5998,#5999,#6630,.T.);
#4912=EDGE_CURVE('',#5999,#6000,#78,.F.);
#4913=EDGE_CURVE('',#6000,#6001,#6631,.T.);
#4914=EDGE_CURVE('',#6001,#6002,#6632,.T.);
#4915=EDGE_CURVE('',#6002,#6003,#6633,.T.);
#4916=EDGE_CURVE('',#6003,#5996,#6634,.T.);
#4917=EDGE_CURVE('',#6004,#6005,#6635,.T.);
#4918=EDGE_CURVE('',#6005,#6006,#6636,.T.);
#4919=EDGE_CURVE('',#6006,#6007,#79,.F.);
#4920=EDGE_CURVE('',#6007,#6008,#6637,.T.);
#4921=EDGE_CURVE('',#6008,#6009,#6638,.T.);
#4922=EDGE_CURVE('',#6009,#6010,#821,.T.);
#4923=EDGE_CURVE('',#6010,#6011,#822,.T.);
#4924=EDGE_CURVE('',#6011,#6012,#823,.T.);
#4925=EDGE_CURVE('',#6012,#6013,#824,.T.);
#4926=EDGE_CURVE('',#6013,#6014,#825,.T.);
#4927=EDGE_CURVE('',#6014,#6015,#6639,.T.);
#4928=EDGE_CURVE('',#6015,#6016,#6640,.T.);
#4929=EDGE_CURVE('',#6016,#6017,#6641,.T.);
#4930=EDGE_CURVE('',#6017,#6018,#6642,.T.);
#4931=EDGE_CURVE('',#6018,#6019,#6643,.T.);
#4932=EDGE_CURVE('',#6019,#6004,#80,.F.);
#4933=EDGE_CURVE('',#6020,#6021,#826,.T.);
#4934=EDGE_CURVE('',#6021,#6022,#827,.T.);
#4935=EDGE_CURVE('',#6022,#6023,#828,.T.);
#4936=EDGE_CURVE('',#6023,#6020,#829,.T.);
#4937=EDGE_CURVE('',#6024,#6025,#830,.T.);
#4938=EDGE_CURVE('',#6024,#6026,#831,.F.);
#4939=EDGE_CURVE('',#6026,#6027,#832,.T.);
#4940=EDGE_CURVE('',#6027,#6025,#833,.T.);
#4941=EDGE_CURVE('',#6028,#6029,#834,.T.);
#4942=EDGE_CURVE('',#6029,#6030,#835,.T.);
#4943=EDGE_CURVE('',#6030,#6031,#836,.T.);
#4944=EDGE_CURVE('',#6031,#6028,#837,.T.);
#4945=EDGE_CURVE('',#6032,#6033,#838,.T.);
#4946=EDGE_CURVE('',#6033,#6034,#839,.T.);
#4947=EDGE_CURVE('',#6034,#6035,#840,.T.);
#4948=EDGE_CURVE('',#6035,#6032,#841,.T.);
#4949=EDGE_CURVE('',#6036,#6037,#6644,.T.);
#4950=EDGE_CURVE('',#6037,#6038,#81,.F.);
#4951=EDGE_CURVE('',#6038,#6039,#6645,.T.);
#4952=EDGE_CURVE('',#6039,#6040,#6646,.T.);
#4953=EDGE_CURVE('',#6040,#6041,#82,.F.);
#4954=EDGE_CURVE('',#6041,#6042,#6647,.T.);
#4955=EDGE_CURVE('',#6042,#6043,#6648,.T.);
#4956=EDGE_CURVE('',#6043,#6044,#83,.F.);
#4957=EDGE_CURVE('',#6044,#6045,#6649,.T.);
#4958=EDGE_CURVE('',#6045,#6046,#6650,.T.);
#4959=EDGE_CURVE('',#6046,#6047,#84,.F.);
#4960=EDGE_CURVE('',#6047,#6036,#6651,.T.);
#4961=EDGE_CURVE('',#6048,#6049,#6652,.T.);
#4962=EDGE_CURVE('',#6049,#6050,#85,.F.);
#4963=EDGE_CURVE('',#6050,#6051,#6653,.T.);
#4964=EDGE_CURVE('',#6051,#6052,#6654,.T.);
#4965=EDGE_CURVE('',#6052,#6053,#86,.F.);
#4966=EDGE_CURVE('',#6053,#6054,#6655,.T.);
#4967=EDGE_CURVE('',#6054,#6055,#6656,.T.);
#4968=EDGE_CURVE('',#6055,#6056,#87,.F.);
#4969=EDGE_CURVE('',#6056,#6057,#6657,.T.);
#4970=EDGE_CURVE('',#6057,#6058,#6658,.T.);
#4971=EDGE_CURVE('',#6058,#6059,#88,.F.);
#4972=EDGE_CURVE('',#6059,#6048,#6659,.T.);
#4973=EDGE_CURVE('',#6060,#6061,#842,.T.);
#4974=EDGE_CURVE('',#6061,#6062,#843,.T.);
#4975=EDGE_CURVE('',#6062,#6063,#844,.T.);
#4976=EDGE_CURVE('',#6063,#6060,#845,.T.);
#4977=EDGE_CURVE('',#6064,#6065,#6660,.T.);
#4978=EDGE_CURVE('',#6065,#6066,#6661,.T.);
#4979=EDGE_CURVE('',#6066,#6067,#89,.F.);
#4980=EDGE_CURVE('',#6067,#6068,#846,.T.);
#4981=EDGE_CURVE('',#6068,#6069,#847,.T.);
#4982=EDGE_CURVE('',#6069,#6070,#848,.T.);
#4983=EDGE_CURVE('',#6070,#6071,#90,.T.);
#4984=EDGE_CURVE('',#6071,#6072,#6662,.T.);
#4985=EDGE_CURVE('',#6072,#6073,#6663,.T.);
#4986=EDGE_CURVE('',#6073,#6074,#6664,.T.);
#4987=EDGE_CURVE('',#6074,#6075,#6665,.T.);
#4988=EDGE_CURVE('',#6075,#6076,#849,.T.);
#4989=EDGE_CURVE('',#6076,#6077,#850,.T.);
#4990=EDGE_CURVE('',#6077,#6078,#851,.T.);
#4991=EDGE_CURVE('',#6078,#6079,#852,.T.);
#4992=EDGE_CURVE('',#6079,#6080,#853,.T.);
#4993=EDGE_CURVE('',#6080,#6081,#854,.T.);
#4994=EDGE_CURVE('',#6081,#6082,#6666,.T.);
#4995=EDGE_CURVE('',#6082,#6064,#91,.F.);
#4996=EDGE_CURVE('',#6083,#6084,#92,.T.);
#4997=EDGE_CURVE('',#6083,#6085,#855,.F.);
#4998=EDGE_CURVE('',#6086,#6085,#93,.T.);
#4999=EDGE_CURVE('',#6086,#6087,#856,.F.);
#5000=EDGE_CURVE('',#6088,#6087,#94,.T.);
#5001=EDGE_CURVE('',#6088,#6089,#857,.T.);
#5002=EDGE_CURVE('',#6090,#6089,#95,.T.);
#5003=EDGE_CURVE('',#6090,#6084,#858,.T.);
#5004=EDGE_CURVE('',#6091,#6092,#859,.T.);
#5005=EDGE_CURVE('',#6091,#6024,#860,.T.);
#5006=EDGE_CURVE('',#6092,#6025,#861,.T.);
#5007=EDGE_CURVE('',#6093,#6094,#96,.T.);
#5008=EDGE_CURVE('',#6093,#6095,#862,.F.);
#5009=EDGE_CURVE('',#6096,#6095,#97,.T.);
#5010=EDGE_CURVE('',#6096,#6097,#863,.F.);
#5011=EDGE_CURVE('',#6098,#6097,#98,.T.);
#5012=EDGE_CURVE('',#6098,#6099,#864,.T.);
#5013=EDGE_CURVE('',#6100,#6099,#99,.T.);
#5014=EDGE_CURVE('',#6100,#6094,#865,.T.);
#5015=EDGE_CURVE('',#6101,#6102,#100,.T.);
#5016=EDGE_CURVE('',#6101,#6103,#866,.F.);
#5017=EDGE_CURVE('',#6104,#6103,#101,.T.);
#5018=EDGE_CURVE('',#6104,#6105,#867,.F.);
#5019=EDGE_CURVE('',#6106,#6105,#102,.T.);
#5020=EDGE_CURVE('',#6106,#6107,#868,.T.);
#5021=EDGE_CURVE('',#6108,#6107,#103,.T.);
#5022=EDGE_CURVE('',#6108,#6102,#869,.T.);
#5023=EDGE_CURVE('',#6109,#6110,#870,.T.);
#5024=EDGE_CURVE('',#6111,#6109,#871,.T.);
#5025=EDGE_CURVE('',#6111,#6112,#872,.T.);
#5026=EDGE_CURVE('',#6112,#6110,#873,.T.);
#5027=EDGE_CURVE('',#6113,#6114,#874,.T.);
#5028=EDGE_CURVE('',#6115,#6113,#875,.T.);
#5029=EDGE_CURVE('',#6115,#6116,#876,.T.);
#5030=EDGE_CURVE('',#6116,#6114,#877,.T.);
#5031=EDGE_CURVE('',#6117,#6118,#878,.T.);
#5032=EDGE_CURVE('',#6117,#6119,#879,.T.);
#5033=EDGE_CURVE('',#6119,#6120,#880,.T.);
#5034=EDGE_CURVE('',#6120,#6121,#881,.T.);
#5035=EDGE_CURVE('',#6122,#6121,#882,.T.);
#5036=EDGE_CURVE('',#6123,#6122,#883,.T.);
#5037=EDGE_CURVE('',#6124,#6123,#884,.T.);
#5038=EDGE_CURVE('',#6124,#6125,#885,.T.);
#5039=EDGE_CURVE('',#6126,#6125,#886,.T.);
#5040=EDGE_CURVE('',#6127,#6126,#887,.T.);
#5041=EDGE_CURVE('',#6127,#6128,#888,.T.);
#5042=EDGE_CURVE('',#6128,#6129,#889,.T.);
#5043=EDGE_CURVE('',#6129,#6130,#890,.T.);
#5044=EDGE_CURVE('',#6118,#6130,#891,.T.);
#5045=EDGE_CURVE('',#6131,#6132,#892,.T.);
#5046=EDGE_CURVE('',#6132,#6133,#893,.T.);
#5047=EDGE_CURVE('',#6134,#6133,#894,.T.);
#5048=EDGE_CURVE('',#6131,#6134,#895,.T.);
#5049=EDGE_CURVE('',#6135,#6136,#896,.T.);
#5050=EDGE_CURVE('',#6135,#6137,#897,.T.);
#5051=EDGE_CURVE('',#6137,#6138,#898,.T.);
#5052=EDGE_CURVE('',#6136,#6138,#899,.T.);
#5053=EDGE_CURVE('',#6139,#6140,#104,.T.);
#5054=EDGE_CURVE('',#6139,#6141,#900,.T.);
#5055=EDGE_CURVE('',#6142,#6141,#105,.T.);
#5056=EDGE_CURVE('',#6142,#6143,#901,.F.);
#5057=EDGE_CURVE('',#6144,#6143,#106,.T.);
#5058=EDGE_CURVE('',#6144,#6145,#902,.F.);
#5059=EDGE_CURVE('',#6146,#6145,#107,.T.);
#5060=EDGE_CURVE('',#6146,#6140,#903,.T.);
#5061=EDGE_CURVE('',#6147,#6148,#904,.T.);
#5062=EDGE_CURVE('',#6147,#6091,#905,.T.);
#5063=EDGE_CURVE('',#6148,#6092,#906,.T.);
#5064=EDGE_CURVE('',#6149,#6150,#907,.T.);
#5065=EDGE_CURVE('',#6151,#6150,#908,.T.);
#5066=EDGE_CURVE('',#6152,#6151,#909,.T.);
#5067=EDGE_CURVE('',#6152,#6149,#910,.T.);
#5068=EDGE_CURVE('',#6153,#6154,#911,.T.);
#5069=EDGE_CURVE('',#6154,#6155,#912,.T.);
#5070=EDGE_CURVE('',#6155,#6156,#913,.T.);
#5071=EDGE_CURVE('',#6156,#6157,#914,.T.);
#5072=EDGE_CURVE('',#6158,#6157,#915,.T.);
#5073=EDGE_CURVE('',#6129,#6158,#916,.T.);
#5074=EDGE_CURVE('',#6153,#6128,#917,.T.);
#5075=EDGE_CURVE('',#6156,#6159,#918,.T.);
#5076=EDGE_CURVE('',#6160,#6159,#919,.T.);
#5077=EDGE_CURVE('',#6161,#6160,#920,.T.);
#5078=EDGE_CURVE('',#6161,#6162,#921,.T.);
#5079=EDGE_CURVE('',#6163,#6162,#922,.T.);
#5080=EDGE_CURVE('',#6164,#6163,#923,.T.);
#5081=EDGE_CURVE('',#6165,#6164,#924,.T.);
#5082=EDGE_CURVE('',#6165,#6166,#925,.T.);
#5083=EDGE_CURVE('',#6167,#6166,#926,.T.);
#5084=EDGE_CURVE('',#6168,#6167,#927,.T.);
#5085=EDGE_CURVE('',#6134,#6168,#928,.T.);
#5086=EDGE_CURVE('',#6133,#6169,#929,.T.);
#5087=EDGE_CURVE('',#6169,#6126,#930,.T.);
#5088=EDGE_CURVE('',#6125,#6170,#931,.T.);
#5089=EDGE_CURVE('',#6170,#6171,#932,.T.);
#5090=EDGE_CURVE('',#6122,#6171,#933,.T.);
#5091=EDGE_CURVE('',#6121,#6172,#934,.T.);
#5092=EDGE_CURVE('',#6157,#6172,#935,.T.);
#5093=EDGE_CURVE('',#6154,#6173,#936,.T.);
#5094=EDGE_CURVE('',#6174,#6153,#937,.T.);
#5095=EDGE_CURVE('',#6174,#6165,#938,.T.);
#5096=EDGE_CURVE('',#6175,#6164,#939,.T.);
#5097=EDGE_CURVE('',#6175,#6176,#940,.T.);
#5098=EDGE_CURVE('',#6176,#6161,#941,.T.);
#5099=EDGE_CURVE('',#6173,#6160,#942,.T.);
#5100=EDGE_CURVE('',#6177,#6168,#943,.T.);
#5101=EDGE_CURVE('',#6131,#6177,#944,.T.);
#5102=EDGE_CURVE('',#6026,#6147,#945,.F.);
#5103=EDGE_CURVE('',#6148,#6027,#946,.T.);
#5104=EDGE_CURVE('',#6178,#6179,#947,.F.);
#5105=EDGE_CURVE('',#6179,#6180,#948,.T.);
#5106=EDGE_CURVE('',#6180,#6181,#949,.T.);
#5107=EDGE_CURVE('',#6181,#6178,#950,.F.);
#5108=EDGE_CURVE('',#6177,#6182,#951,.T.);
#5109=EDGE_CURVE('',#6182,#6183,#952,.T.);
#5110=EDGE_CURVE('',#6174,#6183,#953,.T.);
#5111=EDGE_CURVE('',#6184,#6127,#954,.T.);
#5112=EDGE_CURVE('',#6132,#6184,#955,.T.);
#5113=EDGE_CURVE('',#6182,#6167,#956,.T.);
#5114=EDGE_CURVE('',#6183,#6166,#957,.T.);
#5115=EDGE_CURVE('',#6184,#6169,#958,.T.);
#5116=EDGE_CURVE('',#6124,#6185,#959,.T.);
#5117=EDGE_CURVE('',#6185,#6170,#960,.T.);
#5118=EDGE_CURVE('',#6185,#6186,#961,.T.);
#5119=EDGE_CURVE('',#6186,#6171,#962,.T.);
#5120=EDGE_CURVE('',#6123,#6186,#963,.T.);
#5121=EDGE_CURVE('',#6187,#6187,#108,.T.);
#5122=EDGE_CURVE('',#6188,#6188,#109,.F.);
#5123=EDGE_CURVE('',#6175,#6189,#964,.T.);
#5124=EDGE_CURVE('',#6189,#6163,#965,.T.);
#5125=EDGE_CURVE('',#6176,#6190,#966,.T.);
#5126=EDGE_CURVE('',#6190,#6162,#967,.T.);
#5127=EDGE_CURVE('',#6191,#6191,#110,.T.);
#5128=EDGE_CURVE('',#6192,#6192,#111,.F.);
#5129=EDGE_CURVE('',#6189,#6190,#968,.T.);
#5130=EDGE_CURVE('',#6120,#6193,#969,.T.);
#5131=EDGE_CURVE('',#6193,#6172,#970,.T.);
#5132=EDGE_CURVE('',#6194,#6194,#112,.T.);
#5133=EDGE_CURVE('',#6195,#6195,#113,.F.);
#5134=EDGE_CURVE('',#6158,#6193,#971,.T.);
#5135=EDGE_CURVE('',#6130,#6119,#972,.T.);
#5136=EDGE_CURVE('',#6155,#6196,#973,.T.);
#5137=EDGE_CURVE('',#6196,#6159,#974,.T.);
#5138=EDGE_CURVE('',#6173,#6196,#975,.T.);
#5139=EDGE_CURVE('',#6197,#6197,#114,.T.);
#5140=EDGE_CURVE('',#6198,#6198,#115,.F.);
#5141=EDGE_CURVE('',#6199,#6135,#976,.T.);
#5142=EDGE_CURVE('',#6199,#6200,#977,.T.);
#5143=EDGE_CURVE('',#6200,#6137,#978,.T.);
#5144=EDGE_CURVE('',#6200,#6201,#979,.T.);
#5145=EDGE_CURVE('',#6201,#6138,#980,.T.);
#5146=EDGE_CURVE('',#6202,#6136,#981,.T.);
#5147=EDGE_CURVE('',#6202,#6199,#982,.F.);
#5148=EDGE_CURVE('',#6201,#6202,#983,.F.);
#5149=EDGE_CURVE('',#6152,#6203,#984,.T.);
#5150=EDGE_CURVE('',#6203,#6204,#985,.T.);
#5151=EDGE_CURVE('',#6149,#6204,#986,.T.);
#5152=EDGE_CURVE('',#6151,#6205,#987,.T.);
#5153=EDGE_CURVE('',#6205,#6203,#988,.T.);
#5154=EDGE_CURVE('',#6204,#6206,#989,.T.);
#5155=EDGE_CURVE('',#6150,#6206,#990,.T.);
#5156=EDGE_CURVE('',#6206,#6205,#991,.T.);
#5157=EDGE_CURVE('',#6118,#6207,#992,.T.);
#5158=EDGE_CURVE('',#6207,#6208,#993,.F.);
#5159=EDGE_CURVE('',#6117,#6208,#994,.T.);
#5160=EDGE_CURVE('',#6208,#6209,#995,.T.);
#5161=EDGE_CURVE('',#6210,#6209,#996,.T.);
#5162=EDGE_CURVE('',#6119,#6210,#997,.T.);
#5163=EDGE_CURVE('',#6209,#6211,#998,.T.);
#5164=EDGE_CURVE('',#6212,#6211,#999,.T.);
#5165=EDGE_CURVE('',#6210,#6212,#1000,.T.);
#5166=EDGE_CURVE('',#6211,#6207,#1001,.F.);
#5167=EDGE_CURVE('',#6130,#6212,#1002,.T.);
#5168=EDGE_CURVE('',#6109,#6213,#1003,.T.);
#5169=EDGE_CURVE('',#6213,#6214,#1004,.F.);
#5170=EDGE_CURVE('',#6111,#6214,#1005,.T.);
#5171=EDGE_CURVE('',#6214,#6215,#1006,.T.);
#5172=EDGE_CURVE('',#6112,#6215,#1007,.T.);
#5173=EDGE_CURVE('',#6215,#6216,#1008,.T.);
#5174=EDGE_CURVE('',#6110,#6216,#1009,.T.);
#5175=EDGE_CURVE('',#6216,#6213,#1010,.F.);
#5176=EDGE_CURVE('',#6113,#6217,#1011,.T.);
#5177=EDGE_CURVE('',#6217,#6218,#1012,.F.);
#5178=EDGE_CURVE('',#6115,#6218,#1013,.T.);
#5179=EDGE_CURVE('',#6218,#6219,#1014,.T.);
#5180=EDGE_CURVE('',#6116,#6219,#1015,.T.);
#5181=EDGE_CURVE('',#6219,#6220,#1016,.T.);
#5182=EDGE_CURVE('',#6114,#6220,#1017,.T.);
#5183=EDGE_CURVE('',#6220,#6217,#1018,.F.);
#5184=EDGE_CURVE('',#6024,#6181,#26,.T.);
#5185=EDGE_CURVE('',#6178,#6091,#27,.F.);
#5186=EDGE_CURVE('',#6179,#6147,#28,.F.);
#5187=EDGE_CURVE('',#6026,#6180,#29,.T.);
#5188=EDGE_CURVE('',#6145,#6199,#116,.T.);
#5189=EDGE_CURVE('',#6200,#6144,#117,.T.);
#5190=EDGE_CURVE('',#6146,#6199,#118,.F.);
#5191=EDGE_CURVE('',#6200,#6143,#119,.F.);
#5192=EDGE_CURVE('',#6140,#6202,#120,.T.);
#5193=EDGE_CURVE('',#6201,#6142,#121,.T.);
#5194=EDGE_CURVE('',#6139,#6202,#122,.F.);
#5195=EDGE_CURVE('',#6201,#6141,#123,.F.);
#5196=EDGE_CURVE('',#6205,#6023,#1019,.T.);
#5197=EDGE_CURVE('',#6020,#6206,#1020,.T.);
#5198=EDGE_CURVE('',#6021,#6204,#1021,.F.);
#5199=EDGE_CURVE('',#6203,#6022,#1022,.T.);
#5200=EDGE_CURVE('',#6107,#6207,#124,.T.);
#5201=EDGE_CURVE('',#6208,#6106,#125,.T.);
#5202=EDGE_CURVE('',#6208,#6105,#126,.F.);
#5203=EDGE_CURVE('',#6108,#6207,#127,.F.);
#5204=EDGE_CURVE('',#6209,#6104,#128,.T.);
#5205=EDGE_CURVE('',#6102,#6211,#129,.T.);
#5206=EDGE_CURVE('',#6209,#6103,#130,.F.);
#5207=EDGE_CURVE('',#6101,#6211,#131,.F.);
#5208=EDGE_CURVE('',#6089,#6213,#132,.T.);
#5209=EDGE_CURVE('',#6214,#6088,#133,.T.);
#5210=EDGE_CURVE('',#6214,#6087,#134,.F.);
#5211=EDGE_CURVE('',#6090,#6213,#135,.F.);
#5212=EDGE_CURVE('',#6215,#6086,#136,.T.);
#5213=EDGE_CURVE('',#6084,#6216,#137,.T.);
#5214=EDGE_CURVE('',#6215,#6085,#138,.F.);
#5215=EDGE_CURVE('',#6083,#6216,#139,.F.);
#5216=EDGE_CURVE('',#6099,#6217,#140,.T.);
#5217=EDGE_CURVE('',#6218,#6098,#141,.T.);
#5218=EDGE_CURVE('',#6218,#6097,#142,.F.);
#5219=EDGE_CURVE('',#6100,#6217,#143,.F.);
#5220=EDGE_CURVE('',#6219,#6096,#144,.T.);
#5221=EDGE_CURVE('',#6094,#6220,#145,.T.);
#5222=EDGE_CURVE('',#6219,#6095,#146,.F.);
#5223=EDGE_CURVE('',#6093,#6220,#147,.F.);
#5224=EDGE_CURVE('',#6221,#6222,#148,.T.);
#5225=EDGE_CURVE('',#6223,#6221,#1023,.T.);
#5226=EDGE_CURVE('',#6223,#6224,#149,.T.);
#5227=EDGE_CURVE('',#6224,#6222,#1024,.T.);
#5228=EDGE_CURVE('',#6225,#6221,#6667,.T.);
#5229=EDGE_CURVE('',#6226,#6225,#1025,.T.);
#5230=EDGE_CURVE('',#6226,#6223,#6668,.T.);
#5231=EDGE_CURVE('',#6227,#6225,#6669,.T.);
#5232=EDGE_CURVE('',#6228,#6227,#1026,.T.);
#5233=EDGE_CURVE('',#6228,#6226,#6670,.T.);
#5234=EDGE_CURVE('',#6229,#6227,#150,.T.);
#5235=EDGE_CURVE('',#6230,#6229,#1027,.T.);
#5236=EDGE_CURVE('',#6230,#6228,#151,.T.);
#5237=EDGE_CURVE('',#6231,#6229,#6671,.T.);
#5238=EDGE_CURVE('',#6232,#6231,#1028,.T.);
#5239=EDGE_CURVE('',#6232,#6230,#6672,.T.);
#5240=EDGE_CURVE('',#6233,#6231,#6673,.T.);
#5241=EDGE_CURVE('',#6234,#6233,#1029,.T.);
#5242=EDGE_CURVE('',#6234,#6232,#6674,.T.);
#5243=EDGE_CURVE('',#6235,#6233,#152,.T.);
#5244=EDGE_CURVE('',#6236,#6235,#1030,.T.);
#5245=EDGE_CURVE('',#6236,#6234,#153,.T.);
#5246=EDGE_CURVE('',#6237,#6235,#6675,.T.);
#5247=EDGE_CURVE('',#6238,#6237,#1031,.T.);
#5248=EDGE_CURVE('',#6238,#6236,#6676,.T.);
#5249=EDGE_CURVE('',#6239,#6237,#6677,.T.);
#5250=EDGE_CURVE('',#6240,#6239,#1032,.T.);
#5251=EDGE_CURVE('',#6240,#6238,#6678,.T.);
#5252=EDGE_CURVE('',#6241,#6239,#154,.T.);
#5253=EDGE_CURVE('',#6242,#6241,#1033,.T.);
#5254=EDGE_CURVE('',#6242,#6240,#155,.T.);
#5255=EDGE_CURVE('',#6243,#6241,#6679,.T.);
#5256=EDGE_CURVE('',#6244,#6243,#1034,.T.);
#5257=EDGE_CURVE('',#6244,#6242,#6680,.T.);
#5258=EDGE_CURVE('',#6245,#6004,#1035,.T.);
#5259=EDGE_CURVE('',#6245,#6246,#6681,.T.);
#5260=EDGE_CURVE('',#6246,#6005,#1036,.T.);
#5261=EDGE_CURVE('',#6247,#6019,#1037,.T.);
#5262=EDGE_CURVE('',#6247,#6245,#156,.F.);
#5263=EDGE_CURVE('',#6248,#6018,#1038,.T.);
#5264=EDGE_CURVE('',#6248,#6247,#6682,.T.);
#5265=EDGE_CURVE('',#6249,#6017,#1039,.T.);
#5266=EDGE_CURVE('',#6249,#6248,#6683,.T.);
#5267=EDGE_CURVE('',#6250,#6016,#1040,.T.);
#5268=EDGE_CURVE('',#6250,#6249,#6684,.T.);
#5269=EDGE_CURVE('',#6251,#6015,#1041,.T.);
#5270=EDGE_CURVE('',#6251,#6250,#6685,.T.);
#5271=EDGE_CURVE('',#6252,#6014,#1042,.T.);
#5272=EDGE_CURVE('',#6252,#6251,#6686,.T.);
#5273=EDGE_CURVE('',#6253,#6013,#1043,.T.);
#5274=EDGE_CURVE('',#6253,#6252,#1044,.T.);
#5275=EDGE_CURVE('',#6254,#6012,#1045,.T.);
#5276=EDGE_CURVE('',#6254,#6253,#1046,.T.);
#5277=EDGE_CURVE('',#6255,#6011,#1047,.T.);
#5278=EDGE_CURVE('',#6255,#6254,#1048,.T.);
#5279=EDGE_CURVE('',#6256,#6010,#1049,.T.);
#5280=EDGE_CURVE('',#6256,#6255,#1050,.T.);
#5281=EDGE_CURVE('',#6257,#6009,#1051,.T.);
#5282=EDGE_CURVE('',#6257,#6256,#1052,.T.);
#5283=EDGE_CURVE('',#6258,#6008,#1053,.T.);
#5284=EDGE_CURVE('',#6258,#6257,#6687,.T.);
#5285=EDGE_CURVE('',#6259,#6007,#1054,.T.);
#5286=EDGE_CURVE('',#6259,#6258,#6688,.T.);
#5287=EDGE_CURVE('',#6260,#6006,#1055,.T.);
#5288=EDGE_CURVE('',#6260,#6259,#157,.F.);
#5289=EDGE_CURVE('',#6246,#6260,#6689,.T.);
#5290=EDGE_CURVE('',#6222,#6243,#6690,.T.);
#5291=EDGE_CURVE('',#6224,#6244,#6691,.T.);
#5292=EDGE_CURVE('',#6261,#6028,#1056,.T.);
#5293=EDGE_CURVE('',#6261,#6262,#1057,.T.);
#5294=EDGE_CURVE('',#6262,#6029,#1058,.T.);
#5295=EDGE_CURVE('',#6263,#6031,#1059,.T.);
#5296=EDGE_CURVE('',#6263,#6261,#1060,.T.);
#5297=EDGE_CURVE('',#6264,#6030,#1061,.T.);
#5298=EDGE_CURVE('',#6264,#6263,#1062,.T.);
#5299=EDGE_CURVE('',#6262,#6264,#1063,.T.);
#5300=EDGE_CURVE('',#6265,#5996,#1064,.T.);
#5301=EDGE_CURVE('',#6265,#6266,#6692,.T.);
#5302=EDGE_CURVE('',#6266,#5997,#1065,.T.);
#5303=EDGE_CURVE('',#6267,#6003,#1066,.T.);
#5304=EDGE_CURVE('',#6267,#6265,#6693,.T.);
#5305=EDGE_CURVE('',#6268,#6002,#1067,.T.);
#5306=EDGE_CURVE('',#6268,#6267,#6694,.T.);
#5307=EDGE_CURVE('',#6269,#6001,#1068,.T.);
#5308=EDGE_CURVE('',#6269,#6268,#6695,.T.);
#5309=EDGE_CURVE('',#6270,#6000,#1069,.T.);
#5310=EDGE_CURVE('',#6270,#6269,#6696,.T.);
#5311=EDGE_CURVE('',#6271,#5999,#1070,.T.);
#5312=EDGE_CURVE('',#6271,#6270,#158,.F.);
#5313=EDGE_CURVE('',#6272,#5998,#1071,.T.);
#5314=EDGE_CURVE('',#6272,#6271,#6697,.T.);
#5315=EDGE_CURVE('',#6266,#6272,#6698,.T.);
#5316=EDGE_CURVE('',#6273,#6032,#1072,.T.);
#5317=EDGE_CURVE('',#6273,#6274,#1073,.T.);
#5318=EDGE_CURVE('',#6274,#6033,#1074,.T.);
#5319=EDGE_CURVE('',#6275,#6035,#1075,.T.);
#5320=EDGE_CURVE('',#6275,#6273,#1076,.T.);
#5321=EDGE_CURVE('',#6276,#6034,#1077,.T.);
#5322=EDGE_CURVE('',#6276,#6275,#1078,.T.);
#5323=EDGE_CURVE('',#6274,#6276,#1079,.T.);
#5324=EDGE_CURVE('',#6277,#5985,#1080,.T.);
#5325=EDGE_CURVE('',#6277,#6278,#6699,.T.);
#5326=EDGE_CURVE('',#6278,#5986,#1081,.T.);
#5327=EDGE_CURVE('',#6279,#5995,#1082,.T.);
#5328=EDGE_CURVE('',#6279,#6277,#1083,.T.);
#5329=EDGE_CURVE('',#6280,#5994,#1084,.T.);
#5330=EDGE_CURVE('',#6280,#6279,#1085,.T.);
#5331=EDGE_CURVE('',#6281,#5993,#1086,.T.);
#5332=EDGE_CURVE('',#6281,#6280,#1087,.T.);
#5333=EDGE_CURVE('',#6282,#5992,#1088,.T.);
#5334=EDGE_CURVE('',#6282,#6281,#1089,.T.);
#5335=EDGE_CURVE('',#6283,#5991,#1090,.T.);
#5336=EDGE_CURVE('',#6283,#6282,#1091,.T.);
#5337=EDGE_CURVE('',#6284,#5990,#1092,.T.);
#5338=EDGE_CURVE('',#6284,#6283,#6700,.T.);
#5339=EDGE_CURVE('',#6285,#5989,#1093,.T.);
#5340=EDGE_CURVE('',#6285,#6284,#6701,.T.);
#5341=EDGE_CURVE('',#6286,#5988,#1094,.T.);
#5342=EDGE_CURVE('',#6286,#6285,#1095,.T.);
#5343=EDGE_CURVE('',#6287,#5987,#1096,.T.);
#5344=EDGE_CURVE('',#6287,#6286,#1097,.T.);
#5345=EDGE_CURVE('',#6278,#6287,#6702,.T.);
#5346=EDGE_CURVE('',#6288,#6289,#6703,.T.);
#5347=EDGE_CURVE('',#6290,#6288,#1098,.T.);
#5348=EDGE_CURVE('',#6290,#6291,#6704,.T.);
#5349=EDGE_CURVE('',#6291,#6289,#1099,.T.);
#5350=EDGE_CURVE('',#6292,#6288,#6705,.T.);
#5351=EDGE_CURVE('',#6293,#6292,#1100,.T.);
#5352=EDGE_CURVE('',#6293,#6290,#6706,.T.);
#5353=EDGE_CURVE('',#6294,#6292,#6707,.T.);
#5354=EDGE_CURVE('',#6295,#6294,#1101,.T.);
#5355=EDGE_CURVE('',#6295,#6293,#6708,.T.);
#5356=EDGE_CURVE('',#6296,#6294,#159,.T.);
#5357=EDGE_CURVE('',#6297,#6296,#1102,.T.);
#5358=EDGE_CURVE('',#6297,#6295,#160,.T.);
#5359=EDGE_CURVE('',#6298,#6296,#6709,.T.);
#5360=EDGE_CURVE('',#6299,#6298,#1103,.T.);
#5361=EDGE_CURVE('',#6299,#6297,#6710,.T.);
#5362=EDGE_CURVE('',#6300,#6298,#6711,.T.);
#5363=EDGE_CURVE('',#6301,#6300,#1104,.T.);
#5364=EDGE_CURVE('',#6301,#6299,#6712,.T.);
#5365=EDGE_CURVE('',#6302,#6300,#6713,.T.);
#5366=EDGE_CURVE('',#6303,#6302,#1105,.T.);
#5367=EDGE_CURVE('',#6303,#6301,#6714,.T.);
#5368=EDGE_CURVE('',#6304,#6302,#6715,.T.);
#5369=EDGE_CURVE('',#6305,#6304,#1106,.T.);
#5370=EDGE_CURVE('',#6305,#6303,#6716,.T.);
#5371=EDGE_CURVE('',#6306,#6304,#161,.T.);
#5372=EDGE_CURVE('',#6307,#6306,#1107,.T.);
#5373=EDGE_CURVE('',#6307,#6305,#162,.T.);
#5374=EDGE_CURVE('',#6308,#6036,#1108,.T.);
#5375=EDGE_CURVE('',#6308,#6309,#6717,.T.);
#5376=EDGE_CURVE('',#6309,#6037,#1109,.T.);
#5377=EDGE_CURVE('',#6310,#6047,#1110,.T.);
#5378=EDGE_CURVE('',#6310,#6308,#6718,.T.);
#5379=EDGE_CURVE('',#6311,#6046,#1111,.T.);
#5380=EDGE_CURVE('',#6311,#6310,#163,.F.);
#5381=EDGE_CURVE('',#6312,#6045,#1112,.T.);
#5382=EDGE_CURVE('',#6312,#6311,#6719,.T.);
#5383=EDGE_CURVE('',#6313,#6044,#1113,.T.);
#5384=EDGE_CURVE('',#6313,#6312,#6720,.T.);
#5385=EDGE_CURVE('',#6314,#6043,#1114,.T.);
#5386=EDGE_CURVE('',#6314,#6313,#164,.F.);
#5387=EDGE_CURVE('',#6315,#6042,#1115,.T.);
#5388=EDGE_CURVE('',#6315,#6314,#6721,.T.);
#5389=EDGE_CURVE('',#6316,#6041,#1116,.T.);
#5390=EDGE_CURVE('',#6316,#6315,#6722,.T.);
#5391=EDGE_CURVE('',#6317,#6040,#1117,.T.);
#5392=EDGE_CURVE('',#6317,#6316,#165,.F.);
#5393=EDGE_CURVE('',#6318,#6039,#1118,.T.);
#5394=EDGE_CURVE('',#6318,#6317,#6723,.T.);
#5395=EDGE_CURVE('',#6319,#6038,#1119,.T.);
#5396=EDGE_CURVE('',#6319,#6318,#6724,.T.);
#5397=EDGE_CURVE('',#6309,#6319,#166,.F.);
#5398=EDGE_CURVE('',#6289,#6306,#6725,.T.);
#5399=EDGE_CURVE('',#6291,#6307,#6726,.T.);
#5400=EDGE_CURVE('',#6320,#5972,#1120,.T.);
#5401=EDGE_CURVE('',#6320,#6321,#1121,.T.);
#5402=EDGE_CURVE('',#6321,#5973,#1122,.T.);
#5403=EDGE_CURVE('',#6322,#5984,#1123,.T.);
#5404=EDGE_CURVE('',#6322,#6320,#1124,.T.);
#5405=EDGE_CURVE('',#6323,#5983,#1125,.T.);
#5406=EDGE_CURVE('',#6323,#6322,#1126,.T.);
#5407=EDGE_CURVE('',#6324,#5982,#1127,.T.);
#5408=EDGE_CURVE('',#6324,#6323,#1128,.T.);
#5409=EDGE_CURVE('',#6325,#5981,#1129,.T.);
#5410=EDGE_CURVE('',#6325,#6324,#1130,.T.);
#5411=EDGE_CURVE('',#6326,#5980,#1131,.T.);
#5412=EDGE_CURVE('',#6326,#6325,#1132,.T.);
#5413=EDGE_CURVE('',#6327,#5979,#1133,.T.);
#5414=EDGE_CURVE('',#6327,#6326,#1134,.T.);
#5415=EDGE_CURVE('',#6328,#5978,#1135,.T.);
#5416=EDGE_CURVE('',#6328,#6327,#1136,.T.);
#5417=EDGE_CURVE('',#6329,#5977,#1137,.T.);
#5418=EDGE_CURVE('',#6329,#6328,#1138,.T.);
#5419=EDGE_CURVE('',#6330,#5976,#1139,.T.);
#5420=EDGE_CURVE('',#6330,#6329,#1140,.T.);
#5421=EDGE_CURVE('',#6331,#5975,#1141,.T.);
#5422=EDGE_CURVE('',#6331,#6330,#1142,.T.);
#5423=EDGE_CURVE('',#6332,#5974,#1143,.T.);
#5424=EDGE_CURVE('',#6332,#6331,#1144,.T.);
#5425=EDGE_CURVE('',#6321,#6332,#1145,.T.);
#5426=EDGE_CURVE('',#6333,#6334,#6727,.T.);
#5427=EDGE_CURVE('',#6335,#6333,#1146,.T.);
#5428=EDGE_CURVE('',#6335,#6336,#6728,.T.);
#5429=EDGE_CURVE('',#6336,#6334,#1147,.T.);
#5430=EDGE_CURVE('',#6337,#6333,#6729,.T.);
#5431=EDGE_CURVE('',#6338,#6337,#1148,.T.);
#5432=EDGE_CURVE('',#6338,#6335,#6730,.T.);
#5433=EDGE_CURVE('',#6339,#6337,#6731,.T.);
#5434=EDGE_CURVE('',#6340,#6339,#1149,.T.);
#5435=EDGE_CURVE('',#6340,#6338,#6732,.T.);
#5436=EDGE_CURVE('',#6341,#6339,#167,.T.);
#5437=EDGE_CURVE('',#6342,#6341,#1150,.T.);
#5438=EDGE_CURVE('',#6342,#6340,#168,.T.);
#5439=EDGE_CURVE('',#6343,#6341,#6733,.T.);
#5440=EDGE_CURVE('',#6344,#6343,#1151,.T.);
#5441=EDGE_CURVE('',#6344,#6342,#6734,.T.);
#5442=EDGE_CURVE('',#6345,#6343,#6735,.T.);
#5443=EDGE_CURVE('',#6346,#6345,#1152,.T.);
#5444=EDGE_CURVE('',#6346,#6344,#6736,.T.);
#5445=EDGE_CURVE('',#6347,#6345,#6737,.T.);
#5446=EDGE_CURVE('',#6348,#6347,#1153,.T.);
#5447=EDGE_CURVE('',#6348,#6346,#6738,.T.);
#5448=EDGE_CURVE('',#6349,#6347,#6739,.T.);
#5449=EDGE_CURVE('',#6350,#6349,#1154,.T.);
#5450=EDGE_CURVE('',#6350,#6348,#6740,.T.);
#5451=EDGE_CURVE('',#6351,#6349,#169,.T.);
#5452=EDGE_CURVE('',#6352,#6351,#1155,.T.);
#5453=EDGE_CURVE('',#6352,#6350,#170,.T.);
#5454=EDGE_CURVE('',#6353,#6048,#1156,.T.);
#5455=EDGE_CURVE('',#6353,#6354,#6741,.T.);
#5456=EDGE_CURVE('',#6354,#6049,#1157,.T.);
#5457=EDGE_CURVE('',#6355,#6059,#1158,.T.);
#5458=EDGE_CURVE('',#6355,#6353,#6742,.T.);
#5459=EDGE_CURVE('',#6356,#6058,#1159,.T.);
#5460=EDGE_CURVE('',#6356,#6355,#171,.F.);
#5461=EDGE_CURVE('',#6357,#6057,#1160,.T.);
#5462=EDGE_CURVE('',#6357,#6356,#6743,.T.);
#5463=EDGE_CURVE('',#6358,#6056,#1161,.T.);
#5464=EDGE_CURVE('',#6358,#6357,#6744,.T.);
#5465=EDGE_CURVE('',#6359,#6055,#1162,.T.);
#5466=EDGE_CURVE('',#6359,#6358,#172,.F.);
#5467=EDGE_CURVE('',#6360,#6054,#1163,.T.);
#5468=EDGE_CURVE('',#6360,#6359,#6745,.T.);
#5469=EDGE_CURVE('',#6361,#6053,#1164,.T.);
#5470=EDGE_CURVE('',#6361,#6360,#6746,.T.);
#5471=EDGE_CURVE('',#6362,#6052,#1165,.T.);
#5472=EDGE_CURVE('',#6362,#6361,#173,.F.);
#5473=EDGE_CURVE('',#6363,#6051,#1166,.T.);
#5474=EDGE_CURVE('',#6363,#6362,#6747,.T.);
#5475=EDGE_CURVE('',#6364,#6050,#1167,.T.);
#5476=EDGE_CURVE('',#6364,#6363,#6748,.T.);
#5477=EDGE_CURVE('',#6354,#6364,#174,.F.);
#5478=EDGE_CURVE('',#6334,#6351,#6749,.T.);
#5479=EDGE_CURVE('',#6336,#6352,#6750,.T.);
#5480=EDGE_CURVE('',#6365,#5968,#1168,.T.);
#5481=EDGE_CURVE('',#6365,#6366,#1169,.T.);
#5482=EDGE_CURVE('',#6366,#5969,#1170,.T.);
#5483=EDGE_CURVE('',#6367,#5971,#1171,.T.);
#5484=EDGE_CURVE('',#6367,#6365,#1172,.T.);
#5485=EDGE_CURVE('',#6368,#5970,#1173,.T.);
#5486=EDGE_CURVE('',#6368,#6367,#1174,.T.);
#5487=EDGE_CURVE('',#6366,#6368,#1175,.T.);
#5488=EDGE_CURVE('',#6369,#6060,#1176,.T.);
#5489=EDGE_CURVE('',#6369,#6370,#1177,.T.);
#5490=EDGE_CURVE('',#6370,#6061,#1178,.T.);
#5491=EDGE_CURVE('',#6371,#6063,#1179,.T.);
#5492=EDGE_CURVE('',#6371,#6369,#1180,.T.);
#5493=EDGE_CURVE('',#6372,#6062,#1181,.T.);
#5494=EDGE_CURVE('',#6372,#6371,#1182,.T.);
#5495=EDGE_CURVE('',#6370,#6372,#1183,.T.);
#5496=EDGE_CURVE('',#6373,#6374,#175,.T.);
#5497=EDGE_CURVE('',#6375,#6373,#1184,.T.);
#5498=EDGE_CURVE('',#6375,#6376,#176,.T.);
#5499=EDGE_CURVE('',#6376,#6374,#1185,.T.);
#5500=EDGE_CURVE('',#6377,#6373,#1186,.T.);
#5501=EDGE_CURVE('',#6378,#6377,#1187,.T.);
#5502=EDGE_CURVE('',#6378,#6375,#1188,.T.);
#5503=EDGE_CURVE('',#6379,#6377,#6751,.T.);
#5504=EDGE_CURVE('',#6380,#6379,#1189,.T.);
#5505=EDGE_CURVE('',#6380,#6378,#6752,.T.);
#5506=EDGE_CURVE('',#6381,#6379,#6753,.T.);
#5507=EDGE_CURVE('',#6382,#6381,#1190,.T.);
#5508=EDGE_CURVE('',#6382,#6380,#6754,.T.);
#5509=EDGE_CURVE('',#6383,#6381,#6755,.T.);
#5510=EDGE_CURVE('',#6384,#6383,#1191,.T.);
#5511=EDGE_CURVE('',#6384,#6382,#6756,.T.);
#5512=EDGE_CURVE('',#6385,#5948,#1192,.T.);
#5513=EDGE_CURVE('',#6385,#6386,#6757,.T.);
#5514=EDGE_CURVE('',#6386,#5949,#1193,.T.);
#5515=EDGE_CURVE('',#6387,#5967,#1194,.T.);
#5516=EDGE_CURVE('',#6387,#6385,#6758,.T.);
#5517=EDGE_CURVE('',#6388,#5966,#1195,.T.);
#5518=EDGE_CURVE('',#6388,#6387,#6759,.T.);
#5519=EDGE_CURVE('',#6389,#5965,#1196,.T.);
#5520=EDGE_CURVE('',#6389,#6388,#6760,.T.);
#5521=EDGE_CURVE('',#6390,#5964,#1197,.T.);
#5522=EDGE_CURVE('',#6390,#6389,#177,.F.);
#5523=EDGE_CURVE('',#6391,#5963,#1198,.T.);
#5524=EDGE_CURVE('',#6391,#6390,#6761,.T.);
#5525=EDGE_CURVE('',#6392,#5962,#1199,.T.);
#5526=EDGE_CURVE('',#6392,#6391,#6762,.T.);
#5527=EDGE_CURVE('',#6393,#5961,#1200,.T.);
#5528=EDGE_CURVE('',#6393,#6392,#6763,.T.);
#5529=EDGE_CURVE('',#6394,#5960,#1201,.T.);
#5530=EDGE_CURVE('',#6394,#6393,#6764,.T.);
#5531=EDGE_CURVE('',#6395,#5959,#1202,.T.);
#5532=EDGE_CURVE('',#6395,#6394,#1203,.T.);
#5533=EDGE_CURVE('',#6396,#5958,#1204,.T.);
#5534=EDGE_CURVE('',#6396,#6395,#178,.T.);
#5535=EDGE_CURVE('',#6397,#5957,#1205,.T.);
#5536=EDGE_CURVE('',#6397,#6396,#6765,.T.);
#5537=EDGE_CURVE('',#6398,#5956,#1206,.T.);
#5538=EDGE_CURVE('',#6398,#6397,#6766,.T.);
#5539=EDGE_CURVE('',#6399,#5955,#1207,.T.);
#5540=EDGE_CURVE('',#6399,#6398,#6767,.T.);
#5541=EDGE_CURVE('',#6400,#5954,#1208,.T.);
#5542=EDGE_CURVE('',#6400,#6399,#179,.T.);
#5543=EDGE_CURVE('',#6401,#5953,#1209,.T.);
#5544=EDGE_CURVE('',#6401,#6400,#1210,.T.);
#5545=EDGE_CURVE('',#6402,#5952,#1211,.T.);
#5546=EDGE_CURVE('',#6402,#6401,#180,.F.);
#5547=EDGE_CURVE('',#6403,#5951,#1212,.T.);
#5548=EDGE_CURVE('',#6403,#6402,#6768,.T.);
#5549=EDGE_CURVE('',#6404,#5950,#1213,.T.);
#5550=EDGE_CURVE('',#6404,#6403,#6769,.T.);
#5551=EDGE_CURVE('',#6386,#6404,#6770,.T.);
#5552=EDGE_CURVE('',#6374,#6383,#6771,.T.);
#5553=EDGE_CURVE('',#6376,#6384,#6772,.T.);
#5554=EDGE_CURVE('',#6405,#6064,#1214,.T.);
#5555=EDGE_CURVE('',#6405,#6406,#6773,.T.);
#5556=EDGE_CURVE('',#6406,#6065,#1215,.T.);
#5557=EDGE_CURVE('',#6407,#6082,#1216,.T.);
#5558=EDGE_CURVE('',#6407,#6405,#181,.F.);
#5559=EDGE_CURVE('',#6408,#6081,#1217,.T.);
#5560=EDGE_CURVE('',#6408,#6407,#6774,.T.);
#5561=EDGE_CURVE('',#6409,#6080,#1218,.T.);
#5562=EDGE_CURVE('',#6409,#6408,#1219,.T.);
#5563=EDGE_CURVE('',#6410,#6079,#1220,.T.);
#5564=EDGE_CURVE('',#6410,#6409,#1221,.T.);
#5565=EDGE_CURVE('',#6411,#6078,#1222,.T.);
#5566=EDGE_CURVE('',#6411,#6410,#1223,.T.);
#5567=EDGE_CURVE('',#6412,#6077,#1224,.T.);
#5568=EDGE_CURVE('',#6412,#6411,#1225,.T.);
#5569=EDGE_CURVE('',#6413,#6076,#1226,.T.);
#5570=EDGE_CURVE('',#6413,#6412,#1227,.T.);
#5571=EDGE_CURVE('',#6414,#6075,#1228,.T.);
#5572=EDGE_CURVE('',#6414,#6413,#1229,.T.);
#5573=EDGE_CURVE('',#6415,#6074,#1230,.T.);
#5574=EDGE_CURVE('',#6415,#6414,#6775,.T.);
#5575=EDGE_CURVE('',#6416,#6073,#1231,.T.);
#5576=EDGE_CURVE('',#6416,#6415,#6776,.T.);
#5577=EDGE_CURVE('',#6417,#6072,#1232,.T.);
#5578=EDGE_CURVE('',#6417,#6416,#6777,.T.);
#5579=EDGE_CURVE('',#6418,#6071,#1233,.T.);
#5580=EDGE_CURVE('',#6418,#6417,#6778,.T.);
#5581=EDGE_CURVE('',#6419,#6070,#1234,.T.);
#5582=EDGE_CURVE('',#6419,#6418,#182,.T.);
#5583=EDGE_CURVE('',#6420,#6069,#1235,.T.);
#5584=EDGE_CURVE('',#6420,#6419,#1236,.T.);
#5585=EDGE_CURVE('',#6421,#6068,#1237,.T.);
#5586=EDGE_CURVE('',#6421,#6420,#1238,.T.);
#5587=EDGE_CURVE('',#6422,#6067,#1239,.T.);
#5588=EDGE_CURVE('',#6422,#6421,#1240,.T.);
#5589=EDGE_CURVE('',#6423,#6066,#1241,.T.);
#5590=EDGE_CURVE('',#6423,#6422,#183,.F.);
#5591=EDGE_CURVE('',#6406,#6423,#6779,.T.);
#5592=EDGE_CURVE('',#6424,#6425,#184,.T.);
#5593=EDGE_CURVE('',#6426,#6425,#1242,.T.);
#5594=EDGE_CURVE('',#6427,#6426,#185,.T.);
#5595=EDGE_CURVE('',#6427,#6424,#1243,.T.);
#5596=EDGE_CURVE('',#6428,#6424,#1244,.T.);
#5597=EDGE_CURVE('',#6429,#6427,#1245,.T.);
#5598=EDGE_CURVE('',#6429,#6428,#1246,.T.);
#5599=EDGE_CURVE('',#6430,#6428,#6780,.T.);
#5600=EDGE_CURVE('',#6431,#6429,#6781,.T.);
#5601=EDGE_CURVE('',#6431,#6430,#1247,.T.);
#5602=EDGE_CURVE('',#6432,#6430,#6782,.T.);
#5603=EDGE_CURVE('',#6433,#6431,#6783,.T.);
#5604=EDGE_CURVE('',#6433,#6432,#1248,.T.);
#5605=EDGE_CURVE('',#6434,#6432,#6784,.T.);
#5606=EDGE_CURVE('',#6435,#6433,#6785,.T.);
#5607=EDGE_CURVE('',#6435,#6434,#1249,.T.);
#5608=EDGE_CURVE('',#6436,#6437,#6786,.T.);
#5609=EDGE_CURVE('',#6438,#6437,#1250,.T.);
#5610=EDGE_CURVE('',#6439,#6438,#6787,.T.);
#5611=EDGE_CURVE('',#6439,#6436,#1251,.T.);
#5612=EDGE_CURVE('',#6440,#6436,#6788,.T.);
#5613=EDGE_CURVE('',#6441,#6439,#6789,.T.);
#5614=EDGE_CURVE('',#6441,#6440,#1252,.T.);
#5615=EDGE_CURVE('',#6442,#6440,#6790,.T.);
#5616=EDGE_CURVE('',#6443,#6441,#6791,.T.);
#5617=EDGE_CURVE('',#6443,#6442,#1253,.T.);
#5618=EDGE_CURVE('',#6444,#6442,#6792,.T.);
#5619=EDGE_CURVE('',#6445,#6443,#6793,.T.);
#5620=EDGE_CURVE('',#6445,#6444,#1254,.T.);
#5621=EDGE_CURVE('',#6446,#6444,#186,.F.);
#5622=EDGE_CURVE('',#6447,#6445,#187,.F.);
#5623=EDGE_CURVE('',#6447,#6446,#1255,.T.);
#5624=EDGE_CURVE('',#6448,#6446,#6794,.T.);
#5625=EDGE_CURVE('',#6449,#6447,#6795,.T.);
#5626=EDGE_CURVE('',#6449,#6448,#1256,.T.);
#5627=EDGE_CURVE('',#6450,#6448,#6796,.T.);
#5628=EDGE_CURVE('',#6451,#6449,#6797,.T.);
#5629=EDGE_CURVE('',#6451,#6450,#1257,.T.);
#5630=EDGE_CURVE('',#6452,#6450,#6798,.T.);
#5631=EDGE_CURVE('',#6453,#6451,#6799,.T.);
#5632=EDGE_CURVE('',#6453,#6452,#1258,.T.);
#5633=EDGE_CURVE('',#6454,#6452,#6800,.T.);
#5634=EDGE_CURVE('',#6455,#6453,#6801,.T.);
#5635=EDGE_CURVE('',#6455,#6454,#1259,.T.);
#5636=EDGE_CURVE('',#6456,#6454,#1260,.T.);
#5637=EDGE_CURVE('',#6457,#6455,#1261,.T.);
#5638=EDGE_CURVE('',#6457,#6456,#1262,.T.);
#5639=EDGE_CURVE('',#6458,#6456,#188,.T.);
#5640=EDGE_CURVE('',#6459,#6457,#189,.T.);
#5641=EDGE_CURVE('',#6459,#6458,#1263,.T.);
#5642=EDGE_CURVE('',#6460,#6458,#6802,.T.);
#5643=EDGE_CURVE('',#6461,#6459,#6803,.T.);
#5644=EDGE_CURVE('',#6461,#6460,#1264,.T.);
#5645=EDGE_CURVE('',#6462,#6460,#6804,.T.);
#5646=EDGE_CURVE('',#6463,#6461,#6805,.T.);
#5647=EDGE_CURVE('',#6463,#6462,#1265,.T.);
#5648=EDGE_CURVE('',#6464,#6462,#6806,.T.);
#5649=EDGE_CURVE('',#6465,#6463,#6807,.T.);
#5650=EDGE_CURVE('',#6465,#6464,#1266,.T.);
#5651=EDGE_CURVE('',#6466,#6464,#190,.T.);
#5652=EDGE_CURVE('',#6467,#6465,#191,.T.);
#5653=EDGE_CURVE('',#6467,#6466,#1267,.T.);
#5654=EDGE_CURVE('',#6468,#6466,#1268,.T.);
#5655=EDGE_CURVE('',#6469,#6467,#1269,.T.);
#5656=EDGE_CURVE('',#6469,#6468,#1270,.T.);
#5657=EDGE_CURVE('',#6470,#6468,#192,.F.);
#5658=EDGE_CURVE('',#6471,#6469,#193,.F.);
#5659=EDGE_CURVE('',#6471,#6470,#1271,.T.);
#5660=EDGE_CURVE('',#6472,#6470,#6808,.T.);
#5661=EDGE_CURVE('',#6473,#6471,#6809,.T.);
#5662=EDGE_CURVE('',#6473,#6472,#1272,.T.);
#5663=EDGE_CURVE('',#6474,#6472,#6810,.T.);
#5664=EDGE_CURVE('',#6475,#6473,#6811,.T.);
#5665=EDGE_CURVE('',#6475,#6474,#1273,.T.);
#5666=EDGE_CURVE('',#6437,#6474,#6812,.T.);
#5667=EDGE_CURVE('',#6438,#6475,#6813,.T.);
#5668=EDGE_CURVE('',#6425,#6434,#6814,.T.);
#5669=EDGE_CURVE('',#6426,#6435,#6815,.T.);
#5670=VERTEX_POINT('',#10803);
#5671=VERTEX_POINT('',#10804);
#5672=VERTEX_POINT('',#10806);
#5673=VERTEX_POINT('',#10810);
#5674=VERTEX_POINT('',#10814);
#5675=VERTEX_POINT('',#10816);
#5676=VERTEX_POINT('',#10820);
#5677=VERTEX_POINT('',#10822);
#5678=VERTEX_POINT('',#10826);
#5679=VERTEX_POINT('',#10828);
#5680=VERTEX_POINT('',#10832);
#5681=VERTEX_POINT('',#10834);
#5682=VERTEX_POINT('',#10838);
#5683=VERTEX_POINT('',#10840);
#5684=VERTEX_POINT('',#10853);
#5685=VERTEX_POINT('',#10857);
#5686=VERTEX_POINT('',#10870);
#5687=VERTEX_POINT('',#10874);
#5688=VERTEX_POINT('',#10878);
#5689=VERTEX_POINT('',#10880);
#5690=VERTEX_POINT('',#10884);
#5691=VERTEX_POINT('',#10886);
#5692=VERTEX_POINT('',#10916);
#5693=VERTEX_POINT('',#10917);
#5694=VERTEX_POINT('',#10919);
#5695=VERTEX_POINT('',#10923);
#5696=VERTEX_POINT('',#10936);
#5697=VERTEX_POINT('',#10940);
#5698=VERTEX_POINT('',#10953);
#5699=VERTEX_POINT('',#10957);
#5700=VERTEX_POINT('',#10970);
#5701=VERTEX_POINT('',#10974);
#5702=VERTEX_POINT('',#10987);
#5703=VERTEX_POINT('',#10991);
#5704=VERTEX_POINT('',#10995);
#5705=VERTEX_POINT('',#10997);
#5706=VERTEX_POINT('',#11010);
#5707=VERTEX_POINT('',#11014);
#5708=VERTEX_POINT('',#11035);
#5709=VERTEX_POINT('',#11036);
#5710=VERTEX_POINT('',#11038);
#5711=VERTEX_POINT('',#11040);
#5712=VERTEX_POINT('',#11044);
#5713=VERTEX_POINT('',#11046);
#5714=VERTEX_POINT('',#11050);
#5715=VERTEX_POINT('',#11052);
#5716=VERTEX_POINT('',#11056);
#5717=VERTEX_POINT('',#11058);
#5718=VERTEX_POINT('',#11062);
#5719=VERTEX_POINT('',#11064);
#5720=VERTEX_POINT('',#11068);
#5721=VERTEX_POINT('',#11070);
#5722=VERTEX_POINT('',#11074);
#5723=VERTEX_POINT('',#11076);
#5724=VERTEX_POINT('',#11080);
#5725=VERTEX_POINT('',#11082);
#5726=VERTEX_POINT('',#11086);
#5727=VERTEX_POINT('',#11088);
#5728=VERTEX_POINT('',#11092);
#5729=VERTEX_POINT('',#11094);
#5730=VERTEX_POINT('',#11098);
#5731=VERTEX_POINT('',#11100);
#5732=VERTEX_POINT('',#11104);
#5733=VERTEX_POINT('',#11106);
#5734=VERTEX_POINT('',#11116);
#5735=VERTEX_POINT('',#11117);
#5736=VERTEX_POINT('',#11119);
#5737=VERTEX_POINT('',#11121);
#5738=VERTEX_POINT('',#11125);
#5739=VERTEX_POINT('',#11127);
#5740=VERTEX_POINT('',#11131);
#5741=VERTEX_POINT('',#11133);
#5742=VERTEX_POINT('',#11152);
#5743=VERTEX_POINT('',#11153);
#5744=VERTEX_POINT('',#11155);
#5745=VERTEX_POINT('',#11159);
#5746=VERTEX_POINT('',#11172);
#5747=VERTEX_POINT('',#11176);
#5748=VERTEX_POINT('',#11189);
#5749=VERTEX_POINT('',#11193);
#5750=VERTEX_POINT('',#11197);
#5751=VERTEX_POINT('',#11199);
#5752=VERTEX_POINT('',#11212);
#5753=VERTEX_POINT('',#11216);
#5754=VERTEX_POINT('',#11229);
#5755=VERTEX_POINT('',#11233);
#5756=VERTEX_POINT('',#11246);
#5757=VERTEX_POINT('',#11250);
#5758=VERTEX_POINT('',#11263);
#5759=VERTEX_POINT('',#11267);
#5760=VERTEX_POINT('',#11271);
#5761=VERTEX_POINT('',#11273);
#5762=VERTEX_POINT('',#11286);
#5763=VERTEX_POINT('',#11287);
#5764=VERTEX_POINT('',#11289);
#5765=VERTEX_POINT('',#11293);
#5766=VERTEX_POINT('',#11306);
#5767=VERTEX_POINT('',#11310);
#5768=VERTEX_POINT('',#11314);
#5769=VERTEX_POINT('',#11316);
#5770=VERTEX_POINT('',#11329);
#5771=VERTEX_POINT('',#11333);
#5772=VERTEX_POINT('',#11346);
#5773=VERTEX_POINT('',#11350);
#5774=VERTEX_POINT('',#11354);
#5775=VERTEX_POINT('',#11356);
#5776=VERTEX_POINT('',#11369);
#5777=VERTEX_POINT('',#11373);
#5778=VERTEX_POINT('',#11386);
#5779=VERTEX_POINT('',#11390);
#5780=VERTEX_POINT('',#11394);
#5781=VERTEX_POINT('',#11396);
#5782=VERTEX_POINT('',#11409);
#5783=VERTEX_POINT('',#11413);
#5784=VERTEX_POINT('',#11426);
#5785=VERTEX_POINT('',#11430);
#5786=VERTEX_POINT('',#11454);
#5787=VERTEX_POINT('',#11455);
#5788=VERTEX_POINT('',#11457);
#5789=VERTEX_POINT('',#11459);
#5790=VERTEX_POINT('',#11472);
#5791=VERTEX_POINT('',#11476);
#5792=VERTEX_POINT('',#11489);
#5793=VERTEX_POINT('',#11493);
#5794=VERTEX_POINT('',#11497);
#5795=VERTEX_POINT('',#11499);
#5796=VERTEX_POINT('',#11512);
#5797=VERTEX_POINT('',#11516);
#5798=VERTEX_POINT('',#11529);
#5799=VERTEX_POINT('',#11533);
#5800=VERTEX_POINT('',#11537);
#5801=VERTEX_POINT('',#11539);
#5802=VERTEX_POINT('',#11552);
#5803=VERTEX_POINT('',#11556);
#5804=VERTEX_POINT('',#11569);
#5805=VERTEX_POINT('',#11573);
#5806=VERTEX_POINT('',#11577);
#5807=VERTEX_POINT('',#11579);
#5808=VERTEX_POINT('',#11592);
#5809=VERTEX_POINT('',#11596);
#5810=VERTEX_POINT('',#11609);
#5811=VERTEX_POINT('',#11610);
#5812=VERTEX_POINT('',#11612);
#5813=VERTEX_POINT('',#11616);
#5814=VERTEX_POINT('',#11620);
#5815=VERTEX_POINT('',#11622);
#5816=VERTEX_POINT('',#11635);
#5817=VERTEX_POINT('',#11639);
#5818=VERTEX_POINT('',#11652);
#5819=VERTEX_POINT('',#11656);
#5820=VERTEX_POINT('',#11669);
#5821=VERTEX_POINT('',#11673);
#5822=VERTEX_POINT('',#11686);
#5823=VERTEX_POINT('',#11690);
#5824=VERTEX_POINT('',#11703);
#5825=VERTEX_POINT('',#11707);
#5826=VERTEX_POINT('',#11711);
#5827=VERTEX_POINT('',#11713);
#5828=VERTEX_POINT('',#11717);
#5829=VERTEX_POINT('',#11719);
#5830=VERTEX_POINT('',#11723);
#5831=VERTEX_POINT('',#11725);
#5832=VERTEX_POINT('',#11729);
#5833=VERTEX_POINT('',#11731);
#5834=VERTEX_POINT('',#11735);
#5835=VERTEX_POINT('',#11737);
#5836=VERTEX_POINT('',#11750);
#5837=VERTEX_POINT('',#11754);
#5838=VERTEX_POINT('',#11767);
#5839=VERTEX_POINT('',#11771);
#5840=VERTEX_POINT('',#11775);
#5841=VERTEX_POINT('',#11777);
#5842=VERTEX_POINT('',#11821);
#5843=VERTEX_POINT('',#11822);
#5844=VERTEX_POINT('',#11824);
#5845=VERTEX_POINT('',#11828);
#5846=VERTEX_POINT('',#11841);
#5847=VERTEX_POINT('',#11845);
#5848=VERTEX_POINT('',#11858);
#5849=VERTEX_POINT('',#11862);
#5850=VERTEX_POINT('',#11866);
#5851=VERTEX_POINT('',#11868);
#5852=VERTEX_POINT('',#11881);
#5853=VERTEX_POINT('',#11885);
#5854=VERTEX_POINT('',#11898);
#5855=VERTEX_POINT('',#11902);
#5856=VERTEX_POINT('',#11915);
#5857=VERTEX_POINT('',#11919);
#5858=VERTEX_POINT('',#11932);
#5859=VERTEX_POINT('',#11936);
#5860=VERTEX_POINT('',#11940);
#5861=VERTEX_POINT('',#11942);
#5862=VERTEX_POINT('',#11955);
#5863=VERTEX_POINT('',#11956);
#5864=VERTEX_POINT('',#11958);
#5865=VERTEX_POINT('',#11962);
#5866=VERTEX_POINT('',#11975);
#5867=VERTEX_POINT('',#11979);
#5868=VERTEX_POINT('',#11983);
#5869=VERTEX_POINT('',#11985);
#5870=VERTEX_POINT('',#11998);
#5871=VERTEX_POINT('',#12002);
#5872=VERTEX_POINT('',#12015);
#5873=VERTEX_POINT('',#12019);
#5874=VERTEX_POINT('',#12023);
#5875=VERTEX_POINT('',#12025);
#5876=VERTEX_POINT('',#12038);
#5877=VERTEX_POINT('',#12042);
#5878=VERTEX_POINT('',#12055);
#5879=VERTEX_POINT('',#12059);
#5880=VERTEX_POINT('',#12063);
#5881=VERTEX_POINT('',#12065);
#5882=VERTEX_POINT('',#12078);
#5883=VERTEX_POINT('',#12082);
#5884=VERTEX_POINT('',#12095);
#5885=VERTEX_POINT('',#12099);
#5886=VERTEX_POINT('',#12123);
#5887=VERTEX_POINT('',#12124);
#5888=VERTEX_POINT('',#12126);
#5889=VERTEX_POINT('',#12128);
#5890=VERTEX_POINT('',#12132);
#5891=VERTEX_POINT('',#12134);
#5892=VERTEX_POINT('',#12138);
#5893=VERTEX_POINT('',#12140);
#5894=VERTEX_POINT('',#12159);
#5895=VERTEX_POINT('',#12160);
#5896=VERTEX_POINT('',#12162);
#5897=VERTEX_POINT('',#12166);
#5898=VERTEX_POINT('',#12170);
#5899=VERTEX_POINT('',#12172);
#5900=VERTEX_POINT('',#12185);
#5901=VERTEX_POINT('',#12189);
#5902=VERTEX_POINT('',#12193);
#5903=VERTEX_POINT('',#12195);
#5904=VERTEX_POINT('',#12199);
#5905=VERTEX_POINT('',#12201);
#5906=VERTEX_POINT('',#12205);
#5907=VERTEX_POINT('',#12207);
#5908=VERTEX_POINT('',#12211);
#5909=VERTEX_POINT('',#12213);
#5910=VERTEX_POINT('',#12217);
#5911=VERTEX_POINT('',#12219);
#5912=VERTEX_POINT('',#12223);
#5913=VERTEX_POINT('',#12225);
#5914=VERTEX_POINT('',#12238);
#5915=VERTEX_POINT('',#12242);
#5916=VERTEX_POINT('',#12255);
#5917=VERTEX_POINT('',#12259);
#5918=VERTEX_POINT('',#12272);
#5919=VERTEX_POINT('',#12276);
#5920=VERTEX_POINT('',#12289);
#5921=VERTEX_POINT('',#12293);
#5922=VERTEX_POINT('',#12297);
#5923=VERTEX_POINT('',#12299);
#5924=VERTEX_POINT('',#12303);
#5925=VERTEX_POINT('',#12305);
#5926=VERTEX_POINT('',#12309);
#5927=VERTEX_POINT('',#12311);
#5928=VERTEX_POINT('',#12315);
#5929=VERTEX_POINT('',#12317);
#5930=VERTEX_POINT('',#12321);
#5931=VERTEX_POINT('',#12323);
#5932=VERTEX_POINT('',#12344);
#5933=VERTEX_POINT('',#12345);
#5934=VERTEX_POINT('',#12347);
#5935=VERTEX_POINT('',#12349);
#5936=VERTEX_POINT('',#12353);
#5937=VERTEX_POINT('',#12355);
#5938=VERTEX_POINT('',#12359);
#5939=VERTEX_POINT('',#12361);
#5940=VERTEX_POINT('',#12371);
#5941=VERTEX_POINT('',#12372);
#5942=VERTEX_POINT('',#12374);
#5943=VERTEX_POINT('',#12376);
#5944=VERTEX_POINT('',#12380);
#5945=VERTEX_POINT('',#12382);
#5946=VERTEX_POINT('',#12386);
#5947=VERTEX_POINT('',#12388);
#5948=VERTEX_POINT('',#12400);
#5949=VERTEX_POINT('',#12401);
#5950=VERTEX_POINT('',#12405);
#5951=VERTEX_POINT('',#12409);
#5952=VERTEX_POINT('',#12413);
#5953=VERTEX_POINT('',#12415);
#5954=VERTEX_POINT('',#12417);
#5955=VERTEX_POINT('',#12419);
#5956=VERTEX_POINT('',#12423);
#5957=VERTEX_POINT('',#12427);
#5958=VERTEX_POINT('',#12431);
#5959=VERTEX_POINT('',#12433);
#5960=VERTEX_POINT('',#12435);
#5961=VERTEX_POINT('',#12439);
#5962=VERTEX_POINT('',#12443);
#5963=VERTEX_POINT('',#12447);
#5964=VERTEX_POINT('',#12451);
#5965=VERTEX_POINT('',#12453);
#5966=VERTEX_POINT('',#12457);
#5967=VERTEX_POINT('',#12461);
#5968=VERTEX_POINT('',#12466);
#5969=VERTEX_POINT('',#12467);
#5970=VERTEX_POINT('',#12469);
#5971=VERTEX_POINT('',#12471);
#5972=VERTEX_POINT('',#12474);
#5973=VERTEX_POINT('',#12475);
#5974=VERTEX_POINT('',#12477);
#5975=VERTEX_POINT('',#12479);
#5976=VERTEX_POINT('',#12481);
#5977=VERTEX_POINT('',#12483);
#5978=VERTEX_POINT('',#12485);
#5979=VERTEX_POINT('',#12487);
#5980=VERTEX_POINT('',#12489);
#5981=VERTEX_POINT('',#12491);
#5982=VERTEX_POINT('',#12493);
#5983=VERTEX_POINT('',#12495);
#5984=VERTEX_POINT('',#12497);
#5985=VERTEX_POINT('',#12502);
#5986=VERTEX_POINT('',#12503);
#5987=VERTEX_POINT('',#12507);
#5988=VERTEX_POINT('',#12509);
#5989=VERTEX_POINT('',#12511);
#5990=VERTEX_POINT('',#12515);
#5991=VERTEX_POINT('',#12519);
#5992=VERTEX_POINT('',#12521);
#5993=VERTEX_POINT('',#12523);
#5994=VERTEX_POINT('',#12525);
#5995=VERTEX_POINT('',#12527);
#5996=VERTEX_POINT('',#12532);
#5997=VERTEX_POINT('',#12533);
#5998=VERTEX_POINT('',#12537);
#5999=VERTEX_POINT('',#12541);
#6000=VERTEX_POINT('',#12543);
#6001=VERTEX_POINT('',#12547);
#6002=VERTEX_POINT('',#12551);
#6003=VERTEX_POINT('',#12555);
#6004=VERTEX_POINT('',#12562);
#6005=VERTEX_POINT('',#12563);
#6006=VERTEX_POINT('',#12567);
#6007=VERTEX_POINT('',#12569);
#6008=VERTEX_POINT('',#12573);
#6009=VERTEX_POINT('',#12577);
#6010=VERTEX_POINT('',#12579);
#6011=VERTEX_POINT('',#12581);
#6012=VERTEX_POINT('',#12583);
#6013=VERTEX_POINT('',#12585);
#6014=VERTEX_POINT('',#12587);
#6015=VERTEX_POINT('',#12591);
#6016=VERTEX_POINT('',#12595);
#6017=VERTEX_POINT('',#12599);
#6018=VERTEX_POINT('',#12603);
#6019=VERTEX_POINT('',#12607);
#6020=VERTEX_POINT('',#12610);
#6021=VERTEX_POINT('',#12611);
#6022=VERTEX_POINT('',#12613);
#6023=VERTEX_POINT('',#12615);
#6024=VERTEX_POINT('',#12618);
#6025=VERTEX_POINT('',#12619);
#6026=VERTEX_POINT('',#12621);
#6027=VERTEX_POINT('',#12623);
#6028=VERTEX_POINT('',#12626);
#6029=VERTEX_POINT('',#12627);
#6030=VERTEX_POINT('',#12629);
#6031=VERTEX_POINT('',#12631);
#6032=VERTEX_POINT('',#12634);
#6033=VERTEX_POINT('',#12635);
#6034=VERTEX_POINT('',#12637);
#6035=VERTEX_POINT('',#12639);
#6036=VERTEX_POINT('',#12644);
#6037=VERTEX_POINT('',#12645);
#6038=VERTEX_POINT('',#12647);
#6039=VERTEX_POINT('',#12651);
#6040=VERTEX_POINT('',#12655);
#6041=VERTEX_POINT('',#12657);
#6042=VERTEX_POINT('',#12661);
#6043=VERTEX_POINT('',#12665);
#6044=VERTEX_POINT('',#12667);
#6045=VERTEX_POINT('',#12671);
#6046=VERTEX_POINT('',#12675);
#6047=VERTEX_POINT('',#12677);
#6048=VERTEX_POINT('',#12684);
#6049=VERTEX_POINT('',#12685);
#6050=VERTEX_POINT('',#12687);
#6051=VERTEX_POINT('',#12691);
#6052=VERTEX_POINT('',#12695);
#6053=VERTEX_POINT('',#12697);
#6054=VERTEX_POINT('',#12701);
#6055=VERTEX_POINT('',#12705);
#6056=VERTEX_POINT('',#12707);
#6057=VERTEX_POINT('',#12711);
#6058=VERTEX_POINT('',#12715);
#6059=VERTEX_POINT('',#12717);
#6060=VERTEX_POINT('',#12722);
#6061=VERTEX_POINT('',#12723);
#6062=VERTEX_POINT('',#12725);
#6063=VERTEX_POINT('',#12727);
#6064=VERTEX_POINT('',#12732);
#6065=VERTEX_POINT('',#12733);
#6066=VERTEX_POINT('',#12737);
#6067=VERTEX_POINT('',#12739);
#6068=VERTEX_POINT('',#12741);
#6069=VERTEX_POINT('',#12743);
#6070=VERTEX_POINT('',#12745);
#6071=VERTEX_POINT('',#12747);
#6072=VERTEX_POINT('',#12751);
#6073=VERTEX_POINT('',#12755);
#6074=VERTEX_POINT('',#12759);
#6075=VERTEX_POINT('',#12763);
#6076=VERTEX_POINT('',#12765);
#6077=VERTEX_POINT('',#12767);
#6078=VERTEX_POINT('',#12769);
#6079=VERTEX_POINT('',#12771);
#6080=VERTEX_POINT('',#12773);
#6081=VERTEX_POINT('',#12775);
#6082=VERTEX_POINT('',#12779);
#6083=VERTEX_POINT('',#12783);
#6084=VERTEX_POINT('',#12784);
#6085=VERTEX_POINT('',#12786);
#6086=VERTEX_POINT('',#12788);
#6087=VERTEX_POINT('',#12790);
#6088=VERTEX_POINT('',#12792);
#6089=VERTEX_POINT('',#12794);
#6090=VERTEX_POINT('',#12796);
#6091=VERTEX_POINT('',#12799);
#6092=VERTEX_POINT('',#12800);
#6093=VERTEX_POINT('',#12804);
#6094=VERTEX_POINT('',#12805);
#6095=VERTEX_POINT('',#12807);
#6096=VERTEX_POINT('',#12809);
#6097=VERTEX_POINT('',#12811);
#6098=VERTEX_POINT('',#12813);
#6099=VERTEX_POINT('',#12815);
#6100=VERTEX_POINT('',#12817);
#6101=VERTEX_POINT('',#12820);
#6102=VERTEX_POINT('',#12821);
#6103=VERTEX_POINT('',#12823);
#6104=VERTEX_POINT('',#12825);
#6105=VERTEX_POINT('',#12827);
#6106=VERTEX_POINT('',#12829);
#6107=VERTEX_POINT('',#12831);
#6108=VERTEX_POINT('',#12833);
#6109=VERTEX_POINT('',#12837);
#6110=VERTEX_POINT('',#12838);
#6111=VERTEX_POINT('',#12840);
#6112=VERTEX_POINT('',#12842);
#6113=VERTEX_POINT('',#12845);
#6114=VERTEX_POINT('',#12846);
#6115=VERTEX_POINT('',#12848);
#6116=VERTEX_POINT('',#12850);
#6117=VERTEX_POINT('',#12853);
#6118=VERTEX_POINT('',#12854);
#6119=VERTEX_POINT('',#12856);
#6120=VERTEX_POINT('',#12858);
#6121=VERTEX_POINT('',#12860);
#6122=VERTEX_POINT('',#12862);
#6123=VERTEX_POINT('',#12864);
#6124=VERTEX_POINT('',#12866);
#6125=VERTEX_POINT('',#12868);
#6126=VERTEX_POINT('',#12870);
#6127=VERTEX_POINT('',#12872);
#6128=VERTEX_POINT('',#12874);
#6129=VERTEX_POINT('',#12876);
#6130=VERTEX_POINT('',#12878);
#6131=VERTEX_POINT('',#12882);
#6132=VERTEX_POINT('',#12883);
#6133=VERTEX_POINT('',#12885);
#6134=VERTEX_POINT('',#12887);
#6135=VERTEX_POINT('',#12890);
#6136=VERTEX_POINT('',#12891);
#6137=VERTEX_POINT('',#12893);
#6138=VERTEX_POINT('',#12895);
#6139=VERTEX_POINT('',#12899);
#6140=VERTEX_POINT('',#12900);
#6141=VERTEX_POINT('',#12902);
#6142=VERTEX_POINT('',#12904);
#6143=VERTEX_POINT('',#12906);
#6144=VERTEX_POINT('',#12908);
#6145=VERTEX_POINT('',#12910);
#6146=VERTEX_POINT('',#12912);
#6147=VERTEX_POINT('',#12915);
#6148=VERTEX_POINT('',#12916);
#6149=VERTEX_POINT('',#12921);
#6150=VERTEX_POINT('',#12922);
#6151=VERTEX_POINT('',#12924);
#6152=VERTEX_POINT('',#12926);
#6153=VERTEX_POINT('',#12929);
#6154=VERTEX_POINT('',#12930);
#6155=VERTEX_POINT('',#12932);
#6156=VERTEX_POINT('',#12934);
#6157=VERTEX_POINT('',#12936);
#6158=VERTEX_POINT('',#12938);
#6159=VERTEX_POINT('',#12943);
#6160=VERTEX_POINT('',#12945);
#6161=VERTEX_POINT('',#12947);
#6162=VERTEX_POINT('',#12949);
#6163=VERTEX_POINT('',#12951);
#6164=VERTEX_POINT('',#12953);
#6165=VERTEX_POINT('',#12955);
#6166=VERTEX_POINT('',#12957);
#6167=VERTEX_POINT('',#12959);
#6168=VERTEX_POINT('',#12961);
#6169=VERTEX_POINT('',#12964);
#6170=VERTEX_POINT('',#12967);
#6171=VERTEX_POINT('',#12969);
#6172=VERTEX_POINT('',#12972);
#6173=VERTEX_POINT('',#12976);
#6174=VERTEX_POINT('',#12978);
#6175=VERTEX_POINT('',#12981);
#6176=VERTEX_POINT('',#12983);
#6177=VERTEX_POINT('',#12988);
#6178=VERTEX_POINT('',#12995);
#6179=VERTEX_POINT('',#12996);
#6180=VERTEX_POINT('',#12998);
#6181=VERTEX_POINT('',#13000);
#6182=VERTEX_POINT('',#13004);
#6183=VERTEX_POINT('',#13006);
#6184=VERTEX_POINT('',#13009);
#6185=VERTEX_POINT('',#13021);
#6186=VERTEX_POINT('',#13025);
#6187=VERTEX_POINT('',#13031);
#6188=VERTEX_POINT('',#13033);
#6189=VERTEX_POINT('',#13037);
#6190=VERTEX_POINT('',#13041);
#6191=VERTEX_POINT('',#13045);
#6192=VERTEX_POINT('',#13047);
#6193=VERTEX_POINT('',#13055);
#6194=VERTEX_POINT('',#13059);
#6195=VERTEX_POINT('',#13061);
#6196=VERTEX_POINT('',#13069);
#6197=VERTEX_POINT('',#13075);
#6198=VERTEX_POINT('',#13077);
#6199=VERTEX_POINT('',#13082);
#6200=VERTEX_POINT('',#13084);
#6201=VERTEX_POINT('',#13088);
#6202=VERTEX_POINT('',#13092);
#6203=VERTEX_POINT('',#13098);
#6204=VERTEX_POINT('',#13100);
#6205=VERTEX_POINT('',#13104);
#6206=VERTEX_POINT('',#13108);
#6207=VERTEX_POINT('',#13114);
#6208=VERTEX_POINT('',#13116);
#6209=VERTEX_POINT('',#13120);
#6210=VERTEX_POINT('',#13122);
#6211=VERTEX_POINT('',#13126);
#6212=VERTEX_POINT('',#13128);
#6213=VERTEX_POINT('',#13136);
#6214=VERTEX_POINT('',#13138);
#6215=VERTEX_POINT('',#13142);
#6216=VERTEX_POINT('',#13146);
#6217=VERTEX_POINT('',#13152);
#6218=VERTEX_POINT('',#13154);
#6219=VERTEX_POINT('',#13158);
#6220=VERTEX_POINT('',#13162);
#6221=VERTEX_POINT('',#13248);
#6222=VERTEX_POINT('',#13249);
#6223=VERTEX_POINT('',#13251);
#6224=VERTEX_POINT('',#13253);
#6225=VERTEX_POINT('',#13266);
#6226=VERTEX_POINT('',#13268);
#6227=VERTEX_POINT('',#13283);
#6228=VERTEX_POINT('',#13285);
#6229=VERTEX_POINT('',#13291);
#6230=VERTEX_POINT('',#13293);
#6231=VERTEX_POINT('',#13306);
#6232=VERTEX_POINT('',#13308);
#6233=VERTEX_POINT('',#13323);
#6234=VERTEX_POINT('',#13325);
#6235=VERTEX_POINT('',#13331);
#6236=VERTEX_POINT('',#13333);
#6237=VERTEX_POINT('',#13346);
#6238=VERTEX_POINT('',#13348);
#6239=VERTEX_POINT('',#13363);
#6240=VERTEX_POINT('',#13365);
#6241=VERTEX_POINT('',#13371);
#6242=VERTEX_POINT('',#13373);
#6243=VERTEX_POINT('',#13386);
#6244=VERTEX_POINT('',#13388);
#6245=VERTEX_POINT('',#13401);
#6246=VERTEX_POINT('',#13405);
#6247=VERTEX_POINT('',#13409);
#6248=VERTEX_POINT('',#13420);
#6249=VERTEX_POINT('',#13433);
#6250=VERTEX_POINT('',#13446);
#6251=VERTEX_POINT('',#13459);
#6252=VERTEX_POINT('',#13472);
#6253=VERTEX_POINT('',#13478);
#6254=VERTEX_POINT('',#13482);
#6255=VERTEX_POINT('',#13486);
#6256=VERTEX_POINT('',#13490);
#6257=VERTEX_POINT('',#13494);
#6258=VERTEX_POINT('',#13505);
#6259=VERTEX_POINT('',#13518);
#6260=VERTEX_POINT('',#13524);
#6261=VERTEX_POINT('',#13554);
#6262=VERTEX_POINT('',#13556);
#6263=VERTEX_POINT('',#13560);
#6264=VERTEX_POINT('',#13564);
#6265=VERTEX_POINT('',#13578);
#6266=VERTEX_POINT('',#13582);
#6267=VERTEX_POINT('',#13593);
#6268=VERTEX_POINT('',#13606);
#6269=VERTEX_POINT('',#13619);
#6270=VERTEX_POINT('',#13632);
#6271=VERTEX_POINT('',#13638);
#6272=VERTEX_POINT('',#13649);
#6273=VERTEX_POINT('',#13667);
#6274=VERTEX_POINT('',#13669);
#6275=VERTEX_POINT('',#13673);
#6276=VERTEX_POINT('',#13677);
#6277=VERTEX_POINT('',#13691);
#6278=VERTEX_POINT('',#13695);
#6279=VERTEX_POINT('',#13699);
#6280=VERTEX_POINT('',#13703);
#6281=VERTEX_POINT('',#13707);
#6282=VERTEX_POINT('',#13711);
#6283=VERTEX_POINT('',#13715);
#6284=VERTEX_POINT('',#13726);
#6285=VERTEX_POINT('',#13739);
#6286=VERTEX_POINT('',#13745);
#6287=VERTEX_POINT('',#13749);
#6288=VERTEX_POINT('',#13774);
#6289=VERTEX_POINT('',#13775);
#6290=VERTEX_POINT('',#13777);
#6291=VERTEX_POINT('',#13781);
#6292=VERTEX_POINT('',#13794);
#6293=VERTEX_POINT('',#13796);
#6294=VERTEX_POINT('',#13811);
#6295=VERTEX_POINT('',#13813);
#6296=VERTEX_POINT('',#13819);
#6297=VERTEX_POINT('',#13821);
#6298=VERTEX_POINT('',#13834);
#6299=VERTEX_POINT('',#13836);
#6300=VERTEX_POINT('',#13851);
#6301=VERTEX_POINT('',#13853);
#6302=VERTEX_POINT('',#13868);
#6303=VERTEX_POINT('',#13870);
#6304=VERTEX_POINT('',#13885);
#6305=VERTEX_POINT('',#13887);
#6306=VERTEX_POINT('',#13893);
#6307=VERTEX_POINT('',#13895);
#6308=VERTEX_POINT('',#13906);
#6309=VERTEX_POINT('',#13910);
#6310=VERTEX_POINT('',#13921);
#6311=VERTEX_POINT('',#13927);
#6312=VERTEX_POINT('',#13938);
#6313=VERTEX_POINT('',#13951);
#6314=VERTEX_POINT('',#13957);
#6315=VERTEX_POINT('',#13968);
#6316=VERTEX_POINT('',#13981);
#6317=VERTEX_POINT('',#13987);
#6318=VERTEX_POINT('',#13998);
#6319=VERTEX_POINT('',#14011);
#6320=VERTEX_POINT('',#14034);
#6321=VERTEX_POINT('',#14036);
#6322=VERTEX_POINT('',#14040);
#6323=VERTEX_POINT('',#14044);
#6324=VERTEX_POINT('',#14048);
#6325=VERTEX_POINT('',#14052);
#6326=VERTEX_POINT('',#14056);
#6327=VERTEX_POINT('',#14060);
#6328=VERTEX_POINT('',#14064);
#6329=VERTEX_POINT('',#14068);
#6330=VERTEX_POINT('',#14072);
#6331=VERTEX_POINT('',#14076);
#6332=VERTEX_POINT('',#14080);
#6333=VERTEX_POINT('',#14096);
#6334=VERTEX_POINT('',#14097);
#6335=VERTEX_POINT('',#14099);
#6336=VERTEX_POINT('',#14103);
#6337=VERTEX_POINT('',#14116);
#6338=VERTEX_POINT('',#14118);
#6339=VERTEX_POINT('',#14133);
#6340=VERTEX_POINT('',#14135);
#6341=VERTEX_POINT('',#14141);
#6342=VERTEX_POINT('',#14143);
#6343=VERTEX_POINT('',#14156);
#6344=VERTEX_POINT('',#14158);
#6345=VERTEX_POINT('',#14173);
#6346=VERTEX_POINT('',#14175);
#6347=VERTEX_POINT('',#14190);
#6348=VERTEX_POINT('',#14192);
#6349=VERTEX_POINT('',#14207);
#6350=VERTEX_POINT('',#14209);
#6351=VERTEX_POINT('',#14215);
#6352=VERTEX_POINT('',#14217);
#6353=VERTEX_POINT('',#14228);
#6354=VERTEX_POINT('',#14232);
#6355=VERTEX_POINT('',#14243);
#6356=VERTEX_POINT('',#14249);
#6357=VERTEX_POINT('',#14260);
#6358=VERTEX_POINT('',#14273);
#6359=VERTEX_POINT('',#14279);
#6360=VERTEX_POINT('',#14290);
#6361=VERTEX_POINT('',#14303);
#6362=VERTEX_POINT('',#14309);
#6363=VERTEX_POINT('',#14320);
#6364=VERTEX_POINT('',#14333);
#6365=VERTEX_POINT('',#14356);
#6366=VERTEX_POINT('',#14358);
#6367=VERTEX_POINT('',#14362);
#6368=VERTEX_POINT('',#14366);
#6369=VERTEX_POINT('',#14373);
#6370=VERTEX_POINT('',#14375);
#6371=VERTEX_POINT('',#14379);
#6372=VERTEX_POINT('',#14383);
#6373=VERTEX_POINT('',#14390);
#6374=VERTEX_POINT('',#14391);
#6375=VERTEX_POINT('',#14393);
#6376=VERTEX_POINT('',#14395);
#6377=VERTEX_POINT('',#14399);
#6378=VERTEX_POINT('',#14401);
#6379=VERTEX_POINT('',#14414);
#6380=VERTEX_POINT('',#14416);
#6381=VERTEX_POINT('',#14431);
#6382=VERTEX_POINT('',#14433);
#6383=VERTEX_POINT('',#14448);
#6384=VERTEX_POINT('',#14450);
#6385=VERTEX_POINT('',#14463);
#6386=VERTEX_POINT('',#14467);
#6387=VERTEX_POINT('',#14478);
#6388=VERTEX_POINT('',#14491);
#6389=VERTEX_POINT('',#14504);
#6390=VERTEX_POINT('',#14510);
#6391=VERTEX_POINT('',#14521);
#6392=VERTEX_POINT('',#14534);
#6393=VERTEX_POINT('',#14547);
#6394=VERTEX_POINT('',#14560);
#6395=VERTEX_POINT('',#14566);
#6396=VERTEX_POINT('',#14570);
#6397=VERTEX_POINT('',#14581);
#6398=VERTEX_POINT('',#14594);
#6399=VERTEX_POINT('',#14607);
#6400=VERTEX_POINT('',#14613);
#6401=VERTEX_POINT('',#14617);
#6402=VERTEX_POINT('',#14621);
#6403=VERTEX_POINT('',#14632);
#6404=VERTEX_POINT('',#14645);
#6405=VERTEX_POINT('',#14684);
#6406=VERTEX_POINT('',#14688);
#6407=VERTEX_POINT('',#14692);
#6408=VERTEX_POINT('',#14703);
#6409=VERTEX_POINT('',#14709);
#6410=VERTEX_POINT('',#14713);
#6411=VERTEX_POINT('',#14717);
#6412=VERTEX_POINT('',#14721);
#6413=VERTEX_POINT('',#14725);
#6414=VERTEX_POINT('',#14729);
#6415=VERTEX_POINT('',#14740);
#6416=VERTEX_POINT('',#14753);
#6417=VERTEX_POINT('',#14766);
#6418=VERTEX_POINT('',#14779);
#6419=VERTEX_POINT('',#14785);
#6420=VERTEX_POINT('',#14789);
#6421=VERTEX_POINT('',#14793);
#6422=VERTEX_POINT('',#14797);
#6423=VERTEX_POINT('',#14801);
#6424=VERTEX_POINT('',#14822);
#6425=VERTEX_POINT('',#14823);
#6426=VERTEX_POINT('',#14825);
#6427=VERTEX_POINT('',#14827);
#6428=VERTEX_POINT('',#14831);
#6429=VERTEX_POINT('',#14833);
#6430=VERTEX_POINT('',#14846);
#6431=VERTEX_POINT('',#14850);
#6432=VERTEX_POINT('',#14863);
#6433=VERTEX_POINT('',#14867);
#6434=VERTEX_POINT('',#14880);
#6435=VERTEX_POINT('',#14884);
#6436=VERTEX_POINT('',#14897);
#6437=VERTEX_POINT('',#14898);
#6438=VERTEX_POINT('',#14900);
#6439=VERTEX_POINT('',#14904);
#6440=VERTEX_POINT('',#14917);
#6441=VERTEX_POINT('',#14921);
#6442=VERTEX_POINT('',#14934);
#6443=VERTEX_POINT('',#14938);
#6444=VERTEX_POINT('',#14951);
#6445=VERTEX_POINT('',#14955);
#6446=VERTEX_POINT('',#14959);
#6447=VERTEX_POINT('',#14961);
#6448=VERTEX_POINT('',#14974);
#6449=VERTEX_POINT('',#14978);
#6450=VERTEX_POINT('',#14991);
#6451=VERTEX_POINT('',#14995);
#6452=VERTEX_POINT('',#15008);
#6453=VERTEX_POINT('',#15012);
#6454=VERTEX_POINT('',#15025);
#6455=VERTEX_POINT('',#15029);
#6456=VERTEX_POINT('',#15033);
#6457=VERTEX_POINT('',#15035);
#6458=VERTEX_POINT('',#15039);
#6459=VERTEX_POINT('',#15041);
#6460=VERTEX_POINT('',#15054);
#6461=VERTEX_POINT('',#15058);
#6462=VERTEX_POINT('',#15071);
#6463=VERTEX_POINT('',#15075);
#6464=VERTEX_POINT('',#15088);
#6465=VERTEX_POINT('',#15092);
#6466=VERTEX_POINT('',#15096);
#6467=VERTEX_POINT('',#15098);
#6468=VERTEX_POINT('',#15102);
#6469=VERTEX_POINT('',#15104);
#6470=VERTEX_POINT('',#15108);
#6471=VERTEX_POINT('',#15110);
#6472=VERTEX_POINT('',#15123);
#6473=VERTEX_POINT('',#15127);
#6474=VERTEX_POINT('',#15140);
#6475=VERTEX_POINT('',#15144);
#6476=B_SPLINE_CURVE_WITH_KNOTS('',2,(#10800,#10801,#10802),
 .UNSPECIFIED.,.F.,.F.,(3,3),(0.,1.),.PIECEWISE_BEZIER_KNOTS.);
#6477=B_SPLINE_CURVE_WITH_KNOTS('',2,(#10807,#10808,#10809),
 .UNSPECIFIED.,.F.,.F.,(3,3),(0.,1.),.PIECEWISE_BEZIER_KNOTS.);
#6478=B_SPLINE_CURVE_WITH_KNOTS('',2,(#10850,#10851,#10852),
 .UNSPECIFIED.,.F.,.F.,(3,3),(0.,1.),.PIECEWISE_BEZIER_KNOTS.);
#6479=B_SPLINE_CURVE_WITH_KNOTS('',2,(#10854,#10855,#10856),
 .UNSPECIFIED.,.F.,.F.,(3,3),(0.,1.),.PIECEWISE_BEZIER_KNOTS.);
#6480=B_SPLINE_CURVE_WITH_KNOTS('',2,(#10867,#10868,#10869),
 .UNSPECIFIED.,.F.,.F.,(3,3),(0.,1.),.PIECEWISE_BEZIER_KNOTS.);
#6481=B_SPLINE_CURVE_WITH_KNOTS('',2,(#10871,#10872,#10873),
 .UNSPECIFIED.,.F.,.F.,(3,3),(0.,1.),.PIECEWISE_BEZIER_KNOTS.);
#6482=B_SPLINE_CURVE_WITH_KNOTS('',2,(#10896,#10897,#10898),
 .UNSPECIFIED.,.F.,.F.,(3,3),(0.,1.),.PIECEWISE_BEZIER_KNOTS.);
#6483=B_SPLINE_CURVE_WITH_KNOTS('',2,(#10899,#10900,#10901),
 .UNSPECIFIED.,.F.,.F.,(3,3),(0.,1.),.PIECEWISE_BEZIER_KNOTS.);
#6484=B_SPLINE_CURVE_WITH_KNOTS('',2,(#10913,#10914,#10915),
 .UNSPECIFIED.,.F.,.F.,(3,3),(0.,1.),.PIECEWISE_BEZIER_KNOTS.);
#6485=B_SPLINE_CURVE_WITH_KNOTS('',2,(#10920,#10921,#10922),
 .UNSPECIFIED.,.F.,.F.,(3,3),(0.,1.),.PIECEWISE_BEZIER_KNOTS.);
#6486=B_SPLINE_CURVE_WITH_KNOTS('',2,(#10933,#10934,#10935),
 .UNSPECIFIED.,.F.,.F.,(3,3),(0.,1.),.PIECEWISE_BEZIER_KNOTS.);
#6487=B_SPLINE_CURVE_WITH_KNOTS('',2,(#10937,#10938,#10939),
 .UNSPECIFIED.,.F.,.F.,(3,3),(0.,1.),.PIECEWISE_BEZIER_KNOTS.);
#6488=B_SPLINE_CURVE_WITH_KNOTS('',2,(#10950,#10951,#10952),
 .UNSPECIFIED.,.F.,.F.,(3,3),(0.,1.),.PIECEWISE_BEZIER_KNOTS.);
#6489=B_SPLINE_CURVE_WITH_KNOTS('',2,(#10954,#10955,#10956),
 .UNSPECIFIED.,.F.,.F.,(3,3),(0.,1.),.PIECEWISE_BEZIER_KNOTS.);
#6490=B_SPLINE_CURVE_WITH_KNOTS('',2,(#10967,#10968,#10969),
 .UNSPECIFIED.,.F.,.F.,(3,3),(0.,1.),.PIECEWISE_BEZIER_KNOTS.);
#6491=B_SPLINE_CURVE_WITH_KNOTS('',2,(#10971,#10972,#10973),
 .UNSPECIFIED.,.F.,.F.,(3,3),(0.,1.),.PIECEWISE_BEZIER_KNOTS.);
#6492=B_SPLINE_CURVE_WITH_KNOTS('',2,(#10984,#10985,#10986),
 .UNSPECIFIED.,.F.,.F.,(3,3),(0.,1.),.PIECEWISE_BEZIER_KNOTS.);
#6493=B_SPLINE_CURVE_WITH_KNOTS('',2,(#10988,#10989,#10990),
 .UNSPECIFIED.,.F.,.F.,(3,3),(0.,1.),.PIECEWISE_BEZIER_KNOTS.);
#6494=B_SPLINE_CURVE_WITH_KNOTS('',2,(#11007,#11008,#11009),
 .UNSPECIFIED.,.F.,.F.,(3,3),(0.,1.),.PIECEWISE_BEZIER_KNOTS.);
#6495=B_SPLINE_CURVE_WITH_KNOTS('',2,(#11011,#11012,#11013),
 .UNSPECIFIED.,.F.,.F.,(3,3),(0.,1.),.PIECEWISE_BEZIER_KNOTS.);
#6496=B_SPLINE_CURVE_WITH_KNOTS('',2,(#11024,#11025,#11026),
 .UNSPECIFIED.,.F.,.F.,(3,3),(0.,1.),.PIECEWISE_BEZIER_KNOTS.);
#6497=B_SPLINE_CURVE_WITH_KNOTS('',2,(#11027,#11028,#11029),
 .UNSPECIFIED.,.F.,.F.,(3,3),(0.,1.),.PIECEWISE_BEZIER_KNOTS.);
#6498=B_SPLINE_CURVE_WITH_KNOTS('',2,(#11149,#11150,#11151),
 .UNSPECIFIED.,.F.,.F.,(3,3),(0.,1.),.PIECEWISE_BEZIER_KNOTS.);
#6499=B_SPLINE_CURVE_WITH_KNOTS('',2,(#11156,#11157,#11158),
 .UNSPECIFIED.,.F.,.F.,(3,3),(0.,1.),.PIECEWISE_BEZIER_KNOTS.);
#6500=B_SPLINE_CURVE_WITH_KNOTS('',2,(#11169,#11170,#11171),
 .UNSPECIFIED.,.F.,.F.,(3,3),(0.,1.),.PIECEWISE_BEZIER_KNOTS.);
#6501=B_SPLINE_CURVE_WITH_KNOTS('',2,(#11173,#11174,#11175),
 .UNSPECIFIED.,.F.,.F.,(3,3),(0.,1.),.PIECEWISE_BEZIER_KNOTS.);
#6502=B_SPLINE_CURVE_WITH_KNOTS('',2,(#11186,#11187,#11188),
 .UNSPECIFIED.,.F.,.F.,(3,3),(0.,1.),.PIECEWISE_BEZIER_KNOTS.);
#6503=B_SPLINE_CURVE_WITH_KNOTS('',2,(#11190,#11191,#11192),
 .UNSPECIFIED.,.F.,.F.,(3,3),(0.,1.),.PIECEWISE_BEZIER_KNOTS.);
#6504=B_SPLINE_CURVE_WITH_KNOTS('',2,(#11209,#11210,#11211),
 .UNSPECIFIED.,.F.,.F.,(3,3),(0.,1.),.PIECEWISE_BEZIER_KNOTS.);
#6505=B_SPLINE_CURVE_WITH_KNOTS('',2,(#11213,#11214,#11215),
 .UNSPECIFIED.,.F.,.F.,(3,3),(0.,1.),.PIECEWISE_BEZIER_KNOTS.);
#6506=B_SPLINE_CURVE_WITH_KNOTS('',2,(#11226,#11227,#11228),
 .UNSPECIFIED.,.F.,.F.,(3,3),(0.,1.),.PIECEWISE_BEZIER_KNOTS.);
#6507=B_SPLINE_CURVE_WITH_KNOTS('',2,(#11230,#11231,#11232),
 .UNSPECIFIED.,.F.,.F.,(3,3),(0.,1.),.PIECEWISE_BEZIER_KNOTS.);
#6508=B_SPLINE_CURVE_WITH_KNOTS('',2,(#11243,#11244,#11245),
 .UNSPECIFIED.,.F.,.F.,(3,3),(0.,1.),.PIECEWISE_BEZIER_KNOTS.);
#6509=B_SPLINE_CURVE_WITH_KNOTS('',2,(#11247,#11248,#11249),
 .UNSPECIFIED.,.F.,.F.,(3,3),(0.,1.),.PIECEWISE_BEZIER_KNOTS.);
#6510=B_SPLINE_CURVE_WITH_KNOTS('',2,(#11260,#11261,#11262),
 .UNSPECIFIED.,.F.,.F.,(3,3),(0.,1.),.PIECEWISE_BEZIER_KNOTS.);
#6511=B_SPLINE_CURVE_WITH_KNOTS('',2,(#11264,#11265,#11266),
 .UNSPECIFIED.,.F.,.F.,(3,3),(0.,1.),.PIECEWISE_BEZIER_KNOTS.);
#6512=B_SPLINE_CURVE_WITH_KNOTS('',2,(#11283,#11284,#11285),
 .UNSPECIFIED.,.F.,.F.,(3,3),(0.,1.),.PIECEWISE_BEZIER_KNOTS.);
#6513=B_SPLINE_CURVE_WITH_KNOTS('',2,(#11290,#11291,#11292),
 .UNSPECIFIED.,.F.,.F.,(3,3),(0.,1.),.PIECEWISE_BEZIER_KNOTS.);
#6514=B_SPLINE_CURVE_WITH_KNOTS('',2,(#11303,#11304,#11305),
 .UNSPECIFIED.,.F.,.F.,(3,3),(0.,1.),.PIECEWISE_BEZIER_KNOTS.);
#6515=B_SPLINE_CURVE_WITH_KNOTS('',2,(#11307,#11308,#11309),
 .UNSPECIFIED.,.F.,.F.,(3,3),(0.,1.),.PIECEWISE_BEZIER_KNOTS.);
#6516=B_SPLINE_CURVE_WITH_KNOTS('',2,(#11326,#11327,#11328),
 .UNSPECIFIED.,.F.,.F.,(3,3),(0.,1.),.PIECEWISE_BEZIER_KNOTS.);
#6517=B_SPLINE_CURVE_WITH_KNOTS('',2,(#11330,#11331,#11332),
 .UNSPECIFIED.,.F.,.F.,(3,3),(0.,1.),.PIECEWISE_BEZIER_KNOTS.);
#6518=B_SPLINE_CURVE_WITH_KNOTS('',2,(#11343,#11344,#11345),
 .UNSPECIFIED.,.F.,.F.,(3,3),(0.,1.),.PIECEWISE_BEZIER_KNOTS.);
#6519=B_SPLINE_CURVE_WITH_KNOTS('',2,(#11347,#11348,#11349),
 .UNSPECIFIED.,.F.,.F.,(3,3),(0.,1.),.PIECEWISE_BEZIER_KNOTS.);
#6520=B_SPLINE_CURVE_WITH_KNOTS('',2,(#11366,#11367,#11368),
 .UNSPECIFIED.,.F.,.F.,(3,3),(0.,1.),.PIECEWISE_BEZIER_KNOTS.);
#6521=B_SPLINE_CURVE_WITH_KNOTS('',2,(#11370,#11371,#11372),
 .UNSPECIFIED.,.F.,.F.,(3,3),(0.,1.),.PIECEWISE_BEZIER_KNOTS.);
#6522=B_SPLINE_CURVE_WITH_KNOTS('',2,(#11383,#11384,#11385),
 .UNSPECIFIED.,.F.,.F.,(3,3),(0.,1.),.PIECEWISE_BEZIER_KNOTS.);
#6523=B_SPLINE_CURVE_WITH_KNOTS('',2,(#11387,#11388,#11389),
 .UNSPECIFIED.,.F.,.F.,(3,3),(0.,1.),.PIECEWISE_BEZIER_KNOTS.);
#6524=B_SPLINE_CURVE_WITH_KNOTS('',2,(#11406,#11407,#11408),
 .UNSPECIFIED.,.F.,.F.,(3,3),(0.,1.),.PIECEWISE_BEZIER_KNOTS.);
#6525=B_SPLINE_CURVE_WITH_KNOTS('',2,(#11410,#11411,#11412),
 .UNSPECIFIED.,.F.,.F.,(3,3),(0.,1.),.PIECEWISE_BEZIER_KNOTS.);
#6526=B_SPLINE_CURVE_WITH_KNOTS('',2,(#11423,#11424,#11425),
 .UNSPECIFIED.,.F.,.F.,(3,3),(0.,1.),.PIECEWISE_BEZIER_KNOTS.);
#6527=B_SPLINE_CURVE_WITH_KNOTS('',2,(#11427,#11428,#11429),
 .UNSPECIFIED.,.F.,.F.,(3,3),(0.,1.),.PIECEWISE_BEZIER_KNOTS.);
#6528=B_SPLINE_CURVE_WITH_KNOTS('',2,(#11443,#11444,#11445),
 .UNSPECIFIED.,.F.,.F.,(3,3),(0.,1.),.PIECEWISE_BEZIER_KNOTS.);
#6529=B_SPLINE_CURVE_WITH_KNOTS('',2,(#11446,#11447,#11448),
 .UNSPECIFIED.,.F.,.F.,(3,3),(0.,1.),.PIECEWISE_BEZIER_KNOTS.);
#6530=B_SPLINE_CURVE_WITH_KNOTS('',2,(#11469,#11470,#11471),
 .UNSPECIFIED.,.F.,.F.,(3,3),(0.,1.),.PIECEWISE_BEZIER_KNOTS.);
#6531=B_SPLINE_CURVE_WITH_KNOTS('',2,(#11473,#11474,#11475),
 .UNSPECIFIED.,.F.,.F.,(3,3),(0.,1.),.PIECEWISE_BEZIER_KNOTS.);
#6532=B_SPLINE_CURVE_WITH_KNOTS('',2,(#11486,#11487,#11488),
 .UNSPECIFIED.,.F.,.F.,(3,3),(0.,1.),.PIECEWISE_BEZIER_KNOTS.);
#6533=B_SPLINE_CURVE_WITH_KNOTS('',2,(#11490,#11491,#11492),
 .UNSPECIFIED.,.F.,.F.,(3,3),(0.,1.),.PIECEWISE_BEZIER_KNOTS.);
#6534=B_SPLINE_CURVE_WITH_KNOTS('',2,(#11509,#11510,#11511),
 .UNSPECIFIED.,.F.,.F.,(3,3),(0.,1.),.PIECEWISE_BEZIER_KNOTS.);
#6535=B_SPLINE_CURVE_WITH_KNOTS('',2,(#11513,#11514,#11515),
 .UNSPECIFIED.,.F.,.F.,(3,3),(0.,1.),.PIECEWISE_BEZIER_KNOTS.);
#6536=B_SPLINE_CURVE_WITH_KNOTS('',2,(#11526,#11527,#11528),
 .UNSPECIFIED.,.F.,.F.,(3,3),(0.,1.),.PIECEWISE_BEZIER_KNOTS.);
#6537=B_SPLINE_CURVE_WITH_KNOTS('',2,(#11530,#11531,#11532),
 .UNSPECIFIED.,.F.,.F.,(3,3),(0.,1.),.PIECEWISE_BEZIER_KNOTS.);
#6538=B_SPLINE_CURVE_WITH_KNOTS('',2,(#11549,#11550,#11551),
 .UNSPECIFIED.,.F.,.F.,(3,3),(0.,1.),.PIECEWISE_BEZIER_KNOTS.);
#6539=B_SPLINE_CURVE_WITH_KNOTS('',2,(#11553,#11554,#11555),
 .UNSPECIFIED.,.F.,.F.,(3,3),(0.,1.),.PIECEWISE_BEZIER_KNOTS.);
#6540=B_SPLINE_CURVE_WITH_KNOTS('',2,(#11566,#11567,#11568),
 .UNSPECIFIED.,.F.,.F.,(3,3),(0.,1.),.PIECEWISE_BEZIER_KNOTS.);
#6541=B_SPLINE_CURVE_WITH_KNOTS('',2,(#11570,#11571,#11572),
 .UNSPECIFIED.,.F.,.F.,(3,3),(0.,1.),.PIECEWISE_BEZIER_KNOTS.);
#6542=B_SPLINE_CURVE_WITH_KNOTS('',2,(#11589,#11590,#11591),
 .UNSPECIFIED.,.F.,.F.,(3,3),(0.,1.),.PIECEWISE_BEZIER_KNOTS.);
#6543=B_SPLINE_CURVE_WITH_KNOTS('',2,(#11593,#11594,#11595),
 .UNSPECIFIED.,.F.,.F.,(3,3),(0.,1.),.PIECEWISE_BEZIER_KNOTS.);
#6544=B_SPLINE_CURVE_WITH_KNOTS('',2,(#11606,#11607,#11608),
 .UNSPECIFIED.,.F.,.F.,(3,3),(0.,1.),.PIECEWISE_BEZIER_KNOTS.);
#6545=B_SPLINE_CURVE_WITH_KNOTS('',2,(#11613,#11614,#11615),
 .UNSPECIFIED.,.F.,.F.,(3,3),(0.,1.),.PIECEWISE_BEZIER_KNOTS.);
#6546=B_SPLINE_CURVE_WITH_KNOTS('',2,(#11632,#11633,#11634),
 .UNSPECIFIED.,.F.,.F.,(3,3),(0.,1.),.PIECEWISE_BEZIER_KNOTS.);
#6547=B_SPLINE_CURVE_WITH_KNOTS('',2,(#11636,#11637,#11638),
 .UNSPECIFIED.,.F.,.F.,(3,3),(0.,1.),.PIECEWISE_BEZIER_KNOTS.);
#6548=B_SPLINE_CURVE_WITH_KNOTS('',2,(#11649,#11650,#11651),
 .UNSPECIFIED.,.F.,.F.,(3,3),(0.,1.),.PIECEWISE_BEZIER_KNOTS.);
#6549=B_SPLINE_CURVE_WITH_KNOTS('',2,(#11653,#11654,#11655),
 .UNSPECIFIED.,.F.,.F.,(3,3),(0.,1.),.PIECEWISE_BEZIER_KNOTS.);
#6550=B_SPLINE_CURVE_WITH_KNOTS('',2,(#11666,#11667,#11668),
 .UNSPECIFIED.,.F.,.F.,(3,3),(0.,1.),.PIECEWISE_BEZIER_KNOTS.);
#6551=B_SPLINE_CURVE_WITH_KNOTS('',2,(#11670,#11671,#11672),
 .UNSPECIFIED.,.F.,.F.,(3,3),(0.,1.),.PIECEWISE_BEZIER_KNOTS.);
#6552=B_SPLINE_CURVE_WITH_KNOTS('',2,(#11683,#11684,#11685),
 .UNSPECIFIED.,.F.,.F.,(3,3),(0.,1.),.PIECEWISE_BEZIER_KNOTS.);
#6553=B_SPLINE_CURVE_WITH_KNOTS('',2,(#11687,#11688,#11689),
 .UNSPECIFIED.,.F.,.F.,(3,3),(0.,1.),.PIECEWISE_BEZIER_KNOTS.);
#6554=B_SPLINE_CURVE_WITH_KNOTS('',2,(#11700,#11701,#11702),
 .UNSPECIFIED.,.F.,.F.,(3,3),(0.,1.),.PIECEWISE_BEZIER_KNOTS.);
#6555=B_SPLINE_CURVE_WITH_KNOTS('',2,(#11704,#11705,#11706),
 .UNSPECIFIED.,.F.,.F.,(3,3),(0.,1.),.PIECEWISE_BEZIER_KNOTS.);
#6556=B_SPLINE_CURVE_WITH_KNOTS('',2,(#11747,#11748,#11749),
 .UNSPECIFIED.,.F.,.F.,(3,3),(0.,1.),.PIECEWISE_BEZIER_KNOTS.);
#6557=B_SPLINE_CURVE_WITH_KNOTS('',2,(#11751,#11752,#11753),
 .UNSPECIFIED.,.F.,.F.,(3,3),(0.,1.),.PIECEWISE_BEZIER_KNOTS.);
#6558=B_SPLINE_CURVE_WITH_KNOTS('',2,(#11764,#11765,#11766),
 .UNSPECIFIED.,.F.,.F.,(3,3),(0.,1.),.PIECEWISE_BEZIER_KNOTS.);
#6559=B_SPLINE_CURVE_WITH_KNOTS('',2,(#11768,#11769,#11770),
 .UNSPECIFIED.,.F.,.F.,(3,3),(0.,1.),.PIECEWISE_BEZIER_KNOTS.);
#6560=B_SPLINE_CURVE_WITH_KNOTS('',2,(#11787,#11788,#11789),
 .UNSPECIFIED.,.F.,.F.,(3,3),(0.,1.),.PIECEWISE_BEZIER_KNOTS.);
#6561=B_SPLINE_CURVE_WITH_KNOTS('',2,(#11790,#11791,#11792),
 .UNSPECIFIED.,.F.,.F.,(3,3),(0.,1.),.PIECEWISE_BEZIER_KNOTS.);
#6562=B_SPLINE_CURVE_WITH_KNOTS('',2,(#11801,#11802,#11803),
 .UNSPECIFIED.,.F.,.F.,(3,3),(0.,1.),.PIECEWISE_BEZIER_KNOTS.);
#6563=B_SPLINE_CURVE_WITH_KNOTS('',2,(#11804,#11805,#11806),
 .UNSPECIFIED.,.F.,.F.,(3,3),(0.,1.),.PIECEWISE_BEZIER_KNOTS.);
#6564=B_SPLINE_CURVE_WITH_KNOTS('',2,(#11818,#11819,#11820),
 .UNSPECIFIED.,.F.,.F.,(3,3),(0.,1.),.PIECEWISE_BEZIER_KNOTS.);
#6565=B_SPLINE_CURVE_WITH_KNOTS('',2,(#11825,#11826,#11827),
 .UNSPECIFIED.,.F.,.F.,(3,3),(0.,1.),.PIECEWISE_BEZIER_KNOTS.);
#6566=B_SPLINE_CURVE_WITH_KNOTS('',2,(#11838,#11839,#11840),
 .UNSPECIFIED.,.F.,.F.,(3,3),(0.,1.),.PIECEWISE_BEZIER_KNOTS.);
#6567=B_SPLINE_CURVE_WITH_KNOTS('',2,(#11842,#11843,#11844),
 .UNSPECIFIED.,.F.,.F.,(3,3),(0.,1.),.PIECEWISE_BEZIER_KNOTS.);
#6568=B_SPLINE_CURVE_WITH_KNOTS('',2,(#11855,#11856,#11857),
 .UNSPECIFIED.,.F.,.F.,(3,3),(0.,1.),.PIECEWISE_BEZIER_KNOTS.);
#6569=B_SPLINE_CURVE_WITH_KNOTS('',2,(#11859,#11860,#11861),
 .UNSPECIFIED.,.F.,.F.,(3,3),(0.,1.),.PIECEWISE_BEZIER_KNOTS.);
#6570=B_SPLINE_CURVE_WITH_KNOTS('',2,(#11878,#11879,#11880),
 .UNSPECIFIED.,.F.,.F.,(3,3),(0.,1.),.PIECEWISE_BEZIER_KNOTS.);
#6571=B_SPLINE_CURVE_WITH_KNOTS('',2,(#11882,#11883,#11884),
 .UNSPECIFIED.,.F.,.F.,(3,3),(0.,1.),.PIECEWISE_BEZIER_KNOTS.);
#6572=B_SPLINE_CURVE_WITH_KNOTS('',2,(#11895,#11896,#11897),
 .UNSPECIFIED.,.F.,.F.,(3,3),(0.,1.),.PIECEWISE_BEZIER_KNOTS.);
#6573=B_SPLINE_CURVE_WITH_KNOTS('',2,(#11899,#11900,#11901),
 .UNSPECIFIED.,.F.,.F.,(3,3),(0.,1.),.PIECEWISE_BEZIER_KNOTS.);
#6574=B_SPLINE_CURVE_WITH_KNOTS('',2,(#11912,#11913,#11914),
 .UNSPECIFIED.,.F.,.F.,(3,3),(0.,1.),.PIECEWISE_BEZIER_KNOTS.);
#6575=B_SPLINE_CURVE_WITH_KNOTS('',2,(#11916,#11917,#11918),
 .UNSPECIFIED.,.F.,.F.,(3,3),(0.,1.),.PIECEWISE_BEZIER_KNOTS.);
#6576=B_SPLINE_CURVE_WITH_KNOTS('',2,(#11929,#11930,#11931),
 .UNSPECIFIED.,.F.,.F.,(3,3),(0.,1.),.PIECEWISE_BEZIER_KNOTS.);
#6577=B_SPLINE_CURVE_WITH_KNOTS('',2,(#11933,#11934,#11935),
 .UNSPECIFIED.,.F.,.F.,(3,3),(0.,1.),.PIECEWISE_BEZIER_KNOTS.);
#6578=B_SPLINE_CURVE_WITH_KNOTS('',2,(#11952,#11953,#11954),
 .UNSPECIFIED.,.F.,.F.,(3,3),(0.,1.),.PIECEWISE_BEZIER_KNOTS.);
#6579=B_SPLINE_CURVE_WITH_KNOTS('',2,(#11959,#11960,#11961),
 .UNSPECIFIED.,.F.,.F.,(3,3),(0.,1.),.PIECEWISE_BEZIER_KNOTS.);
#6580=B_SPLINE_CURVE_WITH_KNOTS('',2,(#11972,#11973,#11974),
 .UNSPECIFIED.,.F.,.F.,(3,3),(0.,1.),.PIECEWISE_BEZIER_KNOTS.);
#6581=B_SPLINE_CURVE_WITH_KNOTS('',2,(#11976,#11977,#11978),
 .UNSPECIFIED.,.F.,.F.,(3,3),(0.,1.),.PIECEWISE_BEZIER_KNOTS.);
#6582=B_SPLINE_CURVE_WITH_KNOTS('',2,(#11995,#11996,#11997),
 .UNSPECIFIED.,.F.,.F.,(3,3),(0.,1.),.PIECEWISE_BEZIER_KNOTS.);
#6583=B_SPLINE_CURVE_WITH_KNOTS('',2,(#11999,#12000,#12001),
 .UNSPECIFIED.,.F.,.F.,(3,3),(0.,1.),.PIECEWISE_BEZIER_KNOTS.);
#6584=B_SPLINE_CURVE_WITH_KNOTS('',2,(#12012,#12013,#12014),
 .UNSPECIFIED.,.F.,.F.,(3,3),(0.,1.),.PIECEWISE_BEZIER_KNOTS.);
#6585=B_SPLINE_CURVE_WITH_KNOTS('',2,(#12016,#12017,#12018),
 .UNSPECIFIED.,.F.,.F.,(3,3),(0.,1.),.PIECEWISE_BEZIER_KNOTS.);
#6586=B_SPLINE_CURVE_WITH_KNOTS('',2,(#12035,#12036,#12037),
 .UNSPECIFIED.,.F.,.F.,(3,3),(0.,1.),.PIECEWISE_BEZIER_KNOTS.);
#6587=B_SPLINE_CURVE_WITH_KNOTS('',2,(#12039,#12040,#12041),
 .UNSPECIFIED.,.F.,.F.,(3,3),(0.,1.),.PIECEWISE_BEZIER_KNOTS.);
#6588=B_SPLINE_CURVE_WITH_KNOTS('',2,(#12052,#12053,#12054),
 .UNSPECIFIED.,.F.,.F.,(3,3),(0.,1.),.PIECEWISE_BEZIER_KNOTS.);
#6589=B_SPLINE_CURVE_WITH_KNOTS('',2,(#12056,#12057,#12058),
 .UNSPECIFIED.,.F.,.F.,(3,3),(0.,1.),.PIECEWISE_BEZIER_KNOTS.);
#6590=B_SPLINE_CURVE_WITH_KNOTS('',2,(#12075,#12076,#12077),
 .UNSPECIFIED.,.F.,.F.,(3,3),(0.,1.),.PIECEWISE_BEZIER_KNOTS.);
#6591=B_SPLINE_CURVE_WITH_KNOTS('',2,(#12079,#12080,#12081),
 .UNSPECIFIED.,.F.,.F.,(3,3),(0.,1.),.PIECEWISE_BEZIER_KNOTS.);
#6592=B_SPLINE_CURVE_WITH_KNOTS('',2,(#12092,#12093,#12094),
 .UNSPECIFIED.,.F.,.F.,(3,3),(0.,1.),.PIECEWISE_BEZIER_KNOTS.);
#6593=B_SPLINE_CURVE_WITH_KNOTS('',2,(#12096,#12097,#12098),
 .UNSPECIFIED.,.F.,.F.,(3,3),(0.,1.),.PIECEWISE_BEZIER_KNOTS.);
#6594=B_SPLINE_CURVE_WITH_KNOTS('',2,(#12112,#12113,#12114),
 .UNSPECIFIED.,.F.,.F.,(3,3),(0.,1.),.PIECEWISE_BEZIER_KNOTS.);
#6595=B_SPLINE_CURVE_WITH_KNOTS('',2,(#12115,#12116,#12117),
 .UNSPECIFIED.,.F.,.F.,(3,3),(0.,1.),.PIECEWISE_BEZIER_KNOTS.);
#6596=B_SPLINE_CURVE_WITH_KNOTS('',2,(#12156,#12157,#12158),
 .UNSPECIFIED.,.F.,.F.,(3,3),(0.,1.),.PIECEWISE_BEZIER_KNOTS.);
#6597=B_SPLINE_CURVE_WITH_KNOTS('',2,(#12163,#12164,#12165),
 .UNSPECIFIED.,.F.,.F.,(3,3),(0.,1.),.PIECEWISE_BEZIER_KNOTS.);
#6598=B_SPLINE_CURVE_WITH_KNOTS('',2,(#12182,#12183,#12184),
 .UNSPECIFIED.,.F.,.F.,(3,3),(0.,1.),.PIECEWISE_BEZIER_KNOTS.);
#6599=B_SPLINE_CURVE_WITH_KNOTS('',2,(#12186,#12187,#12188),
 .UNSPECIFIED.,.F.,.F.,(3,3),(0.,1.),.PIECEWISE_BEZIER_KNOTS.);
#6600=B_SPLINE_CURVE_WITH_KNOTS('',2,(#12235,#12236,#12237),
 .UNSPECIFIED.,.F.,.F.,(3,3),(0.,1.),.PIECEWISE_BEZIER_KNOTS.);
#6601=B_SPLINE_CURVE_WITH_KNOTS('',2,(#12239,#12240,#12241),
 .UNSPECIFIED.,.F.,.F.,(3,3),(0.,1.),.PIECEWISE_BEZIER_KNOTS.);
#6602=B_SPLINE_CURVE_WITH_KNOTS('',2,(#12252,#12253,#12254),
 .UNSPECIFIED.,.F.,.F.,(3,3),(0.,1.),.PIECEWISE_BEZIER_KNOTS.);
#6603=B_SPLINE_CURVE_WITH_KNOTS('',2,(#12256,#12257,#12258),
 .UNSPECIFIED.,.F.,.F.,(3,3),(0.,1.),.PIECEWISE_BEZIER_KNOTS.);
#6604=B_SPLINE_CURVE_WITH_KNOTS('',2,(#12269,#12270,#12271),
 .UNSPECIFIED.,.F.,.F.,(3,3),(0.,1.),.PIECEWISE_BEZIER_KNOTS.);
#6605=B_SPLINE_CURVE_WITH_KNOTS('',2,(#12273,#12274,#12275),
 .UNSPECIFIED.,.F.,.F.,(3,3),(0.,1.),.PIECEWISE_BEZIER_KNOTS.);
#6606=B_SPLINE_CURVE_WITH_KNOTS('',2,(#12286,#12287,#12288),
 .UNSPECIFIED.,.F.,.F.,(3,3),(0.,1.),.PIECEWISE_BEZIER_KNOTS.);
#6607=B_SPLINE_CURVE_WITH_KNOTS('',2,(#12290,#12291,#12292),
 .UNSPECIFIED.,.F.,.F.,(3,3),(0.,1.),.PIECEWISE_BEZIER_KNOTS.);
#6608=B_SPLINE_CURVE_WITH_KNOTS('',2,(#12333,#12334,#12335),
 .UNSPECIFIED.,.F.,.F.,(3,3),(0.,1.),.PIECEWISE_BEZIER_KNOTS.);
#6609=B_SPLINE_CURVE_WITH_KNOTS('',2,(#12336,#12337,#12338),
 .UNSPECIFIED.,.F.,.F.,(3,3),(0.,1.),.PIECEWISE_BEZIER_KNOTS.);
#6610=B_SPLINE_CURVE_WITH_KNOTS('',2,(#12397,#12398,#12399),
 .UNSPECIFIED.,.F.,.F.,(3,3),(0.,1.),.PIECEWISE_BEZIER_KNOTS.);
#6611=B_SPLINE_CURVE_WITH_KNOTS('',2,(#12402,#12403,#12404),
 .UNSPECIFIED.,.F.,.F.,(3,3),(0.,1.),.PIECEWISE_BEZIER_KNOTS.);
#6612=B_SPLINE_CURVE_WITH_KNOTS('',2,(#12406,#12407,#12408),
 .UNSPECIFIED.,.F.,.F.,(3,3),(0.,1.),.PIECEWISE_BEZIER_KNOTS.);
#6613=B_SPLINE_CURVE_WITH_KNOTS('',2,(#12410,#12411,#12412),
 .UNSPECIFIED.,.F.,.F.,(3,3),(0.,1.),.PIECEWISE_BEZIER_KNOTS.);
#6614=B_SPLINE_CURVE_WITH_KNOTS('',2,(#12420,#12421,#12422),
 .UNSPECIFIED.,.F.,.F.,(3,3),(0.,1.),.PIECEWISE_BEZIER_KNOTS.);
#6615=B_SPLINE_CURVE_WITH_KNOTS('',2,(#12424,#12425,#12426),
 .UNSPECIFIED.,.F.,.F.,(3,3),(0.,1.),.PIECEWISE_BEZIER_KNOTS.);
#6616=B_SPLINE_CURVE_WITH_KNOTS('',2,(#12428,#12429,#12430),
 .UNSPECIFIED.,.F.,.F.,(3,3),(0.,1.),.PIECEWISE_BEZIER_KNOTS.);
#6617=B_SPLINE_CURVE_WITH_KNOTS('',2,(#12436,#12437,#12438),
 .UNSPECIFIED.,.F.,.F.,(3,3),(0.,1.),.PIECEWISE_BEZIER_KNOTS.);
#6618=B_SPLINE_CURVE_WITH_KNOTS('',2,(#12440,#12441,#12442),
 .UNSPECIFIED.,.F.,.F.,(3,3),(0.,1.),.PIECEWISE_BEZIER_KNOTS.);
#6619=B_SPLINE_CURVE_WITH_KNOTS('',2,(#12444,#12445,#12446),
 .UNSPECIFIED.,.F.,.F.,(3,3),(0.,1.),.PIECEWISE_BEZIER_KNOTS.);
#6620=B_SPLINE_CURVE_WITH_KNOTS('',2,(#12448,#12449,#12450),
 .UNSPECIFIED.,.F.,.F.,(3,3),(0.,1.),.PIECEWISE_BEZIER_KNOTS.);
#6621=B_SPLINE_CURVE_WITH_KNOTS('',2,(#12454,#12455,#12456),
 .UNSPECIFIED.,.F.,.F.,(3,3),(0.,1.),.PIECEWISE_BEZIER_KNOTS.);
#6622=B_SPLINE_CURVE_WITH_KNOTS('',2,(#12458,#12459,#12460),
 .UNSPECIFIED.,.F.,.F.,(3,3),(0.,1.),.PIECEWISE_BEZIER_KNOTS.);
#6623=B_SPLINE_CURVE_WITH_KNOTS('',2,(#12462,#12463,#12464),
 .UNSPECIFIED.,.F.,.F.,(3,3),(0.,1.),.PIECEWISE_BEZIER_KNOTS.);
#6624=B_SPLINE_CURVE_WITH_KNOTS('',2,(#12499,#12500,#12501),
 .UNSPECIFIED.,.F.,.F.,(3,3),(0.,1.),.PIECEWISE_BEZIER_KNOTS.);
#6625=B_SPLINE_CURVE_WITH_KNOTS('',2,(#12504,#12505,#12506),
 .UNSPECIFIED.,.F.,.F.,(3,3),(0.,1.),.PIECEWISE_BEZIER_KNOTS.);
#6626=B_SPLINE_CURVE_WITH_KNOTS('',2,(#12512,#12513,#12514),
 .UNSPECIFIED.,.F.,.F.,(3,3),(0.,1.),.PIECEWISE_BEZIER_KNOTS.);
#6627=B_SPLINE_CURVE_WITH_KNOTS('',2,(#12516,#12517,#12518),
 .UNSPECIFIED.,.F.,.F.,(3,3),(0.,1.),.PIECEWISE_BEZIER_KNOTS.);
#6628=B_SPLINE_CURVE_WITH_KNOTS('',2,(#12529,#12530,#12531),
 .UNSPECIFIED.,.F.,.F.,(3,3),(0.,1.),.PIECEWISE_BEZIER_KNOTS.);
#6629=B_SPLINE_CURVE_WITH_KNOTS('',2,(#12534,#12535,#12536),
 .UNSPECIFIED.,.F.,.F.,(3,3),(0.,1.),.PIECEWISE_BEZIER_KNOTS.);
#6630=B_SPLINE_CURVE_WITH_KNOTS('',2,(#12538,#12539,#12540),
 .UNSPECIFIED.,.F.,.F.,(3,3),(0.,1.),.PIECEWISE_BEZIER_KNOTS.);
#6631=B_SPLINE_CURVE_WITH_KNOTS('',2,(#12544,#12545,#12546),
 .UNSPECIFIED.,.F.,.F.,(3,3),(0.,1.),.PIECEWISE_BEZIER_KNOTS.);
#6632=B_SPLINE_CURVE_WITH_KNOTS('',2,(#12548,#12549,#12550),
 .UNSPECIFIED.,.F.,.F.,(3,3),(0.,1.),.PIECEWISE_BEZIER_KNOTS.);
#6633=B_SPLINE_CURVE_WITH_KNOTS('',2,(#12552,#12553,#12554),
 .UNSPECIFIED.,.F.,.F.,(3,3),(0.,1.),.PIECEWISE_BEZIER_KNOTS.);
#6634=B_SPLINE_CURVE_WITH_KNOTS('',2,(#12556,#12557,#12558),
 .UNSPECIFIED.,.F.,.F.,(3,3),(0.,1.),.PIECEWISE_BEZIER_KNOTS.);
#6635=B_SPLINE_CURVE_WITH_KNOTS('',2,(#12559,#12560,#12561),
 .UNSPECIFIED.,.F.,.F.,(3,3),(0.,1.),.PIECEWISE_BEZIER_KNOTS.);
#6636=B_SPLINE_CURVE_WITH_KNOTS('',2,(#12564,#12565,#12566),
 .UNSPECIFIED.,.F.,.F.,(3,3),(0.,1.),.PIECEWISE_BEZIER_KNOTS.);
#6637=B_SPLINE_CURVE_WITH_KNOTS('',2,(#12570,#12571,#12572),
 .UNSPECIFIED.,.F.,.F.,(3,3),(0.,1.),.PIECEWISE_BEZIER_KNOTS.);
#6638=B_SPLINE_CURVE_WITH_KNOTS('',2,(#12574,#12575,#12576),
 .UNSPECIFIED.,.F.,.F.,(3,3),(0.,1.),.PIECEWISE_BEZIER_KNOTS.);
#6639=B_SPLINE_CURVE_WITH_KNOTS('',2,(#12588,#12589,#12590),
 .UNSPECIFIED.,.F.,.F.,(3,3),(0.,1.),.PIECEWISE_BEZIER_KNOTS.);
#6640=B_SPLINE_CURVE_WITH_KNOTS('',2,(#12592,#12593,#12594),
 .UNSPECIFIED.,.F.,.F.,(3,3),(0.,1.),.PIECEWISE_BEZIER_KNOTS.);
#6641=B_SPLINE_CURVE_WITH_KNOTS('',2,(#12596,#12597,#12598),
 .UNSPECIFIED.,.F.,.F.,(3,3),(0.,1.),.PIECEWISE_BEZIER_KNOTS.);
#6642=B_SPLINE_CURVE_WITH_KNOTS('',2,(#12600,#12601,#12602),
 .UNSPECIFIED.,.F.,.F.,(3,3),(0.,1.),.PIECEWISE_BEZIER_KNOTS.);
#6643=B_SPLINE_CURVE_WITH_KNOTS('',2,(#12604,#12605,#12606),
 .UNSPECIFIED.,.F.,.F.,(3,3),(0.,1.),.PIECEWISE_BEZIER_KNOTS.);
#6644=B_SPLINE_CURVE_WITH_KNOTS('',2,(#12641,#12642,#12643),
 .UNSPECIFIED.,.F.,.F.,(3,3),(0.,1.),.PIECEWISE_BEZIER_KNOTS.);
#6645=B_SPLINE_CURVE_WITH_KNOTS('',2,(#12648,#12649,#12650),
 .UNSPECIFIED.,.F.,.F.,(3,3),(0.,1.),.PIECEWISE_BEZIER_KNOTS.);
#6646=B_SPLINE_CURVE_WITH_KNOTS('',2,(#12652,#12653,#12654),
 .UNSPECIFIED.,.F.,.F.,(3,3),(0.,1.),.PIECEWISE_BEZIER_KNOTS.);
#6647=B_SPLINE_CURVE_WITH_KNOTS('',2,(#12658,#12659,#12660),
 .UNSPECIFIED.,.F.,.F.,(3,3),(0.,1.),.PIECEWISE_BEZIER_KNOTS.);
#6648=B_SPLINE_CURVE_WITH_KNOTS('',2,(#12662,#12663,#12664),
 .UNSPECIFIED.,.F.,.F.,(3,3),(0.,1.),.PIECEWISE_BEZIER_KNOTS.);
#6649=B_SPLINE_CURVE_WITH_KNOTS('',2,(#12668,#12669,#12670),
 .UNSPECIFIED.,.F.,.F.,(3,3),(0.,1.),.PIECEWISE_BEZIER_KNOTS.);
#6650=B_SPLINE_CURVE_WITH_KNOTS('',2,(#12672,#12673,#12674),
 .UNSPECIFIED.,.F.,.F.,(3,3),(0.,1.),.PIECEWISE_BEZIER_KNOTS.);
#6651=B_SPLINE_CURVE_WITH_KNOTS('',2,(#12678,#12679,#12680),
 .UNSPECIFIED.,.F.,.F.,(3,3),(0.,1.),.PIECEWISE_BEZIER_KNOTS.);
#6652=B_SPLINE_CURVE_WITH_KNOTS('',2,(#12681,#12682,#12683),
 .UNSPECIFIED.,.F.,.F.,(3,3),(0.,1.),.PIECEWISE_BEZIER_KNOTS.);
#6653=B_SPLINE_CURVE_WITH_KNOTS('',2,(#12688,#12689,#12690),
 .UNSPECIFIED.,.F.,.F.,(3,3),(0.,1.),.PIECEWISE_BEZIER_KNOTS.);
#6654=B_SPLINE_CURVE_WITH_KNOTS('',2,(#12692,#12693,#12694),
 .UNSPECIFIED.,.F.,.F.,(3,3),(0.,1.),.PIECEWISE_BEZIER_KNOTS.);
#6655=B_SPLINE_CURVE_WITH_KNOTS('',2,(#12698,#12699,#12700),
 .UNSPECIFIED.,.F.,.F.,(3,3),(0.,1.),.PIECEWISE_BEZIER_KNOTS.);
#6656=B_SPLINE_CURVE_WITH_KNOTS('',2,(#12702,#12703,#12704),
 .UNSPECIFIED.,.F.,.F.,(3,3),(0.,1.),.PIECEWISE_BEZIER_KNOTS.);
#6657=B_SPLINE_CURVE_WITH_KNOTS('',2,(#12708,#12709,#12710),
 .UNSPECIFIED.,.F.,.F.,(3,3),(0.,1.),.PIECEWISE_BEZIER_KNOTS.);
#6658=B_SPLINE_CURVE_WITH_KNOTS('',2,(#12712,#12713,#12714),
 .UNSPECIFIED.,.F.,.F.,(3,3),(0.,1.),.PIECEWISE_BEZIER_KNOTS.);
#6659=B_SPLINE_CURVE_WITH_KNOTS('',2,(#12718,#12719,#12720),
 .UNSPECIFIED.,.F.,.F.,(3,3),(0.,1.),.PIECEWISE_BEZIER_KNOTS.);
#6660=B_SPLINE_CURVE_WITH_KNOTS('',2,(#12729,#12730,#12731),
 .UNSPECIFIED.,.F.,.F.,(3,3),(0.,1.),.PIECEWISE_BEZIER_KNOTS.);
#6661=B_SPLINE_CURVE_WITH_KNOTS('',2,(#12734,#12735,#12736),
 .UNSPECIFIED.,.F.,.F.,(3,3),(0.,1.),.PIECEWISE_BEZIER_KNOTS.);
#6662=B_SPLINE_CURVE_WITH_KNOTS('',2,(#12748,#12749,#12750),
 .UNSPECIFIED.,.F.,.F.,(3,3),(0.,1.),.PIECEWISE_BEZIER_KNOTS.);
#6663=B_SPLINE_CURVE_WITH_KNOTS('',2,(#12752,#12753,#12754),
 .UNSPECIFIED.,.F.,.F.,(3,3),(0.,1.),.PIECEWISE_BEZIER_KNOTS.);
#6664=B_SPLINE_CURVE_WITH_KNOTS('',2,(#12756,#12757,#12758),
 .UNSPECIFIED.,.F.,.F.,(3,3),(0.,1.),.PIECEWISE_BEZIER_KNOTS.);
#6665=B_SPLINE_CURVE_WITH_KNOTS('',2,(#12760,#12761,#12762),
 .UNSPECIFIED.,.F.,.F.,(3,3),(0.,1.),.PIECEWISE_BEZIER_KNOTS.);
#6666=B_SPLINE_CURVE_WITH_KNOTS('',2,(#12776,#12777,#12778),
 .UNSPECIFIED.,.F.,.F.,(3,3),(0.,1.),.PIECEWISE_BEZIER_KNOTS.);
#6667=B_SPLINE_CURVE_WITH_KNOTS('',2,(#13263,#13264,#13265),
 .UNSPECIFIED.,.F.,.F.,(3,3),(0.,1.),.PIECEWISE_BEZIER_KNOTS.);
#6668=B_SPLINE_CURVE_WITH_KNOTS('',2,(#13269,#13270,#13271),
 .UNSPECIFIED.,.F.,.F.,(3,3),(0.,1.),.PIECEWISE_BEZIER_KNOTS.);
#6669=B_SPLINE_CURVE_WITH_KNOTS('',2,(#13280,#13281,#13282),
 .UNSPECIFIED.,.F.,.F.,(3,3),(0.,1.),.PIECEWISE_BEZIER_KNOTS.);
#6670=B_SPLINE_CURVE_WITH_KNOTS('',2,(#13286,#13287,#13288),
 .UNSPECIFIED.,.F.,.F.,(3,3),(0.,1.),.PIECEWISE_BEZIER_KNOTS.);
#6671=B_SPLINE_CURVE_WITH_KNOTS('',2,(#13303,#13304,#13305),
 .UNSPECIFIED.,.F.,.F.,(3,3),(0.,1.),.PIECEWISE_BEZIER_KNOTS.);
#6672=B_SPLINE_CURVE_WITH_KNOTS('',2,(#13309,#13310,#13311),
 .UNSPECIFIED.,.F.,.F.,(3,3),(0.,1.),.PIECEWISE_BEZIER_KNOTS.);
#6673=B_SPLINE_CURVE_WITH_KNOTS('',2,(#13320,#13321,#13322),
 .UNSPECIFIED.,.F.,.F.,(3,3),(0.,1.),.PIECEWISE_BEZIER_KNOTS.);
#6674=B_SPLINE_CURVE_WITH_KNOTS('',2,(#13326,#13327,#13328),
 .UNSPECIFIED.,.F.,.F.,(3,3),(0.,1.),.PIECEWISE_BEZIER_KNOTS.);
#6675=B_SPLINE_CURVE_WITH_KNOTS('',2,(#13343,#13344,#13345),
 .UNSPECIFIED.,.F.,.F.,(3,3),(0.,1.),.PIECEWISE_BEZIER_KNOTS.);
#6676=B_SPLINE_CURVE_WITH_KNOTS('',2,(#13349,#13350,#13351),
 .UNSPECIFIED.,.F.,.F.,(3,3),(0.,1.),.PIECEWISE_BEZIER_KNOTS.);
#6677=B_SPLINE_CURVE_WITH_KNOTS('',2,(#13360,#13361,#13362),
 .UNSPECIFIED.,.F.,.F.,(3,3),(0.,1.),.PIECEWISE_BEZIER_KNOTS.);
#6678=B_SPLINE_CURVE_WITH_KNOTS('',2,(#13366,#13367,#13368),
 .UNSPECIFIED.,.F.,.F.,(3,3),(0.,1.),.PIECEWISE_BEZIER_KNOTS.);
#6679=B_SPLINE_CURVE_WITH_KNOTS('',2,(#13383,#13384,#13385),
 .UNSPECIFIED.,.F.,.F.,(3,3),(0.,1.),.PIECEWISE_BEZIER_KNOTS.);
#6680=B_SPLINE_CURVE_WITH_KNOTS('',2,(#13389,#13390,#13391),
 .UNSPECIFIED.,.F.,.F.,(3,3),(0.,1.),.PIECEWISE_BEZIER_KNOTS.);
#6681=B_SPLINE_CURVE_WITH_KNOTS('',2,(#13402,#13403,#13404),
 .UNSPECIFIED.,.F.,.F.,(3,3),(0.,1.),.PIECEWISE_BEZIER_KNOTS.);
#6682=B_SPLINE_CURVE_WITH_KNOTS('',2,(#13421,#13422,#13423),
 .UNSPECIFIED.,.F.,.F.,(3,3),(0.,1.),.PIECEWISE_BEZIER_KNOTS.);
#6683=B_SPLINE_CURVE_WITH_KNOTS('',2,(#13434,#13435,#13436),
 .UNSPECIFIED.,.F.,.F.,(3,3),(0.,1.),.PIECEWISE_BEZIER_KNOTS.);
#6684=B_SPLINE_CURVE_WITH_KNOTS('',2,(#13447,#13448,#13449),
 .UNSPECIFIED.,.F.,.F.,(3,3),(0.,1.),.PIECEWISE_BEZIER_KNOTS.);
#6685=B_SPLINE_CURVE_WITH_KNOTS('',2,(#13460,#13461,#13462),
 .UNSPECIFIED.,.F.,.F.,(3,3),(0.,1.),.PIECEWISE_BEZIER_KNOTS.);
#6686=B_SPLINE_CURVE_WITH_KNOTS('',2,(#13473,#13474,#13475),
 .UNSPECIFIED.,.F.,.F.,(3,3),(0.,1.),.PIECEWISE_BEZIER_KNOTS.);
#6687=B_SPLINE_CURVE_WITH_KNOTS('',2,(#13506,#13507,#13508),
 .UNSPECIFIED.,.F.,.F.,(3,3),(0.,1.),.PIECEWISE_BEZIER_KNOTS.);
#6688=B_SPLINE_CURVE_WITH_KNOTS('',2,(#13519,#13520,#13521),
 .UNSPECIFIED.,.F.,.F.,(3,3),(0.,1.),.PIECEWISE_BEZIER_KNOTS.);
#6689=B_SPLINE_CURVE_WITH_KNOTS('',2,(#13534,#13535,#13536),
 .UNSPECIFIED.,.F.,.F.,(3,3),(0.,1.),.PIECEWISE_BEZIER_KNOTS.);
#6690=B_SPLINE_CURVE_WITH_KNOTS('',2,(#13545,#13546,#13547),
 .UNSPECIFIED.,.F.,.F.,(3,3),(0.,1.),.PIECEWISE_BEZIER_KNOTS.);
#6691=B_SPLINE_CURVE_WITH_KNOTS('',2,(#13548,#13549,#13550),
 .UNSPECIFIED.,.F.,.F.,(3,3),(0.,1.),.PIECEWISE_BEZIER_KNOTS.);
#6692=B_SPLINE_CURVE_WITH_KNOTS('',2,(#13579,#13580,#13581),
 .UNSPECIFIED.,.F.,.F.,(3,3),(0.,1.),.PIECEWISE_BEZIER_KNOTS.);
#6693=B_SPLINE_CURVE_WITH_KNOTS('',2,(#13594,#13595,#13596),
 .UNSPECIFIED.,.F.,.F.,(3,3),(0.,1.),.PIECEWISE_BEZIER_KNOTS.);
#6694=B_SPLINE_CURVE_WITH_KNOTS('',2,(#13607,#13608,#13609),
 .UNSPECIFIED.,.F.,.F.,(3,3),(0.,1.),.PIECEWISE_BEZIER_KNOTS.);
#6695=B_SPLINE_CURVE_WITH_KNOTS('',2,(#13620,#13621,#13622),
 .UNSPECIFIED.,.F.,.F.,(3,3),(0.,1.),.PIECEWISE_BEZIER_KNOTS.);
#6696=B_SPLINE_CURVE_WITH_KNOTS('',2,(#13633,#13634,#13635),
 .UNSPECIFIED.,.F.,.F.,(3,3),(0.,1.),.PIECEWISE_BEZIER_KNOTS.);
#6697=B_SPLINE_CURVE_WITH_KNOTS('',2,(#13650,#13651,#13652),
 .UNSPECIFIED.,.F.,.F.,(3,3),(0.,1.),.PIECEWISE_BEZIER_KNOTS.);
#6698=B_SPLINE_CURVE_WITH_KNOTS('',2,(#13661,#13662,#13663),
 .UNSPECIFIED.,.F.,.F.,(3,3),(0.,1.),.PIECEWISE_BEZIER_KNOTS.);
#6699=B_SPLINE_CURVE_WITH_KNOTS('',2,(#13692,#13693,#13694),
 .UNSPECIFIED.,.F.,.F.,(3,3),(0.,1.),.PIECEWISE_BEZIER_KNOTS.);
#6700=B_SPLINE_CURVE_WITH_KNOTS('',2,(#13727,#13728,#13729),
 .UNSPECIFIED.,.F.,.F.,(3,3),(0.,1.),.PIECEWISE_BEZIER_KNOTS.);
#6701=B_SPLINE_CURVE_WITH_KNOTS('',2,(#13740,#13741,#13742),
 .UNSPECIFIED.,.F.,.F.,(3,3),(0.,1.),.PIECEWISE_BEZIER_KNOTS.);
#6702=B_SPLINE_CURVE_WITH_KNOTS('',2,(#13759,#13760,#13761),
 .UNSPECIFIED.,.F.,.F.,(3,3),(0.,1.),.PIECEWISE_BEZIER_KNOTS.);
#6703=B_SPLINE_CURVE_WITH_KNOTS('',2,(#13771,#13772,#13773),
 .UNSPECIFIED.,.F.,.F.,(3,3),(0.,1.),.PIECEWISE_BEZIER_KNOTS.);
#6704=B_SPLINE_CURVE_WITH_KNOTS('',2,(#13778,#13779,#13780),
 .UNSPECIFIED.,.F.,.F.,(3,3),(0.,1.),.PIECEWISE_BEZIER_KNOTS.);
#6705=B_SPLINE_CURVE_WITH_KNOTS('',2,(#13791,#13792,#13793),
 .UNSPECIFIED.,.F.,.F.,(3,3),(0.,1.),.PIECEWISE_BEZIER_KNOTS.);
#6706=B_SPLINE_CURVE_WITH_KNOTS('',2,(#13797,#13798,#13799),
 .UNSPECIFIED.,.F.,.F.,(3,3),(0.,1.),.PIECEWISE_BEZIER_KNOTS.);
#6707=B_SPLINE_CURVE_WITH_KNOTS('',2,(#13808,#13809,#13810),
 .UNSPECIFIED.,.F.,.F.,(3,3),(0.,1.),.PIECEWISE_BEZIER_KNOTS.);
#6708=B_SPLINE_CURVE_WITH_KNOTS('',2,(#13814,#13815,#13816),
 .UNSPECIFIED.,.F.,.F.,(3,3),(0.,1.),.PIECEWISE_BEZIER_KNOTS.);
#6709=B_SPLINE_CURVE_WITH_KNOTS('',2,(#13831,#13832,#13833),
 .UNSPECIFIED.,.F.,.F.,(3,3),(0.,1.),.PIECEWISE_BEZIER_KNOTS.);
#6710=B_SPLINE_CURVE_WITH_KNOTS('',2,(#13837,#13838,#13839),
 .UNSPECIFIED.,.F.,.F.,(3,3),(0.,1.),.PIECEWISE_BEZIER_KNOTS.);
#6711=B_SPLINE_CURVE_WITH_KNOTS('',2,(#13848,#13849,#13850),
 .UNSPECIFIED.,.F.,.F.,(3,3),(0.,1.),.PIECEWISE_BEZIER_KNOTS.);
#6712=B_SPLINE_CURVE_WITH_KNOTS('',2,(#13854,#13855,#13856),
 .UNSPECIFIED.,.F.,.F.,(3,3),(0.,1.),.PIECEWISE_BEZIER_KNOTS.);
#6713=B_SPLINE_CURVE_WITH_KNOTS('',2,(#13865,#13866,#13867),
 .UNSPECIFIED.,.F.,.F.,(3,3),(0.,1.),.PIECEWISE_BEZIER_KNOTS.);
#6714=B_SPLINE_CURVE_WITH_KNOTS('',2,(#13871,#13872,#13873),
 .UNSPECIFIED.,.F.,.F.,(3,3),(0.,1.),.PIECEWISE_BEZIER_KNOTS.);
#6715=B_SPLINE_CURVE_WITH_KNOTS('',2,(#13882,#13883,#13884),
 .UNSPECIFIED.,.F.,.F.,(3,3),(0.,1.),.PIECEWISE_BEZIER_KNOTS.);
#6716=B_SPLINE_CURVE_WITH_KNOTS('',2,(#13888,#13889,#13890),
 .UNSPECIFIED.,.F.,.F.,(3,3),(0.,1.),.PIECEWISE_BEZIER_KNOTS.);
#6717=B_SPLINE_CURVE_WITH_KNOTS('',2,(#13907,#13908,#13909),
 .UNSPECIFIED.,.F.,.F.,(3,3),(0.,1.),.PIECEWISE_BEZIER_KNOTS.);
#6718=B_SPLINE_CURVE_WITH_KNOTS('',2,(#13922,#13923,#13924),
 .UNSPECIFIED.,.F.,.F.,(3,3),(0.,1.),.PIECEWISE_BEZIER_KNOTS.);
#6719=B_SPLINE_CURVE_WITH_KNOTS('',2,(#13939,#13940,#13941),
 .UNSPECIFIED.,.F.,.F.,(3,3),(0.,1.),.PIECEWISE_BEZIER_KNOTS.);
#6720=B_SPLINE_CURVE_WITH_KNOTS('',2,(#13952,#13953,#13954),
 .UNSPECIFIED.,.F.,.F.,(3,3),(0.,1.),.PIECEWISE_BEZIER_KNOTS.);
#6721=B_SPLINE_CURVE_WITH_KNOTS('',2,(#13969,#13970,#13971),
 .UNSPECIFIED.,.F.,.F.,(3,3),(0.,1.),.PIECEWISE_BEZIER_KNOTS.);
#6722=B_SPLINE_CURVE_WITH_KNOTS('',2,(#13982,#13983,#13984),
 .UNSPECIFIED.,.F.,.F.,(3,3),(0.,1.),.PIECEWISE_BEZIER_KNOTS.);
#6723=B_SPLINE_CURVE_WITH_KNOTS('',2,(#13999,#14000,#14001),
 .UNSPECIFIED.,.F.,.F.,(3,3),(0.,1.),.PIECEWISE_BEZIER_KNOTS.);
#6724=B_SPLINE_CURVE_WITH_KNOTS('',2,(#14012,#14013,#14014),
 .UNSPECIFIED.,.F.,.F.,(3,3),(0.,1.),.PIECEWISE_BEZIER_KNOTS.);
#6725=B_SPLINE_CURVE_WITH_KNOTS('',2,(#14025,#14026,#14027),
 .UNSPECIFIED.,.F.,.F.,(3,3),(0.,1.),.PIECEWISE_BEZIER_KNOTS.);
#6726=B_SPLINE_CURVE_WITH_KNOTS('',2,(#14028,#14029,#14030),
 .UNSPECIFIED.,.F.,.F.,(3,3),(0.,1.),.PIECEWISE_BEZIER_KNOTS.);
#6727=B_SPLINE_CURVE_WITH_KNOTS('',2,(#14093,#14094,#14095),
 .UNSPECIFIED.,.F.,.F.,(3,3),(0.,1.),.PIECEWISE_BEZIER_KNOTS.);
#6728=B_SPLINE_CURVE_WITH_KNOTS('',2,(#14100,#14101,#14102),
 .UNSPECIFIED.,.F.,.F.,(3,3),(0.,1.),.PIECEWISE_BEZIER_KNOTS.);
#6729=B_SPLINE_CURVE_WITH_KNOTS('',2,(#14113,#14114,#14115),
 .UNSPECIFIED.,.F.,.F.,(3,3),(0.,1.),.PIECEWISE_BEZIER_KNOTS.);
#6730=B_SPLINE_CURVE_WITH_KNOTS('',2,(#14119,#14120,#14121),
 .UNSPECIFIED.,.F.,.F.,(3,3),(0.,1.),.PIECEWISE_BEZIER_KNOTS.);
#6731=B_SPLINE_CURVE_WITH_KNOTS('',2,(#14130,#14131,#14132),
 .UNSPECIFIED.,.F.,.F.,(3,3),(0.,1.),.PIECEWISE_BEZIER_KNOTS.);
#6732=B_SPLINE_CURVE_WITH_KNOTS('',2,(#14136,#14137,#14138),
 .UNSPECIFIED.,.F.,.F.,(3,3),(0.,1.),.PIECEWISE_BEZIER_KNOTS.);
#6733=B_SPLINE_CURVE_WITH_KNOTS('',2,(#14153,#14154,#14155),
 .UNSPECIFIED.,.F.,.F.,(3,3),(0.,1.),.PIECEWISE_BEZIER_KNOTS.);
#6734=B_SPLINE_CURVE_WITH_KNOTS('',2,(#14159,#14160,#14161),
 .UNSPECIFIED.,.F.,.F.,(3,3),(0.,1.),.PIECEWISE_BEZIER_KNOTS.);
#6735=B_SPLINE_CURVE_WITH_KNOTS('',2,(#14170,#14171,#14172),
 .UNSPECIFIED.,.F.,.F.,(3,3),(0.,1.),.PIECEWISE_BEZIER_KNOTS.);
#6736=B_SPLINE_CURVE_WITH_KNOTS('',2,(#14176,#14177,#14178),
 .UNSPECIFIED.,.F.,.F.,(3,3),(0.,1.),.PIECEWISE_BEZIER_KNOTS.);
#6737=B_SPLINE_CURVE_WITH_KNOTS('',2,(#14187,#14188,#14189),
 .UNSPECIFIED.,.F.,.F.,(3,3),(0.,1.),.PIECEWISE_BEZIER_KNOTS.);
#6738=B_SPLINE_CURVE_WITH_KNOTS('',2,(#14193,#14194,#14195),
 .UNSPECIFIED.,.F.,.F.,(3,3),(0.,1.),.PIECEWISE_BEZIER_KNOTS.);
#6739=B_SPLINE_CURVE_WITH_KNOTS('',2,(#14204,#14205,#14206),
 .UNSPECIFIED.,.F.,.F.,(3,3),(0.,1.),.PIECEWISE_BEZIER_KNOTS.);
#6740=B_SPLINE_CURVE_WITH_KNOTS('',2,(#14210,#14211,#14212),
 .UNSPECIFIED.,.F.,.F.,(3,3),(0.,1.),.PIECEWISE_BEZIER_KNOTS.);
#6741=B_SPLINE_CURVE_WITH_KNOTS('',2,(#14229,#14230,#14231),
 .UNSPECIFIED.,.F.,.F.,(3,3),(0.,1.),.PIECEWISE_BEZIER_KNOTS.);
#6742=B_SPLINE_CURVE_WITH_KNOTS('',2,(#14244,#14245,#14246),
 .UNSPECIFIED.,.F.,.F.,(3,3),(0.,1.),.PIECEWISE_BEZIER_KNOTS.);
#6743=B_SPLINE_CURVE_WITH_KNOTS('',2,(#14261,#14262,#14263),
 .UNSPECIFIED.,.F.,.F.,(3,3),(0.,1.),.PIECEWISE_BEZIER_KNOTS.);
#6744=B_SPLINE_CURVE_WITH_KNOTS('',2,(#14274,#14275,#14276),
 .UNSPECIFIED.,.F.,.F.,(3,3),(0.,1.),.PIECEWISE_BEZIER_KNOTS.);
#6745=B_SPLINE_CURVE_WITH_KNOTS('',2,(#14291,#14292,#14293),
 .UNSPECIFIED.,.F.,.F.,(3,3),(0.,1.),.PIECEWISE_BEZIER_KNOTS.);
#6746=B_SPLINE_CURVE_WITH_KNOTS('',2,(#14304,#14305,#14306),
 .UNSPECIFIED.,.F.,.F.,(3,3),(0.,1.),.PIECEWISE_BEZIER_KNOTS.);
#6747=B_SPLINE_CURVE_WITH_KNOTS('',2,(#14321,#14322,#14323),
 .UNSPECIFIED.,.F.,.F.,(3,3),(0.,1.),.PIECEWISE_BEZIER_KNOTS.);
#6748=B_SPLINE_CURVE_WITH_KNOTS('',2,(#14334,#14335,#14336),
 .UNSPECIFIED.,.F.,.F.,(3,3),(0.,1.),.PIECEWISE_BEZIER_KNOTS.);
#6749=B_SPLINE_CURVE_WITH_KNOTS('',2,(#14347,#14348,#14349),
 .UNSPECIFIED.,.F.,.F.,(3,3),(0.,1.),.PIECEWISE_BEZIER_KNOTS.);
#6750=B_SPLINE_CURVE_WITH_KNOTS('',2,(#14350,#14351,#14352),
 .UNSPECIFIED.,.F.,.F.,(3,3),(0.,1.),.PIECEWISE_BEZIER_KNOTS.);
#6751=B_SPLINE_CURVE_WITH_KNOTS('',2,(#14411,#14412,#14413),
 .UNSPECIFIED.,.F.,.F.,(3,3),(0.,1.),.PIECEWISE_BEZIER_KNOTS.);
#6752=B_SPLINE_CURVE_WITH_KNOTS('',2,(#14417,#14418,#14419),
 .UNSPECIFIED.,.F.,.F.,(3,3),(0.,1.),.PIECEWISE_BEZIER_KNOTS.);
#6753=B_SPLINE_CURVE_WITH_KNOTS('',2,(#14428,#14429,#14430),
 .UNSPECIFIED.,.F.,.F.,(3,3),(0.,1.),.PIECEWISE_BEZIER_KNOTS.);
#6754=B_SPLINE_CURVE_WITH_KNOTS('',2,(#14434,#14435,#14436),
 .UNSPECIFIED.,.F.,.F.,(3,3),(0.,1.),.PIECEWISE_BEZIER_KNOTS.);
#6755=B_SPLINE_CURVE_WITH_KNOTS('',2,(#14445,#14446,#14447),
 .UNSPECIFIED.,.F.,.F.,(3,3),(0.,1.),.PIECEWISE_BEZIER_KNOTS.);
#6756=B_SPLINE_CURVE_WITH_KNOTS('',2,(#14451,#14452,#14453),
 .UNSPECIFIED.,.F.,.F.,(3,3),(0.,1.),.PIECEWISE_BEZIER_KNOTS.);
#6757=B_SPLINE_CURVE_WITH_KNOTS('',2,(#14464,#14465,#14466),
 .UNSPECIFIED.,.F.,.F.,(3,3),(0.,1.),.PIECEWISE_BEZIER_KNOTS.);
#6758=B_SPLINE_CURVE_WITH_KNOTS('',2,(#14479,#14480,#14481),
 .UNSPECIFIED.,.F.,.F.,(3,3),(0.,1.),.PIECEWISE_BEZIER_KNOTS.);
#6759=B_SPLINE_CURVE_WITH_KNOTS('',2,(#14492,#14493,#14494),
 .UNSPECIFIED.,.F.,.F.,(3,3),(0.,1.),.PIECEWISE_BEZIER_KNOTS.);
#6760=B_SPLINE_CURVE_WITH_KNOTS('',2,(#14505,#14506,#14507),
 .UNSPECIFIED.,.F.,.F.,(3,3),(0.,1.),.PIECEWISE_BEZIER_KNOTS.);
#6761=B_SPLINE_CURVE_WITH_KNOTS('',2,(#14522,#14523,#14524),
 .UNSPECIFIED.,.F.,.F.,(3,3),(0.,1.),.PIECEWISE_BEZIER_KNOTS.);
#6762=B_SPLINE_CURVE_WITH_KNOTS('',2,(#14535,#14536,#14537),
 .UNSPECIFIED.,.F.,.F.,(3,3),(0.,1.),.PIECEWISE_BEZIER_KNOTS.);
#6763=B_SPLINE_CURVE_WITH_KNOTS('',2,(#14548,#14549,#14550),
 .UNSPECIFIED.,.F.,.F.,(3,3),(0.,1.),.PIECEWISE_BEZIER_KNOTS.);
#6764=B_SPLINE_CURVE_WITH_KNOTS('',2,(#14561,#14562,#14563),
 .UNSPECIFIED.,.F.,.F.,(3,3),(0.,1.),.PIECEWISE_BEZIER_KNOTS.);
#6765=B_SPLINE_CURVE_WITH_KNOTS('',2,(#14582,#14583,#14584),
 .UNSPECIFIED.,.F.,.F.,(3,3),(0.,1.),.PIECEWISE_BEZIER_KNOTS.);
#6766=B_SPLINE_CURVE_WITH_KNOTS('',2,(#14595,#14596,#14597),
 .UNSPECIFIED.,.F.,.F.,(3,3),(0.,1.),.PIECEWISE_BEZIER_KNOTS.);
#6767=B_SPLINE_CURVE_WITH_KNOTS('',2,(#14608,#14609,#14610),
 .UNSPECIFIED.,.F.,.F.,(3,3),(0.,1.),.PIECEWISE_BEZIER_KNOTS.);
#6768=B_SPLINE_CURVE_WITH_KNOTS('',2,(#14633,#14634,#14635),
 .UNSPECIFIED.,.F.,.F.,(3,3),(0.,1.),.PIECEWISE_BEZIER_KNOTS.);
#6769=B_SPLINE_CURVE_WITH_KNOTS('',2,(#14646,#14647,#14648),
 .UNSPECIFIED.,.F.,.F.,(3,3),(0.,1.),.PIECEWISE_BEZIER_KNOTS.);
#6770=B_SPLINE_CURVE_WITH_KNOTS('',2,(#14657,#14658,#14659),
 .UNSPECIFIED.,.F.,.F.,(3,3),(0.,1.),.PIECEWISE_BEZIER_KNOTS.);
#6771=B_SPLINE_CURVE_WITH_KNOTS('',2,(#14668,#14669,#14670),
 .UNSPECIFIED.,.F.,.F.,(3,3),(0.,1.),.PIECEWISE_BEZIER_KNOTS.);
#6772=B_SPLINE_CURVE_WITH_KNOTS('',2,(#14671,#14672,#14673),
 .UNSPECIFIED.,.F.,.F.,(3,3),(0.,1.),.PIECEWISE_BEZIER_KNOTS.);
#6773=B_SPLINE_CURVE_WITH_KNOTS('',2,(#14685,#14686,#14687),
 .UNSPECIFIED.,.F.,.F.,(3,3),(0.,1.),.PIECEWISE_BEZIER_KNOTS.);
#6774=B_SPLINE_CURVE_WITH_KNOTS('',2,(#14704,#14705,#14706),
 .UNSPECIFIED.,.F.,.F.,(3,3),(0.,1.),.PIECEWISE_BEZIER_KNOTS.);
#6775=B_SPLINE_CURVE_WITH_KNOTS('',2,(#14741,#14742,#14743),
 .UNSPECIFIED.,.F.,.F.,(3,3),(0.,1.),.PIECEWISE_BEZIER_KNOTS.);
#6776=B_SPLINE_CURVE_WITH_KNOTS('',2,(#14754,#14755,#14756),
 .UNSPECIFIED.,.F.,.F.,(3,3),(0.,1.),.PIECEWISE_BEZIER_KNOTS.);
#6777=B_SPLINE_CURVE_WITH_KNOTS('',2,(#14767,#14768,#14769),
 .UNSPECIFIED.,.F.,.F.,(3,3),(0.,1.),.PIECEWISE_BEZIER_KNOTS.);
#6778=B_SPLINE_CURVE_WITH_KNOTS('',2,(#14780,#14781,#14782),
 .UNSPECIFIED.,.F.,.F.,(3,3),(0.,1.),.PIECEWISE_BEZIER_KNOTS.);
#6779=B_SPLINE_CURVE_WITH_KNOTS('',2,(#14811,#14812,#14813),
 .UNSPECIFIED.,.F.,.F.,(3,3),(0.,1.),.PIECEWISE_BEZIER_KNOTS.);
#6780=B_SPLINE_CURVE_WITH_KNOTS('',2,(#14843,#14844,#14845),
 .UNSPECIFIED.,.F.,.F.,(3,3),(0.,1.),.PIECEWISE_BEZIER_KNOTS.);
#6781=B_SPLINE_CURVE_WITH_KNOTS('',2,(#14847,#14848,#14849),
 .UNSPECIFIED.,.F.,.F.,(3,3),(0.,1.),.PIECEWISE_BEZIER_KNOTS.);
#6782=B_SPLINE_CURVE_WITH_KNOTS('',2,(#14860,#14861,#14862),
 .UNSPECIFIED.,.F.,.F.,(3,3),(0.,1.),.PIECEWISE_BEZIER_KNOTS.);
#6783=B_SPLINE_CURVE_WITH_KNOTS('',2,(#14864,#14865,#14866),
 .UNSPECIFIED.,.F.,.F.,(3,3),(0.,1.),.PIECEWISE_BEZIER_KNOTS.);
#6784=B_SPLINE_CURVE_WITH_KNOTS('',2,(#14877,#14878,#14879),
 .UNSPECIFIED.,.F.,.F.,(3,3),(0.,1.),.PIECEWISE_BEZIER_KNOTS.);
#6785=B_SPLINE_CURVE_WITH_KNOTS('',2,(#14881,#14882,#14883),
 .UNSPECIFIED.,.F.,.F.,(3,3),(0.,1.),.PIECEWISE_BEZIER_KNOTS.);
#6786=B_SPLINE_CURVE_WITH_KNOTS('',2,(#14894,#14895,#14896),
 .UNSPECIFIED.,.F.,.F.,(3,3),(0.,1.),.PIECEWISE_BEZIER_KNOTS.);
#6787=B_SPLINE_CURVE_WITH_KNOTS('',2,(#14901,#14902,#14903),
 .UNSPECIFIED.,.F.,.F.,(3,3),(0.,1.),.PIECEWISE_BEZIER_KNOTS.);
#6788=B_SPLINE_CURVE_WITH_KNOTS('',2,(#14914,#14915,#14916),
 .UNSPECIFIED.,.F.,.F.,(3,3),(0.,1.),.PIECEWISE_BEZIER_KNOTS.);
#6789=B_SPLINE_CURVE_WITH_KNOTS('',2,(#14918,#14919,#14920),
 .UNSPECIFIED.,.F.,.F.,(3,3),(0.,1.),.PIECEWISE_BEZIER_KNOTS.);
#6790=B_SPLINE_CURVE_WITH_KNOTS('',2,(#14931,#14932,#14933),
 .UNSPECIFIED.,.F.,.F.,(3,3),(0.,1.),.PIECEWISE_BEZIER_KNOTS.);
#6791=B_SPLINE_CURVE_WITH_KNOTS('',2,(#14935,#14936,#14937),
 .UNSPECIFIED.,.F.,.F.,(3,3),(0.,1.),.PIECEWISE_BEZIER_KNOTS.);
#6792=B_SPLINE_CURVE_WITH_KNOTS('',2,(#14948,#14949,#14950),
 .UNSPECIFIED.,.F.,.F.,(3,3),(0.,1.),.PIECEWISE_BEZIER_KNOTS.);
#6793=B_SPLINE_CURVE_WITH_KNOTS('',2,(#14952,#14953,#14954),
 .UNSPECIFIED.,.F.,.F.,(3,3),(0.,1.),.PIECEWISE_BEZIER_KNOTS.);
#6794=B_SPLINE_CURVE_WITH_KNOTS('',2,(#14971,#14972,#14973),
 .UNSPECIFIED.,.F.,.F.,(3,3),(0.,1.),.PIECEWISE_BEZIER_KNOTS.);
#6795=B_SPLINE_CURVE_WITH_KNOTS('',2,(#14975,#14976,#14977),
 .UNSPECIFIED.,.F.,.F.,(3,3),(0.,1.),.PIECEWISE_BEZIER_KNOTS.);
#6796=B_SPLINE_CURVE_WITH_KNOTS('',2,(#14988,#14989,#14990),
 .UNSPECIFIED.,.F.,.F.,(3,3),(0.,1.),.PIECEWISE_BEZIER_KNOTS.);
#6797=B_SPLINE_CURVE_WITH_KNOTS('',2,(#14992,#14993,#14994),
 .UNSPECIFIED.,.F.,.F.,(3,3),(0.,1.),.PIECEWISE_BEZIER_KNOTS.);
#6798=B_SPLINE_CURVE_WITH_KNOTS('',2,(#15005,#15006,#15007),
 .UNSPECIFIED.,.F.,.F.,(3,3),(0.,1.),.PIECEWISE_BEZIER_KNOTS.);
#6799=B_SPLINE_CURVE_WITH_KNOTS('',2,(#15009,#15010,#15011),
 .UNSPECIFIED.,.F.,.F.,(3,3),(0.,1.),.PIECEWISE_BEZIER_KNOTS.);
#6800=B_SPLINE_CURVE_WITH_KNOTS('',2,(#15022,#15023,#15024),
 .UNSPECIFIED.,.F.,.F.,(3,3),(0.,1.),.PIECEWISE_BEZIER_KNOTS.);
#6801=B_SPLINE_CURVE_WITH_KNOTS('',2,(#15026,#15027,#15028),
 .UNSPECIFIED.,.F.,.F.,(3,3),(0.,1.),.PIECEWISE_BEZIER_KNOTS.);
#6802=B_SPLINE_CURVE_WITH_KNOTS('',2,(#15051,#15052,#15053),
 .UNSPECIFIED.,.F.,.F.,(3,3),(0.,1.),.PIECEWISE_BEZIER_KNOTS.);
#6803=B_SPLINE_CURVE_WITH_KNOTS('',2,(#15055,#15056,#15057),
 .UNSPECIFIED.,.F.,.F.,(3,3),(0.,1.),.PIECEWISE_BEZIER_KNOTS.);
#6804=B_SPLINE_CURVE_WITH_KNOTS('',2,(#15068,#15069,#15070),
 .UNSPECIFIED.,.F.,.F.,(3,3),(0.,1.),.PIECEWISE_BEZIER_KNOTS.);
#6805=B_SPLINE_CURVE_WITH_KNOTS('',2,(#15072,#15073,#15074),
 .UNSPECIFIED.,.F.,.F.,(3,3),(0.,1.),.PIECEWISE_BEZIER_KNOTS.);
#6806=B_SPLINE_CURVE_WITH_KNOTS('',2,(#15085,#15086,#15087),
 .UNSPECIFIED.,.F.,.F.,(3,3),(0.,1.),.PIECEWISE_BEZIER_KNOTS.);
#6807=B_SPLINE_CURVE_WITH_KNOTS('',2,(#15089,#15090,#15091),
 .UNSPECIFIED.,.F.,.F.,(3,3),(0.,1.),.PIECEWISE_BEZIER_KNOTS.);
#6808=B_SPLINE_CURVE_WITH_KNOTS('',2,(#15120,#15121,#15122),
 .UNSPECIFIED.,.F.,.F.,(3,3),(0.,1.),.PIECEWISE_BEZIER_KNOTS.);
#6809=B_SPLINE_CURVE_WITH_KNOTS('',2,(#15124,#15125,#15126),
 .UNSPECIFIED.,.F.,.F.,(3,3),(0.,1.),.PIECEWISE_BEZIER_KNOTS.);
#6810=B_SPLINE_CURVE_WITH_KNOTS('',2,(#15137,#15138,#15139),
 .UNSPECIFIED.,.F.,.F.,(3,3),(0.,1.),.PIECEWISE_BEZIER_KNOTS.);
#6811=B_SPLINE_CURVE_WITH_KNOTS('',2,(#15141,#15142,#15143),
 .UNSPECIFIED.,.F.,.F.,(3,3),(0.,1.),.PIECEWISE_BEZIER_KNOTS.);
#6812=B_SPLINE_CURVE_WITH_KNOTS('',2,(#15154,#15155,#15156),
 .UNSPECIFIED.,.F.,.F.,(3,3),(0.,1.),.PIECEWISE_BEZIER_KNOTS.);
#6813=B_SPLINE_CURVE_WITH_KNOTS('',2,(#15157,#15158,#15159),
 .UNSPECIFIED.,.F.,.F.,(3,3),(0.,1.),.PIECEWISE_BEZIER_KNOTS.);
#6814=B_SPLINE_CURVE_WITH_KNOTS('',2,(#15168,#15169,#15170),
 .UNSPECIFIED.,.F.,.F.,(3,3),(0.,1.),.PIECEWISE_BEZIER_KNOTS.);
#6815=B_SPLINE_CURVE_WITH_KNOTS('',2,(#15171,#15172,#15173),
 .UNSPECIFIED.,.F.,.F.,(3,3),(0.,1.),.PIECEWISE_BEZIER_KNOTS.);
#6816=EDGE_LOOP('',(#1992,#1993,#1994,#1995));
#6817=EDGE_LOOP('',(#1996,#1997,#1998,#1999));
#6818=EDGE_LOOP('',(#2000,#2001,#2002,#2003));
#6819=EDGE_LOOP('',(#2004,#2005,#2006,#2007));
#6820=EDGE_LOOP('',(#2008,#2009,#2010,#2011));
#6821=EDGE_LOOP('',(#2012,#2013,#2014,#2015));
#6822=EDGE_LOOP('',(#2016,#2017,#2018,#2019));
#6823=EDGE_LOOP('',(#2020,#2021,#2022,#2023));
#6824=EDGE_LOOP('',(#2024,#2025,#2026,#2027));
#6825=EDGE_LOOP('',(#2028,#2029,#2030,#2031));
#6826=EDGE_LOOP('',(#2032,#2033,#2034,#2035));
#6827=EDGE_LOOP('',(#2036,#2037,#2038,#2039,#2040,#2041,#2042,#2043,#2044,
#2045,#2046));
#6828=EDGE_LOOP('',(#2047,#2048,#2049,#2050,#2051,#2052,#2053,#2054,#2055,
#2056,#2057));
#6829=EDGE_LOOP('',(#2058,#2059,#2060,#2061));
#6830=EDGE_LOOP('',(#2062,#2063,#2064,#2065));
#6831=EDGE_LOOP('',(#2066,#2067,#2068,#2069));
#6832=EDGE_LOOP('',(#2070,#2071,#2072,#2073));
#6833=EDGE_LOOP('',(#2074,#2075,#2076,#2077));
#6834=EDGE_LOOP('',(#2078,#2079,#2080,#2081));
#6835=EDGE_LOOP('',(#2082,#2083,#2084,#2085));
#6836=EDGE_LOOP('',(#2086,#2087,#2088,#2089));
#6837=EDGE_LOOP('',(#2090,#2091,#2092,#2093,#2094,#2095,#2096,#2097));
#6838=EDGE_LOOP('',(#2098,#2099,#2100,#2101,#2102,#2103,#2104,#2105));
#6839=EDGE_LOOP('',(#2106,#2107,#2108,#2109));
#6840=EDGE_LOOP('',(#2110,#2111,#2112,#2113));
#6841=EDGE_LOOP('',(#2114,#2115,#2116,#2117));
#6842=EDGE_LOOP('',(#2118,#2119,#2120,#2121));
#6843=EDGE_LOOP('',(#2122,#2123,#2124,#2125));
#6844=EDGE_LOOP('',(#2126,#2127,#2128,#2129));
#6845=EDGE_LOOP('',(#2130,#2131,#2132,#2133));
#6846=EDGE_LOOP('',(#2134,#2135,#2136,#2137));
#6847=EDGE_LOOP('',(#2138,#2139,#2140,#2141));
#6848=EDGE_LOOP('',(#2142,#2143,#2144,#2145));
#6849=EDGE_LOOP('',(#2146,#2147,#2148,#2149));
#6850=EDGE_LOOP('',(#2150,#2151,#2152,#2153));
#6851=EDGE_LOOP('',(#2154,#2155,#2156,#2157));
#6852=EDGE_LOOP('',(#2158,#2159,#2160,#2161,#2162,#2163,#2164,#2165,#2166,
#2167,#2168,#2169,#2170));
#6853=EDGE_LOOP('',(#2171,#2172,#2173,#2174,#2175,#2176,#2177,#2178,#2179,
#2180,#2181,#2182,#2183));
#6854=EDGE_LOOP('',(#2184,#2185,#2186,#2187));
#6855=EDGE_LOOP('',(#2188,#2189,#2190,#2191));
#6856=EDGE_LOOP('',(#2192,#2193,#2194,#2195));
#6857=EDGE_LOOP('',(#2196,#2197,#2198,#2199));
#6858=EDGE_LOOP('',(#2200,#2201,#2202,#2203));
#6859=EDGE_LOOP('',(#2204,#2205,#2206,#2207));
#6860=EDGE_LOOP('',(#2208,#2209,#2210,#2211));
#6861=EDGE_LOOP('',(#2212,#2213,#2214,#2215));
#6862=EDGE_LOOP('',(#2216,#2217,#2218,#2219));
#6863=EDGE_LOOP('',(#2220,#2221,#2222,#2223));
#6864=EDGE_LOOP('',(#2224,#2225,#2226,#2227));
#6865=EDGE_LOOP('',(#2228,#2229,#2230,#2231));
#6866=EDGE_LOOP('',(#2232,#2233,#2234,#2235));
#6867=EDGE_LOOP('',(#2236,#2237,#2238,#2239));
#6868=EDGE_LOOP('',(#2240,#2241,#2242,#2243));
#6869=EDGE_LOOP('',(#2244,#2245,#2246,#2247));
#6870=EDGE_LOOP('',(#2248,#2249,#2250,#2251));
#6871=EDGE_LOOP('',(#2252,#2253,#2254,#2255));
#6872=EDGE_LOOP('',(#2256,#2257,#2258,#2259));
#6873=EDGE_LOOP('',(#2260,#2261,#2262,#2263));
#6874=EDGE_LOOP('',(#2264,#2265,#2266,#2267));
#6875=EDGE_LOOP('',(#2268,#2269,#2270,#2271));
#6876=EDGE_LOOP('',(#2272,#2273,#2274,#2275));
#6877=EDGE_LOOP('',(#2276,#2277,#2278,#2279));
#6878=EDGE_LOOP('',(#2280,#2281,#2282,#2283));
#6879=EDGE_LOOP('',(#2284,#2285,#2286,#2287));
#6880=EDGE_LOOP('',(#2288,#2289,#2290,#2291));
#6881=EDGE_LOOP('',(#2292,#2293,#2294,#2295));
#6882=EDGE_LOOP('',(#2296,#2297,#2298,#2299,#2300,#2301,#2302,#2303,#2304,
#2305,#2306,#2307));
#6883=EDGE_LOOP('',(#2308,#2309,#2310,#2311,#2312,#2313,#2314,#2315,#2316,
#2317));
#6884=EDGE_LOOP('',(#2318,#2319,#2320,#2321,#2322,#2323,#2324,#2325,#2326,
#2327,#2328,#2329));
#6885=EDGE_LOOP('',(#2330,#2331,#2332,#2333,#2334,#2335,#2336,#2337,#2338,
#2339));
#6886=EDGE_LOOP('',(#2340,#2341,#2342,#2343));
#6887=EDGE_LOOP('',(#2344,#2345,#2346,#2347));
#6888=EDGE_LOOP('',(#2348,#2349,#2350,#2351));
#6889=EDGE_LOOP('',(#2352,#2353,#2354,#2355));
#6890=EDGE_LOOP('',(#2356,#2357,#2358,#2359));
#6891=EDGE_LOOP('',(#2360,#2361,#2362,#2363));
#6892=EDGE_LOOP('',(#2364,#2365,#2366,#2367));
#6893=EDGE_LOOP('',(#2368,#2369,#2370,#2371));
#6894=EDGE_LOOP('',(#2372,#2373,#2374,#2375));
#6895=EDGE_LOOP('',(#2376,#2377,#2378,#2379));
#6896=EDGE_LOOP('',(#2380,#2381,#2382,#2383));
#6897=EDGE_LOOP('',(#2384,#2385,#2386,#2387));
#6898=EDGE_LOOP('',(#2388,#2389,#2390,#2391));
#6899=EDGE_LOOP('',(#2392,#2393,#2394,#2395));
#6900=EDGE_LOOP('',(#2396,#2397,#2398,#2399));
#6901=EDGE_LOOP('',(#2400,#2401,#2402,#2403));
#6902=EDGE_LOOP('',(#2404,#2405,#2406,#2407));
#6903=EDGE_LOOP('',(#2408,#2409,#2410,#2411));
#6904=EDGE_LOOP('',(#2412,#2413,#2414,#2415));
#6905=EDGE_LOOP('',(#2416,#2417,#2418,#2419));
#6906=EDGE_LOOP('',(#2420,#2421,#2422,#2423));
#6907=EDGE_LOOP('',(#2424,#2425,#2426,#2427));
#6908=EDGE_LOOP('',(#2428,#2429,#2430,#2431));
#6909=EDGE_LOOP('',(#2432,#2433,#2434,#2435));
#6910=EDGE_LOOP('',(#2436,#2437,#2438,#2439));
#6911=EDGE_LOOP('',(#2440,#2441,#2442,#2443));
#6912=EDGE_LOOP('',(#2444,#2445,#2446,#2447));
#6913=EDGE_LOOP('',(#2448,#2449,#2450,#2451));
#6914=EDGE_LOOP('',(#2452,#2453,#2454,#2455,#2456,#2457,#2458,#2459,#2460,
#2461,#2462,#2463,#2464,#2465,#2466,#2467));
#6915=EDGE_LOOP('',(#2468,#2469,#2470,#2471,#2472,#2473,#2474,#2475,#2476,
#2477,#2478,#2479));
#6916=EDGE_LOOP('',(#2480,#2481,#2482,#2483,#2484,#2485,#2486,#2487,#2488,
#2489,#2490,#2491,#2492,#2493,#2494,#2495));
#6917=EDGE_LOOP('',(#2496,#2497,#2498,#2499,#2500,#2501,#2502,#2503,#2504,
#2505,#2506,#2507));
#6918=EDGE_LOOP('',(#2508,#2509,#2510,#2511));
#6919=EDGE_LOOP('',(#2512,#2513,#2514,#2515));
#6920=EDGE_LOOP('',(#2516,#2517,#2518,#2519));
#6921=EDGE_LOOP('',(#2520,#2521,#2522,#2523));
#6922=EDGE_LOOP('',(#2524,#2525,#2526,#2527));
#6923=EDGE_LOOP('',(#2528,#2529,#2530,#2531));
#6924=EDGE_LOOP('',(#2532,#2533,#2534,#2535));
#6925=EDGE_LOOP('',(#2536,#2537,#2538,#2539));
#6926=EDGE_LOOP('',(#2540,#2541,#2542,#2543));
#6927=EDGE_LOOP('',(#2544,#2545,#2546,#2547));
#6928=EDGE_LOOP('',(#2548,#2549,#2550,#2551));
#6929=EDGE_LOOP('',(#2552,#2553,#2554,#2555));
#6930=EDGE_LOOP('',(#2556,#2557,#2558,#2559));
#6931=EDGE_LOOP('',(#2560,#2561,#2562,#2563));
#6932=EDGE_LOOP('',(#2564,#2565,#2566,#2567));
#6933=EDGE_LOOP('',(#2568,#2569,#2570,#2571));
#6934=EDGE_LOOP('',(#2572,#2573,#2574,#2575));
#6935=EDGE_LOOP('',(#2576,#2577,#2578,#2579));
#6936=EDGE_LOOP('',(#2580,#2581,#2582,#2583));
#6937=EDGE_LOOP('',(#2584,#2585,#2586,#2587));
#6938=EDGE_LOOP('',(#2588,#2589,#2590,#2591));
#6939=EDGE_LOOP('',(#2592,#2593,#2594,#2595));
#6940=EDGE_LOOP('',(#2596,#2597,#2598,#2599,#2600,#2601,#2602,#2603,#2604,
#2605,#2606,#2607));
#6941=EDGE_LOOP('',(#2608,#2609,#2610,#2611,#2612,#2613,#2614,#2615,#2616,
#2617));
#6942=EDGE_LOOP('',(#2618,#2619,#2620,#2621,#2622,#2623,#2624,#2625,#2626,
#2627,#2628,#2629));
#6943=EDGE_LOOP('',(#2630,#2631,#2632,#2633,#2634,#2635,#2636,#2637,#2638,
#2639));
#6944=EDGE_LOOP('',(#2640,#2641,#2642,#2643));
#6945=EDGE_LOOP('',(#2644,#2645,#2646,#2647));
#6946=EDGE_LOOP('',(#2648,#2649,#2650,#2651));
#6947=EDGE_LOOP('',(#2652,#2653,#2654,#2655));
#6948=EDGE_LOOP('',(#2656,#2657,#2658,#2659));
#6949=EDGE_LOOP('',(#2660,#2661,#2662,#2663));
#6950=EDGE_LOOP('',(#2664,#2665,#2666,#2667));
#6951=EDGE_LOOP('',(#2668,#2669,#2670,#2671));
#6952=EDGE_LOOP('',(#2672,#2673,#2674,#2675));
#6953=EDGE_LOOP('',(#2676,#2677,#2678,#2679));
#6954=EDGE_LOOP('',(#2680,#2681,#2682,#2683));
#6955=EDGE_LOOP('',(#2684,#2685,#2686,#2687));
#6956=EDGE_LOOP('',(#2688,#2689,#2690,#2691));
#6957=EDGE_LOOP('',(#2692,#2693,#2694,#2695));
#6958=EDGE_LOOP('',(#2696,#2697,#2698,#2699));
#6959=EDGE_LOOP('',(#2700,#2701,#2702,#2703));
#6960=EDGE_LOOP('',(#2704,#2705,#2706,#2707));
#6961=EDGE_LOOP('',(#2708,#2709,#2710,#2711));
#6962=EDGE_LOOP('',(#2712,#2713,#2714,#2715));
#6963=EDGE_LOOP('',(#2716,#2717,#2718,#2719));
#6964=EDGE_LOOP('',(#2720,#2721,#2722,#2723));
#6965=EDGE_LOOP('',(#2724,#2725,#2726,#2727));
#6966=EDGE_LOOP('',(#2728,#2729,#2730,#2731));
#6967=EDGE_LOOP('',(#2732,#2733,#2734,#2735));
#6968=EDGE_LOOP('',(#2736,#2737,#2738,#2739));
#6969=EDGE_LOOP('',(#2740,#2741,#2742,#2743,#2744,#2745,#2746,#2747,#2748,
#2749,#2750,#2751,#2752,#2753,#2754,#2755,#2756,#2757,#2758));
#6970=EDGE_LOOP('',(#2759,#2760,#2761,#2762,#2763,#2764,#2765,#2766,#2767,
#2768,#2769,#2770,#2771,#2772,#2773,#2774,#2775,#2776,#2777));
#6971=EDGE_LOOP('',(#2778,#2779,#2780,#2781));
#6972=EDGE_LOOP('',(#2782,#2783,#2784,#2785));
#6973=EDGE_LOOP('',(#2786,#2787,#2788,#2789));
#6974=EDGE_LOOP('',(#2790,#2791,#2792,#2793));
#6975=EDGE_LOOP('',(#2794,#2795,#2796,#2797));
#6976=EDGE_LOOP('',(#2798,#2799,#2800,#2801));
#6977=EDGE_LOOP('',(#2802,#2803,#2804,#2805));
#6978=EDGE_LOOP('',(#2806,#2807,#2808,#2809));
#6979=EDGE_LOOP('',(#2810,#2811,#2812,#2813));
#6980=EDGE_LOOP('',(#2814,#2815,#2816,#2817));
#6981=EDGE_LOOP('',(#2818,#2819,#2820,#2821));
#6982=EDGE_LOOP('',(#2822,#2823,#2824,#2825));
#6983=EDGE_LOOP('',(#2826,#2827,#2828,#2829,#2830,#2831,#2832,#2833,#2834,
#2835,#2836,#2837,#2838,#2839,#2840,#2841,#2842,#2843,#2844,#2845));
#6984=EDGE_LOOP('',(#2846,#2847,#2848,#2849));
#6985=EDGE_LOOP('',(#2850,#2851,#2852,#2853,#2854,#2855,#2856,#2857,#2858,
#2859,#2860,#2861,#2862));
#6986=EDGE_LOOP('',(#2863,#2864,#2865,#2866,#2867,#2868,#2869,#2870,#2871,
#2872,#2873));
#6987=EDGE_LOOP('',(#2874,#2875,#2876,#2877,#2878,#2879,#2880,#2881));
#6988=EDGE_LOOP('',(#2882,#2883,#2884,#2885,#2886,#2887,#2888,#2889,#2890,
#2891,#2892,#2893,#2894,#2895,#2896,#2897));
#6989=EDGE_LOOP('',(#2898,#2899,#2900,#2901));
#6990=EDGE_LOOP('',(#2902,#2903,#2904,#2905));
#6991=EDGE_LOOP('',(#2906,#2907,#2908,#2909));
#6992=EDGE_LOOP('',(#2910,#2911,#2912,#2913));
#6993=EDGE_LOOP('',(#2914,#2915,#2916,#2917,#2918,#2919,#2920,#2921,#2922,
#2923,#2924,#2925));
#6994=EDGE_LOOP('',(#2926,#2927,#2928,#2929,#2930,#2931,#2932,#2933,#2934,
#2935,#2936,#2937));
#6995=EDGE_LOOP('',(#2938,#2939,#2940,#2941));
#6996=EDGE_LOOP('',(#2942,#2943,#2944,#2945,#2946,#2947,#2948,#2949,#2950,
#2951,#2952,#2953,#2954,#2955,#2956,#2957,#2958,#2959,#2960));
#6997=EDGE_LOOP('',(#2961,#2962,#2963,#2964,#2965,#2966,#2967,#2968));
#6998=EDGE_LOOP('',(#2969,#2970,#2971,#2972));
#6999=EDGE_LOOP('',(#2973,#2974,#2975,#2976,#2977,#2978,#2979,#2980));
#7000=EDGE_LOOP('',(#2981,#2982,#2983,#2984,#2985,#2986,#2987,#2988));
#7001=EDGE_LOOP('',(#2989,#2990,#2991,#2992));
#7002=EDGE_LOOP('',(#2993,#2994,#2995,#2996));
#7003=EDGE_LOOP('',(#2997,#2998,#2999,#3000,#3001,#3002,#3003,#3004,#3005,
#3006,#3007,#3008,#3009,#3010));
#7004=EDGE_LOOP('',(#3011,#3012,#3013,#3014));
#7005=EDGE_LOOP('',(#3015,#3016,#3017,#3018));
#7006=EDGE_LOOP('',(#3019,#3020,#3021,#3022,#3023,#3024,#3025,#3026));
#7007=EDGE_LOOP('',(#3027,#3028,#3029,#3030));
#7008=EDGE_LOOP('',(#3031,#3032,#3033,#3034));
#7009=EDGE_LOOP('',(#3035,#3036,#3037,#3038,#3039,#3040,#3041,#3042));
#7010=EDGE_LOOP('',(#3043,#3044,#3045,#3046,#3047,#3048,#3049,#3050,#3051,
#3052,#3053,#3054,#3055,#3056,#3057,#3058,#3059,#3060,#3061,#3062,#3063,
#3064));
#7011=EDGE_LOOP('',(#3065,#3066,#3067,#3068,#3069,#3070,#3071,#3072,#3073,
#3074));
#7012=EDGE_LOOP('',(#3075,#3076,#3077,#3078));
#7013=EDGE_LOOP('',(#3079,#3080,#3081,#3082));
#7014=EDGE_LOOP('',(#3083,#3084,#3085,#3086));
#7015=EDGE_LOOP('',(#3087,#3088,#3089,#3090,#3091,#3092,#3093,#3094,#3095,
#3096));
#7016=EDGE_LOOP('',(#3097,#3098,#3099,#3100));
#7017=EDGE_LOOP('',(#3101,#3102,#3103,#3104));
#7018=EDGE_LOOP('',(#3105,#3106,#3107,#3108));
#7019=EDGE_LOOP('',(#3109,#3110,#3111,#3112));
#7020=EDGE_LOOP('',(#3113,#3114,#3115,#3116));
#7021=EDGE_LOOP('',(#3117,#3118,#3119,#3120));
#7022=EDGE_LOOP('',(#3121,#3122,#3123,#3124));
#7023=EDGE_LOOP('',(#3125,#3126,#3127,#3128));
#7024=EDGE_LOOP('',(#3129,#3130,#3131,#3132));
#7025=EDGE_LOOP('',(#3133));
#7026=EDGE_LOOP('',(#3134));
#7027=EDGE_LOOP('',(#3135,#3136,#3137,#3138));
#7028=EDGE_LOOP('',(#3139));
#7029=EDGE_LOOP('',(#3140,#3141,#3142,#3143));
#7030=EDGE_LOOP('',(#3144,#3145,#3146,#3147));
#7031=EDGE_LOOP('',(#3148));
#7032=EDGE_LOOP('',(#3149));
#7033=EDGE_LOOP('',(#3150,#3151,#3152,#3153));
#7034=EDGE_LOOP('',(#3154));
#7035=EDGE_LOOP('',(#3155,#3156,#3157,#3158));
#7036=EDGE_LOOP('',(#3159));
#7037=EDGE_LOOP('',(#3160));
#7038=EDGE_LOOP('',(#3161,#3162,#3163,#3164));
#7039=EDGE_LOOP('',(#3165));
#7040=EDGE_LOOP('',(#3166));
#7041=EDGE_LOOP('',(#3167,#3168,#3169,#3170));
#7042=EDGE_LOOP('',(#3171));
#7043=EDGE_LOOP('',(#3172,#3173,#3174,#3175,#3176,#3177));
#7044=EDGE_LOOP('',(#3178));
#7045=EDGE_LOOP('',(#3179,#3180,#3181,#3182));
#7046=EDGE_LOOP('',(#3183,#3184,#3185,#3186));
#7047=EDGE_LOOP('',(#3187));
#7048=EDGE_LOOP('',(#3188));
#7049=EDGE_LOOP('',(#3189,#3190,#3191,#3192));
#7050=EDGE_LOOP('',(#3193));
#7051=EDGE_LOOP('',(#3194));
#7052=EDGE_LOOP('',(#3195,#3196,#3197,#3198));
#7053=EDGE_LOOP('',(#3199,#3200,#3201,#3202));
#7054=EDGE_LOOP('',(#3203,#3204,#3205,#3206));
#7055=EDGE_LOOP('',(#3207,#3208,#3209,#3210));
#7056=EDGE_LOOP('',(#3211,#3212,#3213,#3214));
#7057=EDGE_LOOP('',(#3215,#3216,#3217,#3218));
#7058=EDGE_LOOP('',(#3219,#3220,#3221,#3222));
#7059=EDGE_LOOP('',(#3223,#3224,#3225,#3226));
#7060=EDGE_LOOP('',(#3227,#3228,#3229,#3230));
#7061=EDGE_LOOP('',(#3231,#3232,#3233,#3234,#3235));
#7062=EDGE_LOOP('',(#3236,#3237,#3238,#3239));
#7063=EDGE_LOOP('',(#3240,#3241,#3242,#3243,#3244));
#7064=EDGE_LOOP('',(#3245,#3246,#3247,#3248));
#7065=EDGE_LOOP('',(#3249,#3250,#3251,#3252));
#7066=EDGE_LOOP('',(#3253,#3254,#3255,#3256));
#7067=EDGE_LOOP('',(#3257,#3258,#3259,#3260));
#7068=EDGE_LOOP('',(#3261,#3262,#3263,#3264));
#7069=EDGE_LOOP('',(#3265,#3266,#3267,#3268));
#7070=EDGE_LOOP('',(#3269,#3270,#3271,#3272));
#7071=EDGE_LOOP('',(#3273,#3274,#3275,#3276));
#7072=EDGE_LOOP('',(#3277,#3278,#3279,#3280));
#7073=EDGE_LOOP('',(#3281,#3282,#3283,#3284));
#7074=EDGE_LOOP('',(#3285,#3286,#3287,#3288));
#7075=EDGE_LOOP('',(#3289,#3290,#3291,#3292));
#7076=EDGE_LOOP('',(#3293,#3294,#3295,#3296));
#7077=EDGE_LOOP('',(#3297,#3298,#3299,#3300));
#7078=EDGE_LOOP('',(#3301,#3302,#3303));
#7079=EDGE_LOOP('',(#3304,#3305,#3306));
#7080=EDGE_LOOP('',(#3307,#3308,#3309,#3310));
#7081=EDGE_LOOP('',(#3311,#3312,#3313,#3314));
#7082=EDGE_LOOP('',(#3315,#3316,#3317));
#7083=EDGE_LOOP('',(#3318,#3319,#3320));
#7084=EDGE_LOOP('',(#3321,#3322,#3323,#3324));
#7085=EDGE_LOOP('',(#3325,#3326,#3327,#3328));
#7086=EDGE_LOOP('',(#3329,#3330,#3331,#3332));
#7087=EDGE_LOOP('',(#3333,#3334,#3335,#3336));
#7088=EDGE_LOOP('',(#3337,#3338,#3339,#3340));
#7089=EDGE_LOOP('',(#3341,#3342,#3343,#3344));
#7090=EDGE_LOOP('',(#3345,#3346,#3347));
#7091=EDGE_LOOP('',(#3348,#3349,#3350));
#7092=EDGE_LOOP('',(#3351,#3352,#3353,#3354));
#7093=EDGE_LOOP('',(#3355,#3356,#3357,#3358));
#7094=EDGE_LOOP('',(#3359,#3360,#3361));
#7095=EDGE_LOOP('',(#3362,#3363,#3364));
#7096=EDGE_LOOP('',(#3365,#3366,#3367,#3368));
#7097=EDGE_LOOP('',(#3369,#3370,#3371,#3372));
#7098=EDGE_LOOP('',(#3373,#3374,#3375));
#7099=EDGE_LOOP('',(#3376,#3377,#3378));
#7100=EDGE_LOOP('',(#3379,#3380,#3381,#3382));
#7101=EDGE_LOOP('',(#3383,#3384,#3385,#3386));
#7102=EDGE_LOOP('',(#3387,#3388,#3389));
#7103=EDGE_LOOP('',(#3390,#3391,#3392));
#7104=EDGE_LOOP('',(#3393,#3394,#3395,#3396));
#7105=EDGE_LOOP('',(#3397,#3398,#3399,#3400));
#7106=EDGE_LOOP('',(#3401,#3402,#3403));
#7107=EDGE_LOOP('',(#3404,#3405,#3406));
#7108=EDGE_LOOP('',(#3407,#3408,#3409,#3410));
#7109=EDGE_LOOP('',(#3411,#3412,#3413,#3414));
#7110=EDGE_LOOP('',(#3415,#3416,#3417));
#7111=EDGE_LOOP('',(#3418,#3419,#3420));
#7112=EDGE_LOOP('',(#3421,#3422,#3423,#3424));
#7113=EDGE_LOOP('',(#3425,#3426,#3427,#3428));
#7114=EDGE_LOOP('',(#3429,#3430,#3431,#3432));
#7115=EDGE_LOOP('',(#3433,#3434,#3435,#3436));
#7116=EDGE_LOOP('',(#3437,#3438,#3439,#3440));
#7117=EDGE_LOOP('',(#3441,#3442,#3443,#3444));
#7118=EDGE_LOOP('',(#3445,#3446,#3447,#3448));
#7119=EDGE_LOOP('',(#3449,#3450,#3451,#3452));
#7120=EDGE_LOOP('',(#3453,#3454,#3455,#3456));
#7121=EDGE_LOOP('',(#3457,#3458,#3459,#3460));
#7122=EDGE_LOOP('',(#3461,#3462,#3463,#3464));
#7123=EDGE_LOOP('',(#3465,#3466,#3467,#3468));
#7124=EDGE_LOOP('',(#3469,#3470,#3471,#3472));
#7125=EDGE_LOOP('',(#3473,#3474,#3475,#3476));
#7126=EDGE_LOOP('',(#3477,#3478,#3479,#3480));
#7127=EDGE_LOOP('',(#3481,#3482,#3483,#3484));
#7128=EDGE_LOOP('',(#3485,#3486,#3487,#3488));
#7129=EDGE_LOOP('',(#3489,#3490,#3491,#3492));
#7130=EDGE_LOOP('',(#3493,#3494,#3495,#3496));
#7131=EDGE_LOOP('',(#3497,#3498,#3499,#3500));
#7132=EDGE_LOOP('',(#3501,#3502,#3503,#3504));
#7133=EDGE_LOOP('',(#3505,#3506,#3507,#3508));
#7134=EDGE_LOOP('',(#3509,#3510,#3511,#3512));
#7135=EDGE_LOOP('',(#3513,#3514,#3515,#3516));
#7136=EDGE_LOOP('',(#3517,#3518,#3519,#3520));
#7137=EDGE_LOOP('',(#3521,#3522,#3523,#3524));
#7138=EDGE_LOOP('',(#3525,#3526,#3527,#3528));
#7139=EDGE_LOOP('',(#3529,#3530,#3531,#3532));
#7140=EDGE_LOOP('',(#3533,#3534,#3535,#3536));
#7141=EDGE_LOOP('',(#3537,#3538,#3539,#3540,#3541,#3542,#3543,#3544,#3545,
#3546,#3547,#3548,#3549,#3550,#3551,#3552));
#7142=EDGE_LOOP('',(#3553,#3554,#3555,#3556,#3557,#3558,#3559,#3560,#3561,
#3562,#3563,#3564));
#7143=EDGE_LOOP('',(#3565,#3566,#3567,#3568));
#7144=EDGE_LOOP('',(#3569,#3570,#3571,#3572));
#7145=EDGE_LOOP('',(#3573,#3574,#3575,#3576));
#7146=EDGE_LOOP('',(#3577,#3578,#3579,#3580));
#7147=EDGE_LOOP('',(#3581,#3582,#3583,#3584));
#7148=EDGE_LOOP('',(#3585,#3586,#3587,#3588));
#7149=EDGE_LOOP('',(#3589,#3590,#3591,#3592));
#7150=EDGE_LOOP('',(#3593,#3594,#3595,#3596));
#7151=EDGE_LOOP('',(#3597,#3598,#3599,#3600));
#7152=EDGE_LOOP('',(#3601,#3602,#3603,#3604));
#7153=EDGE_LOOP('',(#3605,#3606,#3607,#3608));
#7154=EDGE_LOOP('',(#3609,#3610,#3611,#3612));
#7155=EDGE_LOOP('',(#3613,#3614,#3615,#3616));
#7156=EDGE_LOOP('',(#3617,#3618,#3619,#3620,#3621,#3622,#3623,#3624));
#7157=EDGE_LOOP('',(#3625,#3626,#3627,#3628));
#7158=EDGE_LOOP('',(#3629,#3630,#3631,#3632));
#7159=EDGE_LOOP('',(#3633,#3634,#3635,#3636));
#7160=EDGE_LOOP('',(#3637,#3638,#3639,#3640));
#7161=EDGE_LOOP('',(#3641,#3642,#3643,#3644));
#7162=EDGE_LOOP('',(#3645,#3646,#3647,#3648));
#7163=EDGE_LOOP('',(#3649,#3650,#3651,#3652));
#7164=EDGE_LOOP('',(#3653,#3654,#3655,#3656));
#7165=EDGE_LOOP('',(#3657,#3658,#3659,#3660));
#7166=EDGE_LOOP('',(#3661,#3662,#3663,#3664));
#7167=EDGE_LOOP('',(#3665,#3666,#3667,#3668));
#7168=EDGE_LOOP('',(#3669,#3670,#3671,#3672));
#7169=EDGE_LOOP('',(#3673,#3674,#3675,#3676));
#7170=EDGE_LOOP('',(#3677,#3678,#3679,#3680));
#7171=EDGE_LOOP('',(#3681,#3682,#3683,#3684));
#7172=EDGE_LOOP('',(#3685,#3686,#3687,#3688));
#7173=EDGE_LOOP('',(#3689,#3690,#3691,#3692,#3693,#3694,#3695,#3696,#3697,
#3698,#3699));
#7174=EDGE_LOOP('',(#3700,#3701,#3702,#3703));
#7175=EDGE_LOOP('',(#3704,#3705,#3706,#3707));
#7176=EDGE_LOOP('',(#3708,#3709,#3710,#3711));
#7177=EDGE_LOOP('',(#3712,#3713,#3714,#3715));
#7178=EDGE_LOOP('',(#3716,#3717,#3718,#3719));
#7179=EDGE_LOOP('',(#3720,#3721,#3722,#3723));
#7180=EDGE_LOOP('',(#3724,#3725,#3726,#3727));
#7181=EDGE_LOOP('',(#3728,#3729,#3730,#3731));
#7182=EDGE_LOOP('',(#3732,#3733,#3734,#3735));
#7183=EDGE_LOOP('',(#3736,#3737,#3738,#3739));
#7184=EDGE_LOOP('',(#3740,#3741,#3742,#3743));
#7185=EDGE_LOOP('',(#3744,#3745,#3746,#3747));
#7186=EDGE_LOOP('',(#3748,#3749,#3750,#3751));
#7187=EDGE_LOOP('',(#3752,#3753,#3754,#3755));
#7188=EDGE_LOOP('',(#3756,#3757,#3758,#3759));
#7189=EDGE_LOOP('',(#3760,#3761,#3762,#3763));
#7190=EDGE_LOOP('',(#3764,#3765,#3766,#3767));
#7191=EDGE_LOOP('',(#3768,#3769,#3770,#3771));
#7192=EDGE_LOOP('',(#3772,#3773,#3774,#3775));
#7193=EDGE_LOOP('',(#3776,#3777,#3778,#3779));
#7194=EDGE_LOOP('',(#3780,#3781,#3782,#3783));
#7195=EDGE_LOOP('',(#3784,#3785,#3786,#3787));
#7196=EDGE_LOOP('',(#3788,#3789,#3790,#3791,#3792,#3793,#3794,#3795,#3796,
#3797,#3798,#3799));
#7197=EDGE_LOOP('',(#3800,#3801,#3802,#3803,#3804,#3805,#3806,#3807,#3808,
#3809));
#7198=EDGE_LOOP('',(#3810,#3811,#3812,#3813));
#7199=EDGE_LOOP('',(#3814,#3815,#3816,#3817));
#7200=EDGE_LOOP('',(#3818,#3819,#3820,#3821));
#7201=EDGE_LOOP('',(#3822,#3823,#3824,#3825));
#7202=EDGE_LOOP('',(#3826,#3827,#3828,#3829));
#7203=EDGE_LOOP('',(#3830,#3831,#3832,#3833));
#7204=EDGE_LOOP('',(#3834,#3835,#3836,#3837));
#7205=EDGE_LOOP('',(#3838,#3839,#3840,#3841));
#7206=EDGE_LOOP('',(#3842,#3843,#3844,#3845));
#7207=EDGE_LOOP('',(#3846,#3847,#3848,#3849));
#7208=EDGE_LOOP('',(#3850,#3851,#3852,#3853));
#7209=EDGE_LOOP('',(#3854,#3855,#3856,#3857));
#7210=EDGE_LOOP('',(#3858,#3859,#3860,#3861));
#7211=EDGE_LOOP('',(#3862,#3863,#3864,#3865,#3866,#3867,#3868,#3869,#3870,
#3871,#3872,#3873,#3874));
#7212=EDGE_LOOP('',(#3875,#3876,#3877,#3878));
#7213=EDGE_LOOP('',(#3879,#3880,#3881,#3882));
#7214=EDGE_LOOP('',(#3883,#3884,#3885,#3886));
#7215=EDGE_LOOP('',(#3887,#3888,#3889,#3890));
#7216=EDGE_LOOP('',(#3891,#3892,#3893,#3894));
#7217=EDGE_LOOP('',(#3895,#3896,#3897,#3898));
#7218=EDGE_LOOP('',(#3899,#3900,#3901,#3902));
#7219=EDGE_LOOP('',(#3903,#3904,#3905,#3906));
#7220=EDGE_LOOP('',(#3907,#3908,#3909,#3910));
#7221=EDGE_LOOP('',(#3911,#3912,#3913,#3914));
#7222=EDGE_LOOP('',(#3915,#3916,#3917,#3918));
#7223=EDGE_LOOP('',(#3919,#3920,#3921,#3922));
#7224=EDGE_LOOP('',(#3923,#3924,#3925,#3926));
#7225=EDGE_LOOP('',(#3927,#3928,#3929,#3930));
#7226=EDGE_LOOP('',(#3931,#3932,#3933,#3934));
#7227=EDGE_LOOP('',(#3935,#3936,#3937,#3938));
#7228=EDGE_LOOP('',(#3939,#3940,#3941,#3942));
#7229=EDGE_LOOP('',(#3943,#3944,#3945,#3946));
#7230=EDGE_LOOP('',(#3947,#3948,#3949,#3950));
#7231=EDGE_LOOP('',(#3951,#3952,#3953,#3954));
#7232=EDGE_LOOP('',(#3955,#3956,#3957,#3958));
#7233=EDGE_LOOP('',(#3959,#3960,#3961,#3962));
#7234=EDGE_LOOP('',(#3963,#3964,#3965,#3966,#3967,#3968,#3969,#3970,#3971,
#3972,#3973,#3974));
#7235=EDGE_LOOP('',(#3975,#3976,#3977,#3978,#3979,#3980,#3981,#3982,#3983,
#3984));
#7236=EDGE_LOOP('',(#3985,#3986,#3987,#3988));
#7237=EDGE_LOOP('',(#3989,#3990,#3991,#3992));
#7238=EDGE_LOOP('',(#3993,#3994,#3995,#3996));
#7239=EDGE_LOOP('',(#3997,#3998,#3999,#4000));
#7240=EDGE_LOOP('',(#4001,#4002,#4003,#4004));
#7241=EDGE_LOOP('',(#4005,#4006,#4007,#4008));
#7242=EDGE_LOOP('',(#4009,#4010,#4011,#4012));
#7243=EDGE_LOOP('',(#4013,#4014,#4015,#4016));
#7244=EDGE_LOOP('',(#4017,#4018,#4019,#4020));
#7245=EDGE_LOOP('',(#4021,#4022,#4023,#4024));
#7246=EDGE_LOOP('',(#4025,#4026,#4027,#4028));
#7247=EDGE_LOOP('',(#4029,#4030,#4031,#4032));
#7248=EDGE_LOOP('',(#4033,#4034,#4035,#4036));
#7249=EDGE_LOOP('',(#4037,#4038,#4039,#4040));
#7250=EDGE_LOOP('',(#4041,#4042,#4043,#4044));
#7251=EDGE_LOOP('',(#4045,#4046,#4047,#4048));
#7252=EDGE_LOOP('',(#4049,#4050,#4051,#4052));
#7253=EDGE_LOOP('',(#4053,#4054,#4055,#4056));
#7254=EDGE_LOOP('',(#4057,#4058,#4059,#4060));
#7255=EDGE_LOOP('',(#4061,#4062,#4063,#4064));
#7256=EDGE_LOOP('',(#4065,#4066,#4067,#4068));
#7257=EDGE_LOOP('',(#4069,#4070,#4071,#4072));
#7258=EDGE_LOOP('',(#4073,#4074,#4075,#4076));
#7259=EDGE_LOOP('',(#4077,#4078,#4079,#4080));
#7260=EDGE_LOOP('',(#4081,#4082,#4083,#4084));
#7261=EDGE_LOOP('',(#4085,#4086,#4087,#4088));
#7262=EDGE_LOOP('',(#4089,#4090,#4091,#4092));
#7263=EDGE_LOOP('',(#4093,#4094,#4095,#4096));
#7264=EDGE_LOOP('',(#4097,#4098,#4099,#4100));
#7265=EDGE_LOOP('',(#4101,#4102,#4103,#4104));
#7266=EDGE_LOOP('',(#4105,#4106,#4107,#4108));
#7267=EDGE_LOOP('',(#4109,#4110,#4111,#4112));
#7268=EDGE_LOOP('',(#4113,#4114,#4115,#4116));
#7269=EDGE_LOOP('',(#4117,#4118,#4119,#4120));
#7270=EDGE_LOOP('',(#4121,#4122,#4123,#4124));
#7271=EDGE_LOOP('',(#4125,#4126,#4127,#4128));
#7272=EDGE_LOOP('',(#4129,#4130,#4131,#4132,#4133,#4134,#4135,#4136,#4137,
#4138,#4139,#4140,#4141,#4142,#4143,#4144,#4145,#4146,#4147,#4148));
#7273=EDGE_LOOP('',(#4149,#4150,#4151,#4152,#4153,#4154));
#7274=EDGE_LOOP('',(#4155,#4156,#4157,#4158));
#7275=EDGE_LOOP('',(#4159,#4160,#4161,#4162));
#7276=EDGE_LOOP('',(#4163,#4164,#4165,#4166));
#7277=EDGE_LOOP('',(#4167,#4168,#4169,#4170));
#7278=EDGE_LOOP('',(#4171,#4172,#4173,#4174));
#7279=EDGE_LOOP('',(#4175,#4176,#4177,#4178));
#7280=EDGE_LOOP('',(#4179,#4180,#4181,#4182));
#7281=EDGE_LOOP('',(#4183,#4184,#4185,#4186));
#7282=EDGE_LOOP('',(#4187,#4188,#4189,#4190));
#7283=EDGE_LOOP('',(#4191,#4192,#4193,#4194));
#7284=EDGE_LOOP('',(#4195,#4196,#4197,#4198));
#7285=EDGE_LOOP('',(#4199,#4200,#4201,#4202));
#7286=EDGE_LOOP('',(#4203,#4204,#4205,#4206));
#7287=EDGE_LOOP('',(#4207,#4208,#4209,#4210));
#7288=EDGE_LOOP('',(#4211,#4212,#4213,#4214));
#7289=EDGE_LOOP('',(#4215,#4216,#4217,#4218));
#7290=EDGE_LOOP('',(#4219,#4220,#4221,#4222));
#7291=EDGE_LOOP('',(#4223,#4224,#4225,#4226));
#7292=EDGE_LOOP('',(#4227,#4228,#4229,#4230));
#7293=EDGE_LOOP('',(#4231,#4232,#4233,#4234,#4235,#4236,#4237,#4238,#4239,
#4240,#4241,#4242,#4243,#4244,#4245,#4246,#4247,#4248,#4249));
#7294=EDGE_LOOP('',(#4250,#4251,#4252,#4253,#4254,#4255,#4256,#4257,#4258,
#4259,#4260,#4261));
#7295=EDGE_LOOP('',(#4262,#4263,#4264,#4265,#4266,#4267,#4268,#4269,#4270,
#4271));
#7296=EDGE_LOOP('',(#4272,#4273,#4274,#4275,#4276,#4277,#4278,#4279,#4280,
#4281));
#7297=EDGE_LOOP('',(#4282,#4283,#4284,#4285,#4286,#4287));
#7298=EDGE_LOOP('',(#4288,#4289,#4290,#4291));
#7299=EDGE_LOOP('',(#4292,#4293,#4294,#4295));
#7300=EDGE_LOOP('',(#4296,#4297,#4298,#4299));
#7301=EDGE_LOOP('',(#4300,#4301,#4302,#4303));
#7302=EDGE_LOOP('',(#4304,#4305,#4306,#4307));
#7303=EDGE_LOOP('',(#4308,#4309,#4310,#4311));
#7304=EDGE_LOOP('',(#4312,#4313,#4314,#4315));
#7305=EDGE_LOOP('',(#4316,#4317,#4318,#4319));
#7306=EDGE_LOOP('',(#4320,#4321,#4322,#4323));
#7307=EDGE_LOOP('',(#4324,#4325,#4326,#4327));
#7308=EDGE_LOOP('',(#4328,#4329,#4330,#4331));
#7309=EDGE_LOOP('',(#4332,#4333,#4334,#4335));
#7310=EDGE_LOOP('',(#4336,#4337,#4338,#4339));
#7311=EDGE_LOOP('',(#4340,#4341,#4342,#4343));
#7312=EDGE_LOOP('',(#4344,#4345,#4346,#4347));
#7313=EDGE_LOOP('',(#4348,#4349,#4350,#4351));
#7314=EDGE_LOOP('',(#4352,#4353,#4354,#4355));
#7315=EDGE_LOOP('',(#4356,#4357,#4358,#4359));
#7316=EDGE_LOOP('',(#4360,#4361,#4362,#4363));
#7317=EDGE_LOOP('',(#4364,#4365,#4366,#4367));
#7318=EDGE_LOOP('',(#4368,#4369,#4370,#4371));
#7319=EDGE_LOOP('',(#4372,#4373,#4374,#4375));
#7320=EDGE_LOOP('',(#4376,#4377,#4378,#4379));
#7321=EDGE_LOOP('',(#4380,#4381,#4382,#4383));
#7322=EDGE_LOOP('',(#4384,#4385,#4386,#4387));
#7323=EDGE_LOOP('',(#4388,#4389,#4390,#4391));
#7324=EDGE_LOOP('',(#4392,#4393,#4394,#4395,#4396,#4397,#4398,#4399,#4400,
#4401,#4402,#4403,#4404,#4405,#4406,#4407,#4408,#4409,#4410,#4411));
#7325=EDGE_LOOP('',(#4412,#4413,#4414,#4415,#4416,#4417));
#7326=EDGE_LOOP('',(#4418,#4419,#4420,#4421,#4422,#4423,#4424,#4425,#4426,
#4427,#4428,#4429,#4430,#4431,#4432,#4433,#4434,#4435,#4436,#4437));
#7327=EDGE_LOOP('',(#4438,#4439,#4440,#4441,#4442,#4443));
#7328=FACE_BOUND('',#6816,.T.);
#7329=FACE_BOUND('',#6817,.T.);
#7330=FACE_BOUND('',#6818,.T.);
#7331=FACE_BOUND('',#6819,.T.);
#7332=FACE_BOUND('',#6820,.T.);
#7333=FACE_BOUND('',#6821,.T.);
#7334=FACE_BOUND('',#6822,.T.);
#7335=FACE_BOUND('',#6823,.T.);
#7336=FACE_BOUND('',#6824,.T.);
#7337=FACE_BOUND('',#6825,.T.);
#7338=FACE_BOUND('',#6826,.T.);
#7339=FACE_BOUND('',#6827,.T.);
#7340=FACE_BOUND('',#6828,.T.);
#7341=FACE_BOUND('',#6829,.T.);
#7342=FACE_BOUND('',#6830,.T.);
#7343=FACE_BOUND('',#6831,.T.);
#7344=FACE_BOUND('',#6832,.T.);
#7345=FACE_BOUND('',#6833,.T.);
#7346=FACE_BOUND('',#6834,.T.);
#7347=FACE_BOUND('',#6835,.T.);
#7348=FACE_BOUND('',#6836,.T.);
#7349=FACE_BOUND('',#6837,.T.);
#7350=FACE_BOUND('',#6838,.T.);
#7351=FACE_BOUND('',#6839,.T.);
#7352=FACE_BOUND('',#6840,.T.);
#7353=FACE_BOUND('',#6841,.T.);
#7354=FACE_BOUND('',#6842,.T.);
#7355=FACE_BOUND('',#6843,.T.);
#7356=FACE_BOUND('',#6844,.T.);
#7357=FACE_BOUND('',#6845,.T.);
#7358=FACE_BOUND('',#6846,.T.);
#7359=FACE_BOUND('',#6847,.T.);
#7360=FACE_BOUND('',#6848,.T.);
#7361=FACE_BOUND('',#6849,.T.);
#7362=FACE_BOUND('',#6850,.T.);
#7363=FACE_BOUND('',#6851,.T.);
#7364=FACE_BOUND('',#6852,.T.);
#7365=FACE_BOUND('',#6853,.T.);
#7366=FACE_BOUND('',#6854,.T.);
#7367=FACE_BOUND('',#6855,.T.);
#7368=FACE_BOUND('',#6856,.T.);
#7369=FACE_BOUND('',#6857,.T.);
#7370=FACE_BOUND('',#6858,.T.);
#7371=FACE_BOUND('',#6859,.T.);
#7372=FACE_BOUND('',#6860,.T.);
#7373=FACE_BOUND('',#6861,.T.);
#7374=FACE_BOUND('',#6862,.T.);
#7375=FACE_BOUND('',#6863,.T.);
#7376=FACE_BOUND('',#6864,.T.);
#7377=FACE_BOUND('',#6865,.T.);
#7378=FACE_BOUND('',#6866,.T.);
#7379=FACE_BOUND('',#6867,.T.);
#7380=FACE_BOUND('',#6868,.T.);
#7381=FACE_BOUND('',#6869,.T.);
#7382=FACE_BOUND('',#6870,.T.);
#7383=FACE_BOUND('',#6871,.T.);
#7384=FACE_BOUND('',#6872,.T.);
#7385=FACE_BOUND('',#6873,.T.);
#7386=FACE_BOUND('',#6874,.T.);
#7387=FACE_BOUND('',#6875,.T.);
#7388=FACE_BOUND('',#6876,.T.);
#7389=FACE_BOUND('',#6877,.T.);
#7390=FACE_BOUND('',#6878,.T.);
#7391=FACE_BOUND('',#6879,.T.);
#7392=FACE_BOUND('',#6880,.T.);
#7393=FACE_BOUND('',#6881,.T.);
#7394=FACE_BOUND('',#6882,.T.);
#7395=FACE_BOUND('',#6883,.T.);
#7396=FACE_BOUND('',#6884,.T.);
#7397=FACE_BOUND('',#6885,.T.);
#7398=FACE_BOUND('',#6886,.T.);
#7399=FACE_BOUND('',#6887,.T.);
#7400=FACE_BOUND('',#6888,.T.);
#7401=FACE_BOUND('',#6889,.T.);
#7402=FACE_BOUND('',#6890,.T.);
#7403=FACE_BOUND('',#6891,.T.);
#7404=FACE_BOUND('',#6892,.T.);
#7405=FACE_BOUND('',#6893,.T.);
#7406=FACE_BOUND('',#6894,.T.);
#7407=FACE_BOUND('',#6895,.T.);
#7408=FACE_BOUND('',#6896,.T.);
#7409=FACE_BOUND('',#6897,.T.);
#7410=FACE_BOUND('',#6898,.T.);
#7411=FACE_BOUND('',#6899,.T.);
#7412=FACE_BOUND('',#6900,.T.);
#7413=FACE_BOUND('',#6901,.T.);
#7414=FACE_BOUND('',#6902,.T.);
#7415=FACE_BOUND('',#6903,.T.);
#7416=FACE_BOUND('',#6904,.T.);
#7417=FACE_BOUND('',#6905,.T.);
#7418=FACE_BOUND('',#6906,.T.);
#7419=FACE_BOUND('',#6907,.T.);
#7420=FACE_BOUND('',#6908,.T.);
#7421=FACE_BOUND('',#6909,.T.);
#7422=FACE_BOUND('',#6910,.T.);
#7423=FACE_BOUND('',#6911,.T.);
#7424=FACE_BOUND('',#6912,.T.);
#7425=FACE_BOUND('',#6913,.T.);
#7426=FACE_BOUND('',#6914,.T.);
#7427=FACE_BOUND('',#6915,.T.);
#7428=FACE_BOUND('',#6916,.T.);
#7429=FACE_BOUND('',#6917,.T.);
#7430=FACE_BOUND('',#6918,.T.);
#7431=FACE_BOUND('',#6919,.T.);
#7432=FACE_BOUND('',#6920,.T.);
#7433=FACE_BOUND('',#6921,.T.);
#7434=FACE_BOUND('',#6922,.T.);
#7435=FACE_BOUND('',#6923,.T.);
#7436=FACE_BOUND('',#6924,.T.);
#7437=FACE_BOUND('',#6925,.T.);
#7438=FACE_BOUND('',#6926,.T.);
#7439=FACE_BOUND('',#6927,.T.);
#7440=FACE_BOUND('',#6928,.T.);
#7441=FACE_BOUND('',#6929,.T.);
#7442=FACE_BOUND('',#6930,.T.);
#7443=FACE_BOUND('',#6931,.T.);
#7444=FACE_BOUND('',#6932,.T.);
#7445=FACE_BOUND('',#6933,.T.);
#7446=FACE_BOUND('',#6934,.T.);
#7447=FACE_BOUND('',#6935,.T.);
#7448=FACE_BOUND('',#6936,.T.);
#7449=FACE_BOUND('',#6937,.T.);
#7450=FACE_BOUND('',#6938,.T.);
#7451=FACE_BOUND('',#6939,.T.);
#7452=FACE_BOUND('',#6940,.T.);
#7453=FACE_BOUND('',#6941,.T.);
#7454=FACE_BOUND('',#6942,.T.);
#7455=FACE_BOUND('',#6943,.T.);
#7456=FACE_BOUND('',#6944,.T.);
#7457=FACE_BOUND('',#6945,.T.);
#7458=FACE_BOUND('',#6946,.T.);
#7459=FACE_BOUND('',#6947,.T.);
#7460=FACE_BOUND('',#6948,.T.);
#7461=FACE_BOUND('',#6949,.T.);
#7462=FACE_BOUND('',#6950,.T.);
#7463=FACE_BOUND('',#6951,.T.);
#7464=FACE_BOUND('',#6952,.T.);
#7465=FACE_BOUND('',#6953,.T.);
#7466=FACE_BOUND('',#6954,.T.);
#7467=FACE_BOUND('',#6955,.T.);
#7468=FACE_BOUND('',#6956,.T.);
#7469=FACE_BOUND('',#6957,.T.);
#7470=FACE_BOUND('',#6958,.T.);
#7471=FACE_BOUND('',#6959,.T.);
#7472=FACE_BOUND('',#6960,.T.);
#7473=FACE_BOUND('',#6961,.T.);
#7474=FACE_BOUND('',#6962,.T.);
#7475=FACE_BOUND('',#6963,.T.);
#7476=FACE_BOUND('',#6964,.T.);
#7477=FACE_BOUND('',#6965,.T.);
#7478=FACE_BOUND('',#6966,.T.);
#7479=FACE_BOUND('',#6967,.T.);
#7480=FACE_BOUND('',#6968,.T.);
#7481=FACE_BOUND('',#6969,.T.);
#7482=FACE_BOUND('',#6970,.T.);
#7483=FACE_BOUND('',#6971,.T.);
#7484=FACE_BOUND('',#6972,.T.);
#7485=FACE_BOUND('',#6973,.T.);
#7486=FACE_BOUND('',#6974,.T.);
#7487=FACE_BOUND('',#6975,.T.);
#7488=FACE_BOUND('',#6976,.T.);
#7489=FACE_BOUND('',#6977,.T.);
#7490=FACE_BOUND('',#6978,.T.);
#7491=FACE_BOUND('',#6979,.T.);
#7492=FACE_BOUND('',#6980,.T.);
#7493=FACE_BOUND('',#6981,.T.);
#7494=FACE_BOUND('',#6982,.T.);
#7495=FACE_BOUND('',#6983,.T.);
#7496=FACE_BOUND('',#6984,.T.);
#7497=FACE_BOUND('',#6985,.T.);
#7498=FACE_BOUND('',#6986,.T.);
#7499=FACE_BOUND('',#6987,.T.);
#7500=FACE_BOUND('',#6988,.T.);
#7501=FACE_BOUND('',#6989,.T.);
#7502=FACE_BOUND('',#6990,.T.);
#7503=FACE_BOUND('',#6991,.T.);
#7504=FACE_BOUND('',#6992,.T.);
#7505=FACE_BOUND('',#6993,.T.);
#7506=FACE_BOUND('',#6994,.T.);
#7507=FACE_BOUND('',#6995,.T.);
#7508=FACE_BOUND('',#6996,.T.);
#7509=FACE_BOUND('',#6997,.T.);
#7510=FACE_BOUND('',#6998,.T.);
#7511=FACE_BOUND('',#6999,.T.);
#7512=FACE_BOUND('',#7000,.T.);
#7513=FACE_BOUND('',#7001,.T.);
#7514=FACE_BOUND('',#7002,.T.);
#7515=FACE_BOUND('',#7003,.T.);
#7516=FACE_BOUND('',#7004,.T.);
#7517=FACE_BOUND('',#7005,.T.);
#7518=FACE_BOUND('',#7006,.T.);
#7519=FACE_BOUND('',#7007,.T.);
#7520=FACE_BOUND('',#7008,.T.);
#7521=FACE_BOUND('',#7009,.T.);
#7522=FACE_BOUND('',#7010,.T.);
#7523=FACE_BOUND('',#7011,.T.);
#7524=FACE_BOUND('',#7012,.T.);
#7525=FACE_BOUND('',#7013,.T.);
#7526=FACE_BOUND('',#7014,.T.);
#7527=FACE_BOUND('',#7015,.T.);
#7528=FACE_BOUND('',#7016,.T.);
#7529=FACE_BOUND('',#7017,.T.);
#7530=FACE_BOUND('',#7018,.T.);
#7531=FACE_BOUND('',#7019,.T.);
#7532=FACE_BOUND('',#7020,.T.);
#7533=FACE_BOUND('',#7021,.T.);
#7534=FACE_BOUND('',#7022,.T.);
#7535=FACE_BOUND('',#7023,.T.);
#7536=FACE_BOUND('',#7024,.T.);
#7537=FACE_BOUND('',#7025,.T.);
#7538=FACE_BOUND('',#7026,.T.);
#7539=FACE_BOUND('',#7027,.T.);
#7540=FACE_BOUND('',#7028,.T.);
#7541=FACE_BOUND('',#7029,.T.);
#7542=FACE_BOUND('',#7030,.T.);
#7543=FACE_BOUND('',#7031,.T.);
#7544=FACE_BOUND('',#7032,.T.);
#7545=FACE_BOUND('',#7033,.T.);
#7546=FACE_BOUND('',#7034,.T.);
#7547=FACE_BOUND('',#7035,.T.);
#7548=FACE_BOUND('',#7036,.T.);
#7549=FACE_BOUND('',#7037,.T.);
#7550=FACE_BOUND('',#7038,.T.);
#7551=FACE_BOUND('',#7039,.T.);
#7552=FACE_BOUND('',#7040,.T.);
#7553=FACE_BOUND('',#7041,.T.);
#7554=FACE_BOUND('',#7042,.T.);
#7555=FACE_BOUND('',#7043,.T.);
#7556=FACE_BOUND('',#7044,.T.);
#7557=FACE_BOUND('',#7045,.T.);
#7558=FACE_BOUND('',#7046,.T.);
#7559=FACE_BOUND('',#7047,.T.);
#7560=FACE_BOUND('',#7048,.T.);
#7561=FACE_BOUND('',#7049,.T.);
#7562=FACE_BOUND('',#7050,.T.);
#7563=FACE_BOUND('',#7051,.T.);
#7564=FACE_BOUND('',#7052,.T.);
#7565=FACE_BOUND('',#7053,.T.);
#7566=FACE_BOUND('',#7054,.T.);
#7567=FACE_BOUND('',#7055,.T.);
#7568=FACE_BOUND('',#7056,.T.);
#7569=FACE_BOUND('',#7057,.T.);
#7570=FACE_BOUND('',#7058,.T.);
#7571=FACE_BOUND('',#7059,.T.);
#7572=FACE_BOUND('',#7060,.T.);
#7573=FACE_BOUND('',#7061,.T.);
#7574=FACE_BOUND('',#7062,.T.);
#7575=FACE_BOUND('',#7063,.T.);
#7576=FACE_BOUND('',#7064,.T.);
#7577=FACE_BOUND('',#7065,.T.);
#7578=FACE_BOUND('',#7066,.T.);
#7579=FACE_BOUND('',#7067,.T.);
#7580=FACE_BOUND('',#7068,.T.);
#7581=FACE_BOUND('',#7069,.T.);
#7582=FACE_BOUND('',#7070,.T.);
#7583=FACE_BOUND('',#7071,.T.);
#7584=FACE_BOUND('',#7072,.T.);
#7585=FACE_BOUND('',#7073,.T.);
#7586=FACE_BOUND('',#7074,.T.);
#7587=FACE_BOUND('',#7075,.T.);
#7588=FACE_BOUND('',#7076,.T.);
#7589=FACE_BOUND('',#7077,.T.);
#7590=FACE_BOUND('',#7078,.T.);
#7591=FACE_BOUND('',#7079,.T.);
#7592=FACE_BOUND('',#7080,.T.);
#7593=FACE_BOUND('',#7081,.T.);
#7594=FACE_BOUND('',#7082,.T.);
#7595=FACE_BOUND('',#7083,.T.);
#7596=FACE_BOUND('',#7084,.T.);
#7597=FACE_BOUND('',#7085,.T.);
#7598=FACE_BOUND('',#7086,.T.);
#7599=FACE_BOUND('',#7087,.T.);
#7600=FACE_BOUND('',#7088,.T.);
#7601=FACE_BOUND('',#7089,.T.);
#7602=FACE_BOUND('',#7090,.T.);
#7603=FACE_BOUND('',#7091,.T.);
#7604=FACE_BOUND('',#7092,.T.);
#7605=FACE_BOUND('',#7093,.T.);
#7606=FACE_BOUND('',#7094,.T.);
#7607=FACE_BOUND('',#7095,.T.);
#7608=FACE_BOUND('',#7096,.T.);
#7609=FACE_BOUND('',#7097,.T.);
#7610=FACE_BOUND('',#7098,.T.);
#7611=FACE_BOUND('',#7099,.T.);
#7612=FACE_BOUND('',#7100,.T.);
#7613=FACE_BOUND('',#7101,.T.);
#7614=FACE_BOUND('',#7102,.T.);
#7615=FACE_BOUND('',#7103,.T.);
#7616=FACE_BOUND('',#7104,.T.);
#7617=FACE_BOUND('',#7105,.T.);
#7618=FACE_BOUND('',#7106,.T.);
#7619=FACE_BOUND('',#7107,.T.);
#7620=FACE_BOUND('',#7108,.T.);
#7621=FACE_BOUND('',#7109,.T.);
#7622=FACE_BOUND('',#7110,.T.);
#7623=FACE_BOUND('',#7111,.T.);
#7624=FACE_BOUND('',#7112,.T.);
#7625=FACE_BOUND('',#7113,.T.);
#7626=FACE_BOUND('',#7114,.T.);
#7627=FACE_BOUND('',#7115,.T.);
#7628=FACE_BOUND('',#7116,.T.);
#7629=FACE_BOUND('',#7117,.T.);
#7630=FACE_BOUND('',#7118,.T.);
#7631=FACE_BOUND('',#7119,.T.);
#7632=FACE_BOUND('',#7120,.T.);
#7633=FACE_BOUND('',#7121,.T.);
#7634=FACE_BOUND('',#7122,.T.);
#7635=FACE_BOUND('',#7123,.T.);
#7636=FACE_BOUND('',#7124,.T.);
#7637=FACE_BOUND('',#7125,.T.);
#7638=FACE_BOUND('',#7126,.T.);
#7639=FACE_BOUND('',#7127,.T.);
#7640=FACE_BOUND('',#7128,.T.);
#7641=FACE_BOUND('',#7129,.T.);
#7642=FACE_BOUND('',#7130,.T.);
#7643=FACE_BOUND('',#7131,.T.);
#7644=FACE_BOUND('',#7132,.T.);
#7645=FACE_BOUND('',#7133,.T.);
#7646=FACE_BOUND('',#7134,.T.);
#7647=FACE_BOUND('',#7135,.T.);
#7648=FACE_BOUND('',#7136,.T.);
#7649=FACE_BOUND('',#7137,.T.);
#7650=FACE_BOUND('',#7138,.T.);
#7651=FACE_BOUND('',#7139,.T.);
#7652=FACE_BOUND('',#7140,.T.);
#7653=FACE_BOUND('',#7141,.T.);
#7654=FACE_BOUND('',#7142,.T.);
#7655=FACE_BOUND('',#7143,.T.);
#7656=FACE_BOUND('',#7144,.T.);
#7657=FACE_BOUND('',#7145,.T.);
#7658=FACE_BOUND('',#7146,.T.);
#7659=FACE_BOUND('',#7147,.T.);
#7660=FACE_BOUND('',#7148,.T.);
#7661=FACE_BOUND('',#7149,.T.);
#7662=FACE_BOUND('',#7150,.T.);
#7663=FACE_BOUND('',#7151,.T.);
#7664=FACE_BOUND('',#7152,.T.);
#7665=FACE_BOUND('',#7153,.T.);
#7666=FACE_BOUND('',#7154,.T.);
#7667=FACE_BOUND('',#7155,.T.);
#7668=FACE_BOUND('',#7156,.T.);
#7669=FACE_BOUND('',#7157,.T.);
#7670=FACE_BOUND('',#7158,.T.);
#7671=FACE_BOUND('',#7159,.T.);
#7672=FACE_BOUND('',#7160,.T.);
#7673=FACE_BOUND('',#7161,.T.);
#7674=FACE_BOUND('',#7162,.T.);
#7675=FACE_BOUND('',#7163,.T.);
#7676=FACE_BOUND('',#7164,.T.);
#7677=FACE_BOUND('',#7165,.T.);
#7678=FACE_BOUND('',#7166,.T.);
#7679=FACE_BOUND('',#7167,.T.);
#7680=FACE_BOUND('',#7168,.T.);
#7681=FACE_BOUND('',#7169,.T.);
#7682=FACE_BOUND('',#7170,.T.);
#7683=FACE_BOUND('',#7171,.T.);
#7684=FACE_BOUND('',#7172,.T.);
#7685=FACE_BOUND('',#7173,.T.);
#7686=FACE_BOUND('',#7174,.T.);
#7687=FACE_BOUND('',#7175,.T.);
#7688=FACE_BOUND('',#7176,.T.);
#7689=FACE_BOUND('',#7177,.T.);
#7690=FACE_BOUND('',#7178,.T.);
#7691=FACE_BOUND('',#7179,.T.);
#7692=FACE_BOUND('',#7180,.T.);
#7693=FACE_BOUND('',#7181,.T.);
#7694=FACE_BOUND('',#7182,.T.);
#7695=FACE_BOUND('',#7183,.T.);
#7696=FACE_BOUND('',#7184,.T.);
#7697=FACE_BOUND('',#7185,.T.);
#7698=FACE_BOUND('',#7186,.T.);
#7699=FACE_BOUND('',#7187,.T.);
#7700=FACE_BOUND('',#7188,.T.);
#7701=FACE_BOUND('',#7189,.T.);
#7702=FACE_BOUND('',#7190,.T.);
#7703=FACE_BOUND('',#7191,.T.);
#7704=FACE_BOUND('',#7192,.T.);
#7705=FACE_BOUND('',#7193,.T.);
#7706=FACE_BOUND('',#7194,.T.);
#7707=FACE_BOUND('',#7195,.T.);
#7708=FACE_BOUND('',#7196,.T.);
#7709=FACE_BOUND('',#7197,.T.);
#7710=FACE_BOUND('',#7198,.T.);
#7711=FACE_BOUND('',#7199,.T.);
#7712=FACE_BOUND('',#7200,.T.);
#7713=FACE_BOUND('',#7201,.T.);
#7714=FACE_BOUND('',#7202,.T.);
#7715=FACE_BOUND('',#7203,.T.);
#7716=FACE_BOUND('',#7204,.T.);
#7717=FACE_BOUND('',#7205,.T.);
#7718=FACE_BOUND('',#7206,.T.);
#7719=FACE_BOUND('',#7207,.T.);
#7720=FACE_BOUND('',#7208,.T.);
#7721=FACE_BOUND('',#7209,.T.);
#7722=FACE_BOUND('',#7210,.T.);
#7723=FACE_BOUND('',#7211,.T.);
#7724=FACE_BOUND('',#7212,.T.);
#7725=FACE_BOUND('',#7213,.T.);
#7726=FACE_BOUND('',#7214,.T.);
#7727=FACE_BOUND('',#7215,.T.);
#7728=FACE_BOUND('',#7216,.T.);
#7729=FACE_BOUND('',#7217,.T.);
#7730=FACE_BOUND('',#7218,.T.);
#7731=FACE_BOUND('',#7219,.T.);
#7732=FACE_BOUND('',#7220,.T.);
#7733=FACE_BOUND('',#7221,.T.);
#7734=FACE_BOUND('',#7222,.T.);
#7735=FACE_BOUND('',#7223,.T.);
#7736=FACE_BOUND('',#7224,.T.);
#7737=FACE_BOUND('',#7225,.T.);
#7738=FACE_BOUND('',#7226,.T.);
#7739=FACE_BOUND('',#7227,.T.);
#7740=FACE_BOUND('',#7228,.T.);
#7741=FACE_BOUND('',#7229,.T.);
#7742=FACE_BOUND('',#7230,.T.);
#7743=FACE_BOUND('',#7231,.T.);
#7744=FACE_BOUND('',#7232,.T.);
#7745=FACE_BOUND('',#7233,.T.);
#7746=FACE_BOUND('',#7234,.T.);
#7747=FACE_BOUND('',#7235,.T.);
#7748=FACE_BOUND('',#7236,.T.);
#7749=FACE_BOUND('',#7237,.T.);
#7750=FACE_BOUND('',#7238,.T.);
#7751=FACE_BOUND('',#7239,.T.);
#7752=FACE_BOUND('',#7240,.T.);
#7753=FACE_BOUND('',#7241,.T.);
#7754=FACE_BOUND('',#7242,.T.);
#7755=FACE_BOUND('',#7243,.T.);
#7756=FACE_BOUND('',#7244,.T.);
#7757=FACE_BOUND('',#7245,.T.);
#7758=FACE_BOUND('',#7246,.T.);
#7759=FACE_BOUND('',#7247,.T.);
#7760=FACE_BOUND('',#7248,.T.);
#7761=FACE_BOUND('',#7249,.T.);
#7762=FACE_BOUND('',#7250,.T.);
#7763=FACE_BOUND('',#7251,.T.);
#7764=FACE_BOUND('',#7252,.T.);
#7765=FACE_BOUND('',#7253,.T.);
#7766=FACE_BOUND('',#7254,.T.);
#7767=FACE_BOUND('',#7255,.T.);
#7768=FACE_BOUND('',#7256,.T.);
#7769=FACE_BOUND('',#7257,.T.);
#7770=FACE_BOUND('',#7258,.T.);
#7771=FACE_BOUND('',#7259,.T.);
#7772=FACE_BOUND('',#7260,.T.);
#7773=FACE_BOUND('',#7261,.T.);
#7774=FACE_BOUND('',#7262,.T.);
#7775=FACE_BOUND('',#7263,.T.);
#7776=FACE_BOUND('',#7264,.T.);
#7777=FACE_BOUND('',#7265,.T.);
#7778=FACE_BOUND('',#7266,.T.);
#7779=FACE_BOUND('',#7267,.T.);
#7780=FACE_BOUND('',#7268,.T.);
#7781=FACE_BOUND('',#7269,.T.);
#7782=FACE_BOUND('',#7270,.T.);
#7783=FACE_BOUND('',#7271,.T.);
#7784=FACE_BOUND('',#7272,.T.);
#7785=FACE_BOUND('',#7273,.T.);
#7786=FACE_BOUND('',#7274,.T.);
#7787=FACE_BOUND('',#7275,.T.);
#7788=FACE_BOUND('',#7276,.T.);
#7789=FACE_BOUND('',#7277,.T.);
#7790=FACE_BOUND('',#7278,.T.);
#7791=FACE_BOUND('',#7279,.T.);
#7792=FACE_BOUND('',#7280,.T.);
#7793=FACE_BOUND('',#7281,.T.);
#7794=FACE_BOUND('',#7282,.T.);
#7795=FACE_BOUND('',#7283,.T.);
#7796=FACE_BOUND('',#7284,.T.);
#7797=FACE_BOUND('',#7285,.T.);
#7798=FACE_BOUND('',#7286,.T.);
#7799=FACE_BOUND('',#7287,.T.);
#7800=FACE_BOUND('',#7288,.T.);
#7801=FACE_BOUND('',#7289,.T.);
#7802=FACE_BOUND('',#7290,.T.);
#7803=FACE_BOUND('',#7291,.T.);
#7804=FACE_BOUND('',#7292,.T.);
#7805=FACE_BOUND('',#7293,.T.);
#7806=FACE_BOUND('',#7294,.T.);
#7807=FACE_BOUND('',#7295,.T.);
#7808=FACE_BOUND('',#7296,.T.);
#7809=FACE_BOUND('',#7297,.T.);
#7810=FACE_BOUND('',#7298,.T.);
#7811=FACE_BOUND('',#7299,.T.);
#7812=FACE_BOUND('',#7300,.T.);
#7813=FACE_BOUND('',#7301,.T.);
#7814=FACE_BOUND('',#7302,.T.);
#7815=FACE_BOUND('',#7303,.T.);
#7816=FACE_BOUND('',#7304,.T.);
#7817=FACE_BOUND('',#7305,.T.);
#7818=FACE_BOUND('',#7306,.T.);
#7819=FACE_BOUND('',#7307,.T.);
#7820=FACE_BOUND('',#7308,.T.);
#7821=FACE_BOUND('',#7309,.T.);
#7822=FACE_BOUND('',#7310,.T.);
#7823=FACE_BOUND('',#7311,.T.);
#7824=FACE_BOUND('',#7312,.T.);
#7825=FACE_BOUND('',#7313,.T.);
#7826=FACE_BOUND('',#7314,.T.);
#7827=FACE_BOUND('',#7315,.T.);
#7828=FACE_BOUND('',#7316,.T.);
#7829=FACE_BOUND('',#7317,.T.);
#7830=FACE_BOUND('',#7318,.T.);
#7831=FACE_BOUND('',#7319,.T.);
#7832=FACE_BOUND('',#7320,.T.);
#7833=FACE_BOUND('',#7321,.T.);
#7834=FACE_BOUND('',#7322,.T.);
#7835=FACE_BOUND('',#7323,.T.);
#7836=FACE_BOUND('',#7324,.T.);
#7837=FACE_BOUND('',#7325,.T.);
#7838=FACE_BOUND('',#7326,.T.);
#7839=FACE_BOUND('',#7327,.T.);
#7840=B_SPLINE_SURFACE_WITH_KNOTS('',3,1,((#10792,#10793),(#10794,#10795),
(#10796,#10797),(#10798,#10799)),.SURF_OF_LINEAR_EXTRUSION.,.F.,.F.,.F.,
(4,4),(2,2),(0.,1.),(0.,1.),.PIECEWISE_BEZIER_KNOTS.);
#7841=B_SPLINE_SURFACE_WITH_KNOTS('',3,1,((#10842,#10843),(#10844,#10845),
(#10846,#10847),(#10848,#10849)),.SURF_OF_LINEAR_EXTRUSION.,.F.,.F.,.F.,
(4,4),(2,2),(0.,1.),(0.,1.),.PIECEWISE_BEZIER_KNOTS.);
#7842=B_SPLINE_SURFACE_WITH_KNOTS('',3,1,((#10859,#10860),(#10861,#10862),
(#10863,#10864),(#10865,#10866)),.SURF_OF_LINEAR_EXTRUSION.,.F.,.F.,.F.,
(4,4),(2,2),(0.,1.),(0.,1.),.PIECEWISE_BEZIER_KNOTS.);
#7843=B_SPLINE_SURFACE_WITH_KNOTS('',3,1,((#10888,#10889),(#10890,#10891),
(#10892,#10893),(#10894,#10895)),.SURF_OF_LINEAR_EXTRUSION.,.F.,.F.,.F.,
(4,4),(2,2),(0.,1.),(0.,1.),.PIECEWISE_BEZIER_KNOTS.);
#7844=B_SPLINE_SURFACE_WITH_KNOTS('',3,1,((#10905,#10906),(#10907,#10908),
(#10909,#10910),(#10911,#10912)),.SURF_OF_LINEAR_EXTRUSION.,.F.,.F.,.F.,
(4,4),(2,2),(0.,1.),(0.,1.),.PIECEWISE_BEZIER_KNOTS.);
#7845=B_SPLINE_SURFACE_WITH_KNOTS('',3,1,((#10925,#10926),(#10927,#10928),
(#10929,#10930),(#10931,#10932)),.SURF_OF_LINEAR_EXTRUSION.,.F.,.F.,.F.,
(4,4),(2,2),(0.,1.),(0.,1.),.PIECEWISE_BEZIER_KNOTS.);
#7846=B_SPLINE_SURFACE_WITH_KNOTS('',3,1,((#10942,#10943),(#10944,#10945),
(#10946,#10947),(#10948,#10949)),.SURF_OF_LINEAR_EXTRUSION.,.F.,.F.,.F.,
(4,4),(2,2),(0.,1.),(0.,1.),.PIECEWISE_BEZIER_KNOTS.);
#7847=B_SPLINE_SURFACE_WITH_KNOTS('',3,1,((#10959,#10960),(#10961,#10962),
(#10963,#10964),(#10965,#10966)),.SURF_OF_LINEAR_EXTRUSION.,.F.,.F.,.F.,
(4,4),(2,2),(0.,1.),(0.,1.),.PIECEWISE_BEZIER_KNOTS.);
#7848=B_SPLINE_SURFACE_WITH_KNOTS('',3,1,((#10976,#10977),(#10978,#10979),
(#10980,#10981),(#10982,#10983)),.SURF_OF_LINEAR_EXTRUSION.,.F.,.F.,.F.,
(4,4),(2,2),(0.,1.),(0.,1.),.PIECEWISE_BEZIER_KNOTS.);
#7849=B_SPLINE_SURFACE_WITH_KNOTS('',3,1,((#10999,#11000),(#11001,#11002),
(#11003,#11004),(#11005,#11006)),.SURF_OF_LINEAR_EXTRUSION.,.F.,.F.,.F.,
(4,4),(2,2),(0.,1.),(0.,1.),.PIECEWISE_BEZIER_KNOTS.);
#7850=B_SPLINE_SURFACE_WITH_KNOTS('',3,1,((#11016,#11017),(#11018,#11019),
(#11020,#11021),(#11022,#11023)),.SURF_OF_LINEAR_EXTRUSION.,.F.,.F.,.F.,
(4,4),(2,2),(0.,1.),(0.,1.),.PIECEWISE_BEZIER_KNOTS.);
#7851=B_SPLINE_SURFACE_WITH_KNOTS('',3,1,((#11141,#11142),(#11143,#11144),
(#11145,#11146),(#11147,#11148)),.SURF_OF_LINEAR_EXTRUSION.,.F.,.F.,.F.,
(4,4),(2,2),(0.,1.),(0.,1.),.PIECEWISE_BEZIER_KNOTS.);
#7852=B_SPLINE_SURFACE_WITH_KNOTS('',3,1,((#11161,#11162),(#11163,#11164),
(#11165,#11166),(#11167,#11168)),.SURF_OF_LINEAR_EXTRUSION.,.F.,.F.,.F.,
(4,4),(2,2),(0.,1.),(0.,1.),.PIECEWISE_BEZIER_KNOTS.);
#7853=B_SPLINE_SURFACE_WITH_KNOTS('',3,1,((#11178,#11179),(#11180,#11181),
(#11182,#11183),(#11184,#11185)),.SURF_OF_LINEAR_EXTRUSION.,.F.,.F.,.F.,
(4,4),(2,2),(0.,1.),(0.,1.),.PIECEWISE_BEZIER_KNOTS.);
#7854=B_SPLINE_SURFACE_WITH_KNOTS('',3,1,((#11201,#11202),(#11203,#11204),
(#11205,#11206),(#11207,#11208)),.SURF_OF_LINEAR_EXTRUSION.,.F.,.F.,.F.,
(4,4),(2,2),(0.,1.),(0.,1.),.PIECEWISE_BEZIER_KNOTS.);
#7855=B_SPLINE_SURFACE_WITH_KNOTS('',3,1,((#11218,#11219),(#11220,#11221),
(#11222,#11223),(#11224,#11225)),.SURF_OF_LINEAR_EXTRUSION.,.F.,.F.,.F.,
(4,4),(2,2),(0.,1.),(0.,1.),.PIECEWISE_BEZIER_KNOTS.);
#7856=B_SPLINE_SURFACE_WITH_KNOTS('',3,1,((#11235,#11236),(#11237,#11238),
(#11239,#11240),(#11241,#11242)),.SURF_OF_LINEAR_EXTRUSION.,.F.,.F.,.F.,
(4,4),(2,2),(0.,1.),(0.,1.),.PIECEWISE_BEZIER_KNOTS.);
#7857=B_SPLINE_SURFACE_WITH_KNOTS('',3,1,((#11252,#11253),(#11254,#11255),
(#11256,#11257),(#11258,#11259)),.SURF_OF_LINEAR_EXTRUSION.,.F.,.F.,.F.,
(4,4),(2,2),(0.,1.),(0.,1.),.PIECEWISE_BEZIER_KNOTS.);
#7858=B_SPLINE_SURFACE_WITH_KNOTS('',3,1,((#11275,#11276),(#11277,#11278),
(#11279,#11280),(#11281,#11282)),.SURF_OF_LINEAR_EXTRUSION.,.F.,.F.,.F.,
(4,4),(2,2),(0.,1.),(0.,1.),.PIECEWISE_BEZIER_KNOTS.);
#7859=B_SPLINE_SURFACE_WITH_KNOTS('',3,1,((#11295,#11296),(#11297,#11298),
(#11299,#11300),(#11301,#11302)),.SURF_OF_LINEAR_EXTRUSION.,.F.,.F.,.F.,
(4,4),(2,2),(0.,1.),(0.,1.),.PIECEWISE_BEZIER_KNOTS.);
#7860=B_SPLINE_SURFACE_WITH_KNOTS('',3,1,((#11318,#11319),(#11320,#11321),
(#11322,#11323),(#11324,#11325)),.SURF_OF_LINEAR_EXTRUSION.,.F.,.F.,.F.,
(4,4),(2,2),(0.,1.),(0.,1.),.PIECEWISE_BEZIER_KNOTS.);
#7861=B_SPLINE_SURFACE_WITH_KNOTS('',3,1,((#11335,#11336),(#11337,#11338),
(#11339,#11340),(#11341,#11342)),.SURF_OF_LINEAR_EXTRUSION.,.F.,.F.,.F.,
(4,4),(2,2),(0.,1.),(0.,1.),.PIECEWISE_BEZIER_KNOTS.);
#7862=B_SPLINE_SURFACE_WITH_KNOTS('',3,1,((#11358,#11359),(#11360,#11361),
(#11362,#11363),(#11364,#11365)),.SURF_OF_LINEAR_EXTRUSION.,.F.,.F.,.F.,
(4,4),(2,2),(0.,1.),(0.,1.),.PIECEWISE_BEZIER_KNOTS.);
#7863=B_SPLINE_SURFACE_WITH_KNOTS('',3,1,((#11375,#11376),(#11377,#11378),
(#11379,#11380),(#11381,#11382)),.SURF_OF_LINEAR_EXTRUSION.,.F.,.F.,.F.,
(4,4),(2,2),(0.,1.),(0.,1.),.PIECEWISE_BEZIER_KNOTS.);
#7864=B_SPLINE_SURFACE_WITH_KNOTS('',3,1,((#11398,#11399),(#11400,#11401),
(#11402,#11403),(#11404,#11405)),.SURF_OF_LINEAR_EXTRUSION.,.F.,.F.,.F.,
(4,4),(2,2),(0.,1.),(0.,1.),.PIECEWISE_BEZIER_KNOTS.);
#7865=B_SPLINE_SURFACE_WITH_KNOTS('',3,1,((#11415,#11416),(#11417,#11418),
(#11419,#11420),(#11421,#11422)),.SURF_OF_LINEAR_EXTRUSION.,.F.,.F.,.F.,
(4,4),(2,2),(0.,1.),(0.,1.),.PIECEWISE_BEZIER_KNOTS.);
#7866=B_SPLINE_SURFACE_WITH_KNOTS('',3,1,((#11435,#11436),(#11437,#11438),
(#11439,#11440),(#11441,#11442)),.SURF_OF_LINEAR_EXTRUSION.,.F.,.F.,.F.,
(4,4),(2,2),(0.,1.),(0.,1.),.PIECEWISE_BEZIER_KNOTS.);
#7867=B_SPLINE_SURFACE_WITH_KNOTS('',3,1,((#11461,#11462),(#11463,#11464),
(#11465,#11466),(#11467,#11468)),.SURF_OF_LINEAR_EXTRUSION.,.F.,.F.,.F.,
(4,4),(2,2),(0.,1.),(0.,1.),.PIECEWISE_BEZIER_KNOTS.);
#7868=B_SPLINE_SURFACE_WITH_KNOTS('',3,1,((#11478,#11479),(#11480,#11481),
(#11482,#11483),(#11484,#11485)),.SURF_OF_LINEAR_EXTRUSION.,.F.,.F.,.F.,
(4,4),(2,2),(0.,1.),(0.,1.),.PIECEWISE_BEZIER_KNOTS.);
#7869=B_SPLINE_SURFACE_WITH_KNOTS('',3,1,((#11501,#11502),(#11503,#11504),
(#11505,#11506),(#11507,#11508)),.SURF_OF_LINEAR_EXTRUSION.,.F.,.F.,.F.,
(4,4),(2,2),(0.,1.),(0.,1.),.PIECEWISE_BEZIER_KNOTS.);
#7870=B_SPLINE_SURFACE_WITH_KNOTS('',3,1,((#11518,#11519),(#11520,#11521),
(#11522,#11523),(#11524,#11525)),.SURF_OF_LINEAR_EXTRUSION.,.F.,.F.,.F.,
(4,4),(2,2),(0.,1.),(0.,1.),.PIECEWISE_BEZIER_KNOTS.);
#7871=B_SPLINE_SURFACE_WITH_KNOTS('',3,1,((#11541,#11542),(#11543,#11544),
(#11545,#11546),(#11547,#11548)),.SURF_OF_LINEAR_EXTRUSION.,.F.,.F.,.F.,
(4,4),(2,2),(0.,1.),(0.,1.),.PIECEWISE_BEZIER_KNOTS.);
#7872=B_SPLINE_SURFACE_WITH_KNOTS('',3,1,((#11558,#11559),(#11560,#11561),
(#11562,#11563),(#11564,#11565)),.SURF_OF_LINEAR_EXTRUSION.,.F.,.F.,.F.,
(4,4),(2,2),(0.,1.),(0.,1.),.PIECEWISE_BEZIER_KNOTS.);
#7873=B_SPLINE_SURFACE_WITH_KNOTS('',3,1,((#11581,#11582),(#11583,#11584),
(#11585,#11586),(#11587,#11588)),.SURF_OF_LINEAR_EXTRUSION.,.F.,.F.,.F.,
(4,4),(2,2),(0.,1.),(0.,1.),.PIECEWISE_BEZIER_KNOTS.);
#7874=B_SPLINE_SURFACE_WITH_KNOTS('',3,1,((#11598,#11599),(#11600,#11601),
(#11602,#11603),(#11604,#11605)),.SURF_OF_LINEAR_EXTRUSION.,.F.,.F.,.F.,
(4,4),(2,2),(0.,1.),(0.,1.),.PIECEWISE_BEZIER_KNOTS.);
#7875=B_SPLINE_SURFACE_WITH_KNOTS('',3,1,((#11624,#11625),(#11626,#11627),
(#11628,#11629),(#11630,#11631)),.SURF_OF_LINEAR_EXTRUSION.,.F.,.F.,.F.,
(4,4),(2,2),(0.,1.),(0.,1.),.PIECEWISE_BEZIER_KNOTS.);
#7876=B_SPLINE_SURFACE_WITH_KNOTS('',3,1,((#11641,#11642),(#11643,#11644),
(#11645,#11646),(#11647,#11648)),.SURF_OF_LINEAR_EXTRUSION.,.F.,.F.,.F.,
(4,4),(2,2),(0.,1.),(0.,1.),.PIECEWISE_BEZIER_KNOTS.);
#7877=B_SPLINE_SURFACE_WITH_KNOTS('',3,1,((#11658,#11659),(#11660,#11661),
(#11662,#11663),(#11664,#11665)),.SURF_OF_LINEAR_EXTRUSION.,.F.,.F.,.F.,
(4,4),(2,2),(0.,1.),(0.,1.),.PIECEWISE_BEZIER_KNOTS.);
#7878=B_SPLINE_SURFACE_WITH_KNOTS('',3,1,((#11675,#11676),(#11677,#11678),
(#11679,#11680),(#11681,#11682)),.SURF_OF_LINEAR_EXTRUSION.,.F.,.F.,.F.,
(4,4),(2,2),(0.,1.),(0.,1.),.PIECEWISE_BEZIER_KNOTS.);
#7879=B_SPLINE_SURFACE_WITH_KNOTS('',3,1,((#11692,#11693),(#11694,#11695),
(#11696,#11697),(#11698,#11699)),.SURF_OF_LINEAR_EXTRUSION.,.F.,.F.,.F.,
(4,4),(2,2),(0.,1.),(0.,1.),.PIECEWISE_BEZIER_KNOTS.);
#7880=B_SPLINE_SURFACE_WITH_KNOTS('',3,1,((#11739,#11740),(#11741,#11742),
(#11743,#11744),(#11745,#11746)),.SURF_OF_LINEAR_EXTRUSION.,.F.,.F.,.F.,
(4,4),(2,2),(0.,1.),(0.,1.),.PIECEWISE_BEZIER_KNOTS.);
#7881=B_SPLINE_SURFACE_WITH_KNOTS('',3,1,((#11756,#11757),(#11758,#11759),
(#11760,#11761),(#11762,#11763)),.SURF_OF_LINEAR_EXTRUSION.,.F.,.F.,.F.,
(4,4),(2,2),(0.,1.),(0.,1.),.PIECEWISE_BEZIER_KNOTS.);
#7882=B_SPLINE_SURFACE_WITH_KNOTS('',3,1,((#11779,#11780),(#11781,#11782),
(#11783,#11784),(#11785,#11786)),.SURF_OF_LINEAR_EXTRUSION.,.F.,.F.,.F.,
(4,4),(2,2),(0.,1.),(0.,1.),.PIECEWISE_BEZIER_KNOTS.);
#7883=B_SPLINE_SURFACE_WITH_KNOTS('',3,1,((#11793,#11794),(#11795,#11796),
(#11797,#11798),(#11799,#11800)),.SURF_OF_LINEAR_EXTRUSION.,.F.,.F.,.F.,
(4,4),(2,2),(0.,1.),(0.,1.),.PIECEWISE_BEZIER_KNOTS.);
#7884=B_SPLINE_SURFACE_WITH_KNOTS('',3,1,((#11810,#11811),(#11812,#11813),
(#11814,#11815),(#11816,#11817)),.SURF_OF_LINEAR_EXTRUSION.,.F.,.F.,.F.,
(4,4),(2,2),(0.,1.),(0.,1.),.PIECEWISE_BEZIER_KNOTS.);
#7885=B_SPLINE_SURFACE_WITH_KNOTS('',3,1,((#11830,#11831),(#11832,#11833),
(#11834,#11835),(#11836,#11837)),.SURF_OF_LINEAR_EXTRUSION.,.F.,.F.,.F.,
(4,4),(2,2),(0.,1.),(0.,1.),.PIECEWISE_BEZIER_KNOTS.);
#7886=B_SPLINE_SURFACE_WITH_KNOTS('',3,1,((#11847,#11848),(#11849,#11850),
(#11851,#11852),(#11853,#11854)),.SURF_OF_LINEAR_EXTRUSION.,.F.,.F.,.F.,
(4,4),(2,2),(0.,1.),(0.,1.),.PIECEWISE_BEZIER_KNOTS.);
#7887=B_SPLINE_SURFACE_WITH_KNOTS('',3,1,((#11870,#11871),(#11872,#11873),
(#11874,#11875),(#11876,#11877)),.SURF_OF_LINEAR_EXTRUSION.,.F.,.F.,.F.,
(4,4),(2,2),(0.,1.),(0.,1.),.PIECEWISE_BEZIER_KNOTS.);
#7888=B_SPLINE_SURFACE_WITH_KNOTS('',3,1,((#11887,#11888),(#11889,#11890),
(#11891,#11892),(#11893,#11894)),.SURF_OF_LINEAR_EXTRUSION.,.F.,.F.,.F.,
(4,4),(2,2),(0.,1.),(0.,1.),.PIECEWISE_BEZIER_KNOTS.);
#7889=B_SPLINE_SURFACE_WITH_KNOTS('',3,1,((#11904,#11905),(#11906,#11907),
(#11908,#11909),(#11910,#11911)),.SURF_OF_LINEAR_EXTRUSION.,.F.,.F.,.F.,
(4,4),(2,2),(0.,1.),(0.,1.),.PIECEWISE_BEZIER_KNOTS.);
#7890=B_SPLINE_SURFACE_WITH_KNOTS('',3,1,((#11921,#11922),(#11923,#11924),
(#11925,#11926),(#11927,#11928)),.SURF_OF_LINEAR_EXTRUSION.,.F.,.F.,.F.,
(4,4),(2,2),(0.,1.),(0.,1.),.PIECEWISE_BEZIER_KNOTS.);
#7891=B_SPLINE_SURFACE_WITH_KNOTS('',3,1,((#11944,#11945),(#11946,#11947),
(#11948,#11949),(#11950,#11951)),.SURF_OF_LINEAR_EXTRUSION.,.F.,.F.,.F.,
(4,4),(2,2),(0.,1.),(0.,1.),.PIECEWISE_BEZIER_KNOTS.);
#7892=B_SPLINE_SURFACE_WITH_KNOTS('',3,1,((#11964,#11965),(#11966,#11967),
(#11968,#11969),(#11970,#11971)),.SURF_OF_LINEAR_EXTRUSION.,.F.,.F.,.F.,
(4,4),(2,2),(0.,1.),(0.,1.),.PIECEWISE_BEZIER_KNOTS.);
#7893=B_SPLINE_SURFACE_WITH_KNOTS('',3,1,((#11987,#11988),(#11989,#11990),
(#11991,#11992),(#11993,#11994)),.SURF_OF_LINEAR_EXTRUSION.,.F.,.F.,.F.,
(4,4),(2,2),(0.,1.),(0.,1.),.PIECEWISE_BEZIER_KNOTS.);
#7894=B_SPLINE_SURFACE_WITH_KNOTS('',3,1,((#12004,#12005),(#12006,#12007),
(#12008,#12009),(#12010,#12011)),.SURF_OF_LINEAR_EXTRUSION.,.F.,.F.,.F.,
(4,4),(2,2),(0.,1.),(0.,1.),.PIECEWISE_BEZIER_KNOTS.);
#7895=B_SPLINE_SURFACE_WITH_KNOTS('',3,1,((#12027,#12028),(#12029,#12030),
(#12031,#12032),(#12033,#12034)),.SURF_OF_LINEAR_EXTRUSION.,.F.,.F.,.F.,
(4,4),(2,2),(0.,1.),(0.,1.),.PIECEWISE_BEZIER_KNOTS.);
#7896=B_SPLINE_SURFACE_WITH_KNOTS('',3,1,((#12044,#12045),(#12046,#12047),
(#12048,#12049),(#12050,#12051)),.SURF_OF_LINEAR_EXTRUSION.,.F.,.F.,.F.,
(4,4),(2,2),(0.,1.),(0.,1.),.PIECEWISE_BEZIER_KNOTS.);
#7897=B_SPLINE_SURFACE_WITH_KNOTS('',3,1,((#12067,#12068),(#12069,#12070),
(#12071,#12072),(#12073,#12074)),.SURF_OF_LINEAR_EXTRUSION.,.F.,.F.,.F.,
(4,4),(2,2),(0.,1.),(0.,1.),.PIECEWISE_BEZIER_KNOTS.);
#7898=B_SPLINE_SURFACE_WITH_KNOTS('',3,1,((#12084,#12085),(#12086,#12087),
(#12088,#12089),(#12090,#12091)),.SURF_OF_LINEAR_EXTRUSION.,.F.,.F.,.F.,
(4,4),(2,2),(0.,1.),(0.,1.),.PIECEWISE_BEZIER_KNOTS.);
#7899=B_SPLINE_SURFACE_WITH_KNOTS('',3,1,((#12104,#12105),(#12106,#12107),
(#12108,#12109),(#12110,#12111)),.SURF_OF_LINEAR_EXTRUSION.,.F.,.F.,.F.,
(4,4),(2,2),(0.,1.),(0.,1.),.PIECEWISE_BEZIER_KNOTS.);
#7900=B_SPLINE_SURFACE_WITH_KNOTS('',3,1,((#12148,#12149),(#12150,#12151),
(#12152,#12153),(#12154,#12155)),.SURF_OF_LINEAR_EXTRUSION.,.F.,.F.,.F.,
(4,4),(2,2),(0.,1.),(0.,1.),.PIECEWISE_BEZIER_KNOTS.);
#7901=B_SPLINE_SURFACE_WITH_KNOTS('',3,1,((#12174,#12175),(#12176,#12177),
(#12178,#12179),(#12180,#12181)),.SURF_OF_LINEAR_EXTRUSION.,.F.,.F.,.F.,
(4,4),(2,2),(0.,1.),(0.,1.),.PIECEWISE_BEZIER_KNOTS.);
#7902=B_SPLINE_SURFACE_WITH_KNOTS('',3,1,((#12227,#12228),(#12229,#12230),
(#12231,#12232),(#12233,#12234)),.SURF_OF_LINEAR_EXTRUSION.,.F.,.F.,.F.,
(4,4),(2,2),(0.,1.),(0.,1.),.PIECEWISE_BEZIER_KNOTS.);
#7903=B_SPLINE_SURFACE_WITH_KNOTS('',3,1,((#12244,#12245),(#12246,#12247),
(#12248,#12249),(#12250,#12251)),.SURF_OF_LINEAR_EXTRUSION.,.F.,.F.,.F.,
(4,4),(2,2),(0.,1.),(0.,1.),.PIECEWISE_BEZIER_KNOTS.);
#7904=B_SPLINE_SURFACE_WITH_KNOTS('',3,1,((#12261,#12262),(#12263,#12264),
(#12265,#12266),(#12267,#12268)),.SURF_OF_LINEAR_EXTRUSION.,.F.,.F.,.F.,
(4,4),(2,2),(0.,1.),(0.,1.),.PIECEWISE_BEZIER_KNOTS.);
#7905=B_SPLINE_SURFACE_WITH_KNOTS('',3,1,((#12278,#12279),(#12280,#12281),
(#12282,#12283),(#12284,#12285)),.SURF_OF_LINEAR_EXTRUSION.,.F.,.F.,.F.,
(4,4),(2,2),(0.,1.),(0.,1.),.PIECEWISE_BEZIER_KNOTS.);
#7906=B_SPLINE_SURFACE_WITH_KNOTS('',3,1,((#12325,#12326),(#12327,#12328),
(#12329,#12330),(#12331,#12332)),.SURF_OF_LINEAR_EXTRUSION.,.F.,.F.,.F.,
(4,4),(2,2),(0.,1.),(0.,1.),.PIECEWISE_BEZIER_KNOTS.);
#7907=B_SPLINE_SURFACE_WITH_KNOTS('',3,1,((#13255,#13256),(#13257,#13258),
(#13259,#13260),(#13261,#13262)),.SURF_OF_LINEAR_EXTRUSION.,.F.,.F.,.F.,
(4,4),(2,2),(0.,1.),(0.,1.),.PIECEWISE_BEZIER_KNOTS.);
#7908=B_SPLINE_SURFACE_WITH_KNOTS('',3,1,((#13272,#13273),(#13274,#13275),
(#13276,#13277),(#13278,#13279)),.SURF_OF_LINEAR_EXTRUSION.,.F.,.F.,.F.,
(4,4),(2,2),(0.,1.),(0.,1.),.PIECEWISE_BEZIER_KNOTS.);
#7909=B_SPLINE_SURFACE_WITH_KNOTS('',3,1,((#13295,#13296),(#13297,#13298),
(#13299,#13300),(#13301,#13302)),.SURF_OF_LINEAR_EXTRUSION.,.F.,.F.,.F.,
(4,4),(2,2),(0.,1.),(0.,1.),.PIECEWISE_BEZIER_KNOTS.);
#7910=B_SPLINE_SURFACE_WITH_KNOTS('',3,1,((#13312,#13313),(#13314,#13315),
(#13316,#13317),(#13318,#13319)),.SURF_OF_LINEAR_EXTRUSION.,.F.,.F.,.F.,
(4,4),(2,2),(0.,1.),(0.,1.),.PIECEWISE_BEZIER_KNOTS.);
#7911=B_SPLINE_SURFACE_WITH_KNOTS('',3,1,((#13335,#13336),(#13337,#13338),
(#13339,#13340),(#13341,#13342)),.SURF_OF_LINEAR_EXTRUSION.,.F.,.F.,.F.,
(4,4),(2,2),(0.,1.),(0.,1.),.PIECEWISE_BEZIER_KNOTS.);
#7912=B_SPLINE_SURFACE_WITH_KNOTS('',3,1,((#13352,#13353),(#13354,#13355),
(#13356,#13357),(#13358,#13359)),.SURF_OF_LINEAR_EXTRUSION.,.F.,.F.,.F.,
(4,4),(2,2),(0.,1.),(0.,1.),.PIECEWISE_BEZIER_KNOTS.);
#7913=B_SPLINE_SURFACE_WITH_KNOTS('',3,1,((#13375,#13376),(#13377,#13378),
(#13379,#13380),(#13381,#13382)),.SURF_OF_LINEAR_EXTRUSION.,.F.,.F.,.F.,
(4,4),(2,2),(0.,1.),(0.,1.),.PIECEWISE_BEZIER_KNOTS.);
#7914=B_SPLINE_SURFACE_WITH_KNOTS('',3,1,((#13392,#13393),(#13394,#13395),
(#13396,#13397),(#13398,#13399)),.SURF_OF_LINEAR_EXTRUSION.,.F.,.F.,.F.,
(4,4),(2,2),(0.,1.),(0.,1.),.PIECEWISE_BEZIER_KNOTS.);
#7915=B_SPLINE_SURFACE_WITH_KNOTS('',3,1,((#13411,#13412),(#13413,#13414),
(#13415,#13416),(#13417,#13418)),.SURF_OF_LINEAR_EXTRUSION.,.F.,.F.,.F.,
(4,4),(2,2),(0.,1.),(0.,1.),.PIECEWISE_BEZIER_KNOTS.);
#7916=B_SPLINE_SURFACE_WITH_KNOTS('',3,1,((#13424,#13425),(#13426,#13427),
(#13428,#13429),(#13430,#13431)),.SURF_OF_LINEAR_EXTRUSION.,.F.,.F.,.F.,
(4,4),(2,2),(0.,1.),(0.,1.),.PIECEWISE_BEZIER_KNOTS.);
#7917=B_SPLINE_SURFACE_WITH_KNOTS('',3,1,((#13437,#13438),(#13439,#13440),
(#13441,#13442),(#13443,#13444)),.SURF_OF_LINEAR_EXTRUSION.,.F.,.F.,.F.,
(4,4),(2,2),(0.,1.),(0.,1.),.PIECEWISE_BEZIER_KNOTS.);
#7918=B_SPLINE_SURFACE_WITH_KNOTS('',3,1,((#13450,#13451),(#13452,#13453),
(#13454,#13455),(#13456,#13457)),.SURF_OF_LINEAR_EXTRUSION.,.F.,.F.,.F.,
(4,4),(2,2),(0.,1.),(0.,1.),.PIECEWISE_BEZIER_KNOTS.);
#7919=B_SPLINE_SURFACE_WITH_KNOTS('',3,1,((#13463,#13464),(#13465,#13466),
(#13467,#13468),(#13469,#13470)),.SURF_OF_LINEAR_EXTRUSION.,.F.,.F.,.F.,
(4,4),(2,2),(0.,1.),(0.,1.),.PIECEWISE_BEZIER_KNOTS.);
#7920=B_SPLINE_SURFACE_WITH_KNOTS('',3,1,((#13496,#13497),(#13498,#13499),
(#13500,#13501),(#13502,#13503)),.SURF_OF_LINEAR_EXTRUSION.,.F.,.F.,.F.,
(4,4),(2,2),(0.,1.),(0.,1.),.PIECEWISE_BEZIER_KNOTS.);
#7921=B_SPLINE_SURFACE_WITH_KNOTS('',3,1,((#13509,#13510),(#13511,#13512),
(#13513,#13514),(#13515,#13516)),.SURF_OF_LINEAR_EXTRUSION.,.F.,.F.,.F.,
(4,4),(2,2),(0.,1.),(0.,1.),.PIECEWISE_BEZIER_KNOTS.);
#7922=B_SPLINE_SURFACE_WITH_KNOTS('',3,1,((#13526,#13527),(#13528,#13529),
(#13530,#13531),(#13532,#13533)),.SURF_OF_LINEAR_EXTRUSION.,.F.,.F.,.F.,
(4,4),(2,2),(0.,1.),(0.,1.),.PIECEWISE_BEZIER_KNOTS.);
#7923=B_SPLINE_SURFACE_WITH_KNOTS('',3,1,((#13537,#13538),(#13539,#13540),
(#13541,#13542),(#13543,#13544)),.SURF_OF_LINEAR_EXTRUSION.,.F.,.F.,.F.,
(4,4),(2,2),(0.,1.),(0.,1.),.PIECEWISE_BEZIER_KNOTS.);
#7924=B_SPLINE_SURFACE_WITH_KNOTS('',3,1,((#13569,#13570),(#13571,#13572),
(#13573,#13574),(#13575,#13576)),.SURF_OF_LINEAR_EXTRUSION.,.F.,.F.,.F.,
(4,4),(2,2),(0.,1.),(0.,1.),.PIECEWISE_BEZIER_KNOTS.);
#7925=B_SPLINE_SURFACE_WITH_KNOTS('',3,1,((#13584,#13585),(#13586,#13587),
(#13588,#13589),(#13590,#13591)),.SURF_OF_LINEAR_EXTRUSION.,.F.,.F.,.F.,
(4,4),(2,2),(0.,1.),(0.,1.),.PIECEWISE_BEZIER_KNOTS.);
#7926=B_SPLINE_SURFACE_WITH_KNOTS('',3,1,((#13597,#13598),(#13599,#13600),
(#13601,#13602),(#13603,#13604)),.SURF_OF_LINEAR_EXTRUSION.,.F.,.F.,.F.,
(4,4),(2,2),(0.,1.),(0.,1.),.PIECEWISE_BEZIER_KNOTS.);
#7927=B_SPLINE_SURFACE_WITH_KNOTS('',3,1,((#13610,#13611),(#13612,#13613),
(#13614,#13615),(#13616,#13617)),.SURF_OF_LINEAR_EXTRUSION.,.F.,.F.,.F.,
(4,4),(2,2),(0.,1.),(0.,1.),.PIECEWISE_BEZIER_KNOTS.);
#7928=B_SPLINE_SURFACE_WITH_KNOTS('',3,1,((#13623,#13624),(#13625,#13626),
(#13627,#13628),(#13629,#13630)),.SURF_OF_LINEAR_EXTRUSION.,.F.,.F.,.F.,
(4,4),(2,2),(0.,1.),(0.,1.),.PIECEWISE_BEZIER_KNOTS.);
#7929=B_SPLINE_SURFACE_WITH_KNOTS('',3,1,((#13640,#13641),(#13642,#13643),
(#13644,#13645),(#13646,#13647)),.SURF_OF_LINEAR_EXTRUSION.,.F.,.F.,.F.,
(4,4),(2,2),(0.,1.),(0.,1.),.PIECEWISE_BEZIER_KNOTS.);
#7930=B_SPLINE_SURFACE_WITH_KNOTS('',3,1,((#13653,#13654),(#13655,#13656),
(#13657,#13658),(#13659,#13660)),.SURF_OF_LINEAR_EXTRUSION.,.F.,.F.,.F.,
(4,4),(2,2),(0.,1.),(0.,1.),.PIECEWISE_BEZIER_KNOTS.);
#7931=B_SPLINE_SURFACE_WITH_KNOTS('',3,1,((#13682,#13683),(#13684,#13685),
(#13686,#13687),(#13688,#13689)),.SURF_OF_LINEAR_EXTRUSION.,.F.,.F.,.F.,
(4,4),(2,2),(0.,1.),(0.,1.),.PIECEWISE_BEZIER_KNOTS.);
#7932=B_SPLINE_SURFACE_WITH_KNOTS('',3,1,((#13717,#13718),(#13719,#13720),
(#13721,#13722),(#13723,#13724)),.SURF_OF_LINEAR_EXTRUSION.,.F.,.F.,.F.,
(4,4),(2,2),(0.,1.),(0.,1.),.PIECEWISE_BEZIER_KNOTS.);
#7933=B_SPLINE_SURFACE_WITH_KNOTS('',3,1,((#13730,#13731),(#13732,#13733),
(#13734,#13735),(#13736,#13737)),.SURF_OF_LINEAR_EXTRUSION.,.F.,.F.,.F.,
(4,4),(2,2),(0.,1.),(0.,1.),.PIECEWISE_BEZIER_KNOTS.);
#7934=B_SPLINE_SURFACE_WITH_KNOTS('',3,1,((#13751,#13752),(#13753,#13754),
(#13755,#13756),(#13757,#13758)),.SURF_OF_LINEAR_EXTRUSION.,.F.,.F.,.F.,
(4,4),(2,2),(0.,1.),(0.,1.),.PIECEWISE_BEZIER_KNOTS.);
#7935=B_SPLINE_SURFACE_WITH_KNOTS('',3,1,((#13763,#13764),(#13765,#13766),
(#13767,#13768),(#13769,#13770)),.SURF_OF_LINEAR_EXTRUSION.,.F.,.F.,.F.,
(4,4),(2,2),(0.,1.),(0.,1.),.PIECEWISE_BEZIER_KNOTS.);
#7936=B_SPLINE_SURFACE_WITH_KNOTS('',3,1,((#13783,#13784),(#13785,#13786),
(#13787,#13788),(#13789,#13790)),.SURF_OF_LINEAR_EXTRUSION.,.F.,.F.,.F.,
(4,4),(2,2),(0.,1.),(0.,1.),.PIECEWISE_BEZIER_KNOTS.);
#7937=B_SPLINE_SURFACE_WITH_KNOTS('',3,1,((#13800,#13801),(#13802,#13803),
(#13804,#13805),(#13806,#13807)),.SURF_OF_LINEAR_EXTRUSION.,.F.,.F.,.F.,
(4,4),(2,2),(0.,1.),(0.,1.),.PIECEWISE_BEZIER_KNOTS.);
#7938=B_SPLINE_SURFACE_WITH_KNOTS('',3,1,((#13823,#13824),(#13825,#13826),
(#13827,#13828),(#13829,#13830)),.SURF_OF_LINEAR_EXTRUSION.,.F.,.F.,.F.,
(4,4),(2,2),(0.,1.),(0.,1.),.PIECEWISE_BEZIER_KNOTS.);
#7939=B_SPLINE_SURFACE_WITH_KNOTS('',3,1,((#13840,#13841),(#13842,#13843),
(#13844,#13845),(#13846,#13847)),.SURF_OF_LINEAR_EXTRUSION.,.F.,.F.,.F.,
(4,4),(2,2),(0.,1.),(0.,1.),.PIECEWISE_BEZIER_KNOTS.);
#7940=B_SPLINE_SURFACE_WITH_KNOTS('',3,1,((#13857,#13858),(#13859,#13860),
(#13861,#13862),(#13863,#13864)),.SURF_OF_LINEAR_EXTRUSION.,.F.,.F.,.F.,
(4,4),(2,2),(0.,1.),(0.,1.),.PIECEWISE_BEZIER_KNOTS.);
#7941=B_SPLINE_SURFACE_WITH_KNOTS('',3,1,((#13874,#13875),(#13876,#13877),
(#13878,#13879),(#13880,#13881)),.SURF_OF_LINEAR_EXTRUSION.,.F.,.F.,.F.,
(4,4),(2,2),(0.,1.),(0.,1.),.PIECEWISE_BEZIER_KNOTS.);
#7942=B_SPLINE_SURFACE_WITH_KNOTS('',3,1,((#13897,#13898),(#13899,#13900),
(#13901,#13902),(#13903,#13904)),.SURF_OF_LINEAR_EXTRUSION.,.F.,.F.,.F.,
(4,4),(2,2),(0.,1.),(0.,1.),.PIECEWISE_BEZIER_KNOTS.);
#7943=B_SPLINE_SURFACE_WITH_KNOTS('',3,1,((#13912,#13913),(#13914,#13915),
(#13916,#13917),(#13918,#13919)),.SURF_OF_LINEAR_EXTRUSION.,.F.,.F.,.F.,
(4,4),(2,2),(0.,1.),(0.,1.),.PIECEWISE_BEZIER_KNOTS.);
#7944=B_SPLINE_SURFACE_WITH_KNOTS('',3,1,((#13929,#13930),(#13931,#13932),
(#13933,#13934),(#13935,#13936)),.SURF_OF_LINEAR_EXTRUSION.,.F.,.F.,.F.,
(4,4),(2,2),(0.,1.),(0.,1.),.PIECEWISE_BEZIER_KNOTS.);
#7945=B_SPLINE_SURFACE_WITH_KNOTS('',3,1,((#13942,#13943),(#13944,#13945),
(#13946,#13947),(#13948,#13949)),.SURF_OF_LINEAR_EXTRUSION.,.F.,.F.,.F.,
(4,4),(2,2),(0.,1.),(0.,1.),.PIECEWISE_BEZIER_KNOTS.);
#7946=B_SPLINE_SURFACE_WITH_KNOTS('',3,1,((#13959,#13960),(#13961,#13962),
(#13963,#13964),(#13965,#13966)),.SURF_OF_LINEAR_EXTRUSION.,.F.,.F.,.F.,
(4,4),(2,2),(0.,1.),(0.,1.),.PIECEWISE_BEZIER_KNOTS.);
#7947=B_SPLINE_SURFACE_WITH_KNOTS('',3,1,((#13972,#13973),(#13974,#13975),
(#13976,#13977),(#13978,#13979)),.SURF_OF_LINEAR_EXTRUSION.,.F.,.F.,.F.,
(4,4),(2,2),(0.,1.),(0.,1.),.PIECEWISE_BEZIER_KNOTS.);
#7948=B_SPLINE_SURFACE_WITH_KNOTS('',3,1,((#13989,#13990),(#13991,#13992),
(#13993,#13994),(#13995,#13996)),.SURF_OF_LINEAR_EXTRUSION.,.F.,.F.,.F.,
(4,4),(2,2),(0.,1.),(0.,1.),.PIECEWISE_BEZIER_KNOTS.);
#7949=B_SPLINE_SURFACE_WITH_KNOTS('',3,1,((#14002,#14003),(#14004,#14005),
(#14006,#14007),(#14008,#14009)),.SURF_OF_LINEAR_EXTRUSION.,.F.,.F.,.F.,
(4,4),(2,2),(0.,1.),(0.,1.),.PIECEWISE_BEZIER_KNOTS.);
#7950=B_SPLINE_SURFACE_WITH_KNOTS('',3,1,((#14017,#14018),(#14019,#14020),
(#14021,#14022),(#14023,#14024)),.SURF_OF_LINEAR_EXTRUSION.,.F.,.F.,.F.,
(4,4),(2,2),(0.,1.),(0.,1.),.PIECEWISE_BEZIER_KNOTS.);
#7951=B_SPLINE_SURFACE_WITH_KNOTS('',3,1,((#14085,#14086),(#14087,#14088),
(#14089,#14090),(#14091,#14092)),.SURF_OF_LINEAR_EXTRUSION.,.F.,.F.,.F.,
(4,4),(2,2),(0.,1.),(0.,1.),.PIECEWISE_BEZIER_KNOTS.);
#7952=B_SPLINE_SURFACE_WITH_KNOTS('',3,1,((#14105,#14106),(#14107,#14108),
(#14109,#14110),(#14111,#14112)),.SURF_OF_LINEAR_EXTRUSION.,.F.,.F.,.F.,
(4,4),(2,2),(0.,1.),(0.,1.),.PIECEWISE_BEZIER_KNOTS.);
#7953=B_SPLINE_SURFACE_WITH_KNOTS('',3,1,((#14122,#14123),(#14124,#14125),
(#14126,#14127),(#14128,#14129)),.SURF_OF_LINEAR_EXTRUSION.,.F.,.F.,.F.,
(4,4),(2,2),(0.,1.),(0.,1.),.PIECEWISE_BEZIER_KNOTS.);
#7954=B_SPLINE_SURFACE_WITH_KNOTS('',3,1,((#14145,#14146),(#14147,#14148),
(#14149,#14150),(#14151,#14152)),.SURF_OF_LINEAR_EXTRUSION.,.F.,.F.,.F.,
(4,4),(2,2),(0.,1.),(0.,1.),.PIECEWISE_BEZIER_KNOTS.);
#7955=B_SPLINE_SURFACE_WITH_KNOTS('',3,1,((#14162,#14163),(#14164,#14165),
(#14166,#14167),(#14168,#14169)),.SURF_OF_LINEAR_EXTRUSION.,.F.,.F.,.F.,
(4,4),(2,2),(0.,1.),(0.,1.),.PIECEWISE_BEZIER_KNOTS.);
#7956=B_SPLINE_SURFACE_WITH_KNOTS('',3,1,((#14179,#14180),(#14181,#14182),
(#14183,#14184),(#14185,#14186)),.SURF_OF_LINEAR_EXTRUSION.,.F.,.F.,.F.,
(4,4),(2,2),(0.,1.),(0.,1.),.PIECEWISE_BEZIER_KNOTS.);
#7957=B_SPLINE_SURFACE_WITH_KNOTS('',3,1,((#14196,#14197),(#14198,#14199),
(#14200,#14201),(#14202,#14203)),.SURF_OF_LINEAR_EXTRUSION.,.F.,.F.,.F.,
(4,4),(2,2),(0.,1.),(0.,1.),.PIECEWISE_BEZIER_KNOTS.);
#7958=B_SPLINE_SURFACE_WITH_KNOTS('',3,1,((#14219,#14220),(#14221,#14222),
(#14223,#14224),(#14225,#14226)),.SURF_OF_LINEAR_EXTRUSION.,.F.,.F.,.F.,
(4,4),(2,2),(0.,1.),(0.,1.),.PIECEWISE_BEZIER_KNOTS.);
#7959=B_SPLINE_SURFACE_WITH_KNOTS('',3,1,((#14234,#14235),(#14236,#14237),
(#14238,#14239),(#14240,#14241)),.SURF_OF_LINEAR_EXTRUSION.,.F.,.F.,.F.,
(4,4),(2,2),(0.,1.),(0.,1.),.PIECEWISE_BEZIER_KNOTS.);
#7960=B_SPLINE_SURFACE_WITH_KNOTS('',3,1,((#14251,#14252),(#14253,#14254),
(#14255,#14256),(#14257,#14258)),.SURF_OF_LINEAR_EXTRUSION.,.F.,.F.,.F.,
(4,4),(2,2),(0.,1.),(0.,1.),.PIECEWISE_BEZIER_KNOTS.);
#7961=B_SPLINE_SURFACE_WITH_KNOTS('',3,1,((#14264,#14265),(#14266,#14267),
(#14268,#14269),(#14270,#14271)),.SURF_OF_LINEAR_EXTRUSION.,.F.,.F.,.F.,
(4,4),(2,2),(0.,1.),(0.,1.),.PIECEWISE_BEZIER_KNOTS.);
#7962=B_SPLINE_SURFACE_WITH_KNOTS('',3,1,((#14281,#14282),(#14283,#14284),
(#14285,#14286),(#14287,#14288)),.SURF_OF_LINEAR_EXTRUSION.,.F.,.F.,.F.,
(4,4),(2,2),(0.,1.),(0.,1.),.PIECEWISE_BEZIER_KNOTS.);
#7963=B_SPLINE_SURFACE_WITH_KNOTS('',3,1,((#14294,#14295),(#14296,#14297),
(#14298,#14299),(#14300,#14301)),.SURF_OF_LINEAR_EXTRUSION.,.F.,.F.,.F.,
(4,4),(2,2),(0.,1.),(0.,1.),.PIECEWISE_BEZIER_KNOTS.);
#7964=B_SPLINE_SURFACE_WITH_KNOTS('',3,1,((#14311,#14312),(#14313,#14314),
(#14315,#14316),(#14317,#14318)),.SURF_OF_LINEAR_EXTRUSION.,.F.,.F.,.F.,
(4,4),(2,2),(0.,1.),(0.,1.),.PIECEWISE_BEZIER_KNOTS.);
#7965=B_SPLINE_SURFACE_WITH_KNOTS('',3,1,((#14324,#14325),(#14326,#14327),
(#14328,#14329),(#14330,#14331)),.SURF_OF_LINEAR_EXTRUSION.,.F.,.F.,.F.,
(4,4),(2,2),(0.,1.),(0.,1.),.PIECEWISE_BEZIER_KNOTS.);
#7966=B_SPLINE_SURFACE_WITH_KNOTS('',3,1,((#14339,#14340),(#14341,#14342),
(#14343,#14344),(#14345,#14346)),.SURF_OF_LINEAR_EXTRUSION.,.F.,.F.,.F.,
(4,4),(2,2),(0.,1.),(0.,1.),.PIECEWISE_BEZIER_KNOTS.);
#7967=B_SPLINE_SURFACE_WITH_KNOTS('',3,1,((#14403,#14404),(#14405,#14406),
(#14407,#14408),(#14409,#14410)),.SURF_OF_LINEAR_EXTRUSION.,.F.,.F.,.F.,
(4,4),(2,2),(0.,1.),(0.,1.),.PIECEWISE_BEZIER_KNOTS.);
#7968=B_SPLINE_SURFACE_WITH_KNOTS('',3,1,((#14420,#14421),(#14422,#14423),
(#14424,#14425),(#14426,#14427)),.SURF_OF_LINEAR_EXTRUSION.,.F.,.F.,.F.,
(4,4),(2,2),(0.,1.),(0.,1.),.PIECEWISE_BEZIER_KNOTS.);
#7969=B_SPLINE_SURFACE_WITH_KNOTS('',3,1,((#14437,#14438),(#14439,#14440),
(#14441,#14442),(#14443,#14444)),.SURF_OF_LINEAR_EXTRUSION.,.F.,.F.,.F.,
(4,4),(2,2),(0.,1.),(0.,1.),.PIECEWISE_BEZIER_KNOTS.);
#7970=B_SPLINE_SURFACE_WITH_KNOTS('',3,1,((#14454,#14455),(#14456,#14457),
(#14458,#14459),(#14460,#14461)),.SURF_OF_LINEAR_EXTRUSION.,.F.,.F.,.F.,
(4,4),(2,2),(0.,1.),(0.,1.),.PIECEWISE_BEZIER_KNOTS.);
#7971=B_SPLINE_SURFACE_WITH_KNOTS('',3,1,((#14469,#14470),(#14471,#14472),
(#14473,#14474),(#14475,#14476)),.SURF_OF_LINEAR_EXTRUSION.,.F.,.F.,.F.,
(4,4),(2,2),(0.,1.),(0.,1.),.PIECEWISE_BEZIER_KNOTS.);
#7972=B_SPLINE_SURFACE_WITH_KNOTS('',3,1,((#14482,#14483),(#14484,#14485),
(#14486,#14487),(#14488,#14489)),.SURF_OF_LINEAR_EXTRUSION.,.F.,.F.,.F.,
(4,4),(2,2),(0.,1.),(0.,1.),.PIECEWISE_BEZIER_KNOTS.);
#7973=B_SPLINE_SURFACE_WITH_KNOTS('',3,1,((#14495,#14496),(#14497,#14498),
(#14499,#14500),(#14501,#14502)),.SURF_OF_LINEAR_EXTRUSION.,.F.,.F.,.F.,
(4,4),(2,2),(0.,1.),(0.,1.),.PIECEWISE_BEZIER_KNOTS.);
#7974=B_SPLINE_SURFACE_WITH_KNOTS('',3,1,((#14512,#14513),(#14514,#14515),
(#14516,#14517),(#14518,#14519)),.SURF_OF_LINEAR_EXTRUSION.,.F.,.F.,.F.,
(4,4),(2,2),(0.,1.),(0.,1.),.PIECEWISE_BEZIER_KNOTS.);
#7975=B_SPLINE_SURFACE_WITH_KNOTS('',3,1,((#14525,#14526),(#14527,#14528),
(#14529,#14530),(#14531,#14532)),.SURF_OF_LINEAR_EXTRUSION.,.F.,.F.,.F.,
(4,4),(2,2),(0.,1.),(0.,1.),.PIECEWISE_BEZIER_KNOTS.);
#7976=B_SPLINE_SURFACE_WITH_KNOTS('',3,1,((#14538,#14539),(#14540,#14541),
(#14542,#14543),(#14544,#14545)),.SURF_OF_LINEAR_EXTRUSION.,.F.,.F.,.F.,
(4,4),(2,2),(0.,1.),(0.,1.),.PIECEWISE_BEZIER_KNOTS.);
#7977=B_SPLINE_SURFACE_WITH_KNOTS('',3,1,((#14551,#14552),(#14553,#14554),
(#14555,#14556),(#14557,#14558)),.SURF_OF_LINEAR_EXTRUSION.,.F.,.F.,.F.,
(4,4),(2,2),(0.,1.),(0.,1.),.PIECEWISE_BEZIER_KNOTS.);
#7978=B_SPLINE_SURFACE_WITH_KNOTS('',3,1,((#14572,#14573),(#14574,#14575),
(#14576,#14577),(#14578,#14579)),.SURF_OF_LINEAR_EXTRUSION.,.F.,.F.,.F.,
(4,4),(2,2),(0.,1.),(0.,1.),.PIECEWISE_BEZIER_KNOTS.);
#7979=B_SPLINE_SURFACE_WITH_KNOTS('',3,1,((#14585,#14586),(#14587,#14588),
(#14589,#14590),(#14591,#14592)),.SURF_OF_LINEAR_EXTRUSION.,.F.,.F.,.F.,
(4,4),(2,2),(0.,1.),(0.,1.),.PIECEWISE_BEZIER_KNOTS.);
#7980=B_SPLINE_SURFACE_WITH_KNOTS('',3,1,((#14598,#14599),(#14600,#14601),
(#14602,#14603),(#14604,#14605)),.SURF_OF_LINEAR_EXTRUSION.,.F.,.F.,.F.,
(4,4),(2,2),(0.,1.),(0.,1.),.PIECEWISE_BEZIER_KNOTS.);
#7981=B_SPLINE_SURFACE_WITH_KNOTS('',3,1,((#14623,#14624),(#14625,#14626),
(#14627,#14628),(#14629,#14630)),.SURF_OF_LINEAR_EXTRUSION.,.F.,.F.,.F.,
(4,4),(2,2),(0.,1.),(0.,1.),.PIECEWISE_BEZIER_KNOTS.);
#7982=B_SPLINE_SURFACE_WITH_KNOTS('',3,1,((#14636,#14637),(#14638,#14639),
(#14640,#14641),(#14642,#14643)),.SURF_OF_LINEAR_EXTRUSION.,.F.,.F.,.F.,
(4,4),(2,2),(0.,1.),(0.,1.),.PIECEWISE_BEZIER_KNOTS.);
#7983=B_SPLINE_SURFACE_WITH_KNOTS('',3,1,((#14649,#14650),(#14651,#14652),
(#14653,#14654),(#14655,#14656)),.SURF_OF_LINEAR_EXTRUSION.,.F.,.F.,.F.,
(4,4),(2,2),(0.,1.),(0.,1.),.PIECEWISE_BEZIER_KNOTS.);
#7984=B_SPLINE_SURFACE_WITH_KNOTS('',3,1,((#14660,#14661),(#14662,#14663),
(#14664,#14665),(#14666,#14667)),.SURF_OF_LINEAR_EXTRUSION.,.F.,.F.,.F.,
(4,4),(2,2),(0.,1.),(0.,1.),.PIECEWISE_BEZIER_KNOTS.);
#7985=B_SPLINE_SURFACE_WITH_KNOTS('',3,1,((#14675,#14676),(#14677,#14678),
(#14679,#14680),(#14681,#14682)),.SURF_OF_LINEAR_EXTRUSION.,.F.,.F.,.F.,
(4,4),(2,2),(0.,1.),(0.,1.),.PIECEWISE_BEZIER_KNOTS.);
#7986=B_SPLINE_SURFACE_WITH_KNOTS('',3,1,((#14694,#14695),(#14696,#14697),
(#14698,#14699),(#14700,#14701)),.SURF_OF_LINEAR_EXTRUSION.,.F.,.F.,.F.,
(4,4),(2,2),(0.,1.),(0.,1.),.PIECEWISE_BEZIER_KNOTS.);
#7987=B_SPLINE_SURFACE_WITH_KNOTS('',3,1,((#14731,#14732),(#14733,#14734),
(#14735,#14736),(#14737,#14738)),.SURF_OF_LINEAR_EXTRUSION.,.F.,.F.,.F.,
(4,4),(2,2),(0.,1.),(0.,1.),.PIECEWISE_BEZIER_KNOTS.);
#7988=B_SPLINE_SURFACE_WITH_KNOTS('',3,1,((#14744,#14745),(#14746,#14747),
(#14748,#14749),(#14750,#14751)),.SURF_OF_LINEAR_EXTRUSION.,.F.,.F.,.F.,
(4,4),(2,2),(0.,1.),(0.,1.),.PIECEWISE_BEZIER_KNOTS.);
#7989=B_SPLINE_SURFACE_WITH_KNOTS('',3,1,((#14757,#14758),(#14759,#14760),
(#14761,#14762),(#14763,#14764)),.SURF_OF_LINEAR_EXTRUSION.,.F.,.F.,.F.,
(4,4),(2,2),(0.,1.),(0.,1.),.PIECEWISE_BEZIER_KNOTS.);
#7990=B_SPLINE_SURFACE_WITH_KNOTS('',3,1,((#14770,#14771),(#14772,#14773),
(#14774,#14775),(#14776,#14777)),.SURF_OF_LINEAR_EXTRUSION.,.F.,.F.,.F.,
(4,4),(2,2),(0.,1.),(0.,1.),.PIECEWISE_BEZIER_KNOTS.);
#7991=B_SPLINE_SURFACE_WITH_KNOTS('',3,1,((#14803,#14804),(#14805,#14806),
(#14807,#14808),(#14809,#14810)),.SURF_OF_LINEAR_EXTRUSION.,.F.,.F.,.F.,
(4,4),(2,2),(0.,1.),(0.,1.),.PIECEWISE_BEZIER_KNOTS.);
#7992=B_SPLINE_SURFACE_WITH_KNOTS('',3,1,((#14835,#14836),(#14837,#14838),
(#14839,#14840),(#14841,#14842)),.SURF_OF_LINEAR_EXTRUSION.,.F.,.F.,.F.,
(4,4),(2,2),(0.,1.),(0.,1.),.PIECEWISE_BEZIER_KNOTS.);
#7993=B_SPLINE_SURFACE_WITH_KNOTS('',3,1,((#14852,#14853),(#14854,#14855),
(#14856,#14857),(#14858,#14859)),.SURF_OF_LINEAR_EXTRUSION.,.F.,.F.,.F.,
(4,4),(2,2),(0.,1.),(0.,1.),.PIECEWISE_BEZIER_KNOTS.);
#7994=B_SPLINE_SURFACE_WITH_KNOTS('',3,1,((#14869,#14870),(#14871,#14872),
(#14873,#14874),(#14875,#14876)),.SURF_OF_LINEAR_EXTRUSION.,.F.,.F.,.F.,
(4,4),(2,2),(0.,1.),(0.,1.),.PIECEWISE_BEZIER_KNOTS.);
#7995=B_SPLINE_SURFACE_WITH_KNOTS('',3,1,((#14886,#14887),(#14888,#14889),
(#14890,#14891),(#14892,#14893)),.SURF_OF_LINEAR_EXTRUSION.,.F.,.F.,.F.,
(4,4),(2,2),(0.,1.),(0.,1.),.PIECEWISE_BEZIER_KNOTS.);
#7996=B_SPLINE_SURFACE_WITH_KNOTS('',3,1,((#14906,#14907),(#14908,#14909),
(#14910,#14911),(#14912,#14913)),.SURF_OF_LINEAR_EXTRUSION.,.F.,.F.,.F.,
(4,4),(2,2),(0.,1.),(0.,1.),.PIECEWISE_BEZIER_KNOTS.);
#7997=B_SPLINE_SURFACE_WITH_KNOTS('',3,1,((#14923,#14924),(#14925,#14926),
(#14927,#14928),(#14929,#14930)),.SURF_OF_LINEAR_EXTRUSION.,.F.,.F.,.F.,
(4,4),(2,2),(0.,1.),(0.,1.),.PIECEWISE_BEZIER_KNOTS.);
#7998=B_SPLINE_SURFACE_WITH_KNOTS('',3,1,((#14940,#14941),(#14942,#14943),
(#14944,#14945),(#14946,#14947)),.SURF_OF_LINEAR_EXTRUSION.,.F.,.F.,.F.,
(4,4),(2,2),(0.,1.),(0.,1.),.PIECEWISE_BEZIER_KNOTS.);
#7999=B_SPLINE_SURFACE_WITH_KNOTS('',3,1,((#14963,#14964),(#14965,#14966),
(#14967,#14968),(#14969,#14970)),.SURF_OF_LINEAR_EXTRUSION.,.F.,.F.,.F.,
(4,4),(2,2),(0.,1.),(0.,1.),.PIECEWISE_BEZIER_KNOTS.);
#8000=B_SPLINE_SURFACE_WITH_KNOTS('',3,1,((#14980,#14981),(#14982,#14983),
(#14984,#14985),(#14986,#14987)),.SURF_OF_LINEAR_EXTRUSION.,.F.,.F.,.F.,
(4,4),(2,2),(0.,1.),(0.,1.),.PIECEWISE_BEZIER_KNOTS.);
#8001=B_SPLINE_SURFACE_WITH_KNOTS('',3,1,((#14997,#14998),(#14999,#15000),
(#15001,#15002),(#15003,#15004)),.SURF_OF_LINEAR_EXTRUSION.,.F.,.F.,.F.,
(4,4),(2,2),(0.,1.),(0.,1.),.PIECEWISE_BEZIER_KNOTS.);
#8002=B_SPLINE_SURFACE_WITH_KNOTS('',3,1,((#15014,#15015),(#15016,#15017),
(#15018,#15019),(#15020,#15021)),.SURF_OF_LINEAR_EXTRUSION.,.F.,.F.,.F.,
(4,4),(2,2),(0.,1.),(0.,1.),.PIECEWISE_BEZIER_KNOTS.);
#8003=B_SPLINE_SURFACE_WITH_KNOTS('',3,1,((#15043,#15044),(#15045,#15046),
(#15047,#15048),(#15049,#15050)),.SURF_OF_LINEAR_EXTRUSION.,.F.,.F.,.F.,
(4,4),(2,2),(0.,1.),(0.,1.),.PIECEWISE_BEZIER_KNOTS.);
#8004=B_SPLINE_SURFACE_WITH_KNOTS('',3,1,((#15060,#15061),(#15062,#15063),
(#15064,#15065),(#15066,#15067)),.SURF_OF_LINEAR_EXTRUSION.,.F.,.F.,.F.,
(4,4),(2,2),(0.,1.),(0.,1.),.PIECEWISE_BEZIER_KNOTS.);
#8005=B_SPLINE_SURFACE_WITH_KNOTS('',3,1,((#15077,#15078),(#15079,#15080),
(#15081,#15082),(#15083,#15084)),.SURF_OF_LINEAR_EXTRUSION.,.F.,.F.,.F.,
(4,4),(2,2),(0.,1.),(0.,1.),.PIECEWISE_BEZIER_KNOTS.);
#8006=B_SPLINE_SURFACE_WITH_KNOTS('',3,1,((#15112,#15113),(#15114,#15115),
(#15116,#15117),(#15118,#15119)),.SURF_OF_LINEAR_EXTRUSION.,.F.,.F.,.F.,
(4,4),(2,2),(0.,1.),(0.,1.),.PIECEWISE_BEZIER_KNOTS.);
#8007=B_SPLINE_SURFACE_WITH_KNOTS('',3,1,((#15129,#15130),(#15131,#15132),
(#15133,#15134),(#15135,#15136)),.SURF_OF_LINEAR_EXTRUSION.,.F.,.F.,.F.,
(4,4),(2,2),(0.,1.),(0.,1.),.PIECEWISE_BEZIER_KNOTS.);
#8008=B_SPLINE_SURFACE_WITH_KNOTS('',3,1,((#15146,#15147),(#15148,#15149),
(#15150,#15151),(#15152,#15153)),.SURF_OF_LINEAR_EXTRUSION.,.F.,.F.,.F.,
(4,4),(2,2),(0.,1.),(0.,1.),.PIECEWISE_BEZIER_KNOTS.);
#8009=B_SPLINE_SURFACE_WITH_KNOTS('',3,1,((#15160,#15161),(#15162,#15163),
(#15164,#15165),(#15166,#15167)),.SURF_OF_LINEAR_EXTRUSION.,.F.,.F.,.F.,
(4,4),(2,2),(0.,1.),(0.,1.),.PIECEWISE_BEZIER_KNOTS.);
#8010=ADVANCED_FACE('',(#7328),#7840,.F.);
#8011=ADVANCED_FACE('',(#7329),#350,.F.);
#8012=ADVANCED_FACE('',(#7330),#351,.F.);
#8013=ADVANCED_FACE('',(#7331),#352,.F.);
#8014=ADVANCED_FACE('',(#7332),#353,.F.);
#8015=ADVANCED_FACE('',(#7333),#354,.F.);
#8016=ADVANCED_FACE('',(#7334),#7841,.F.);
#8017=ADVANCED_FACE('',(#7335),#7842,.F.);
#8018=ADVANCED_FACE('',(#7336),#355,.F.);
#8019=ADVANCED_FACE('',(#7337),#356,.F.);
#8020=ADVANCED_FACE('',(#7338),#7843,.F.);
#8021=ADVANCED_FACE('',(#7339),#357,.F.);
#8022=ADVANCED_FACE('',(#7340),#358,.T.);
#8023=ADVANCED_FACE('',(#7341),#7844,.F.);
#8024=ADVANCED_FACE('',(#7342),#7845,.F.);
#8025=ADVANCED_FACE('',(#7343),#7846,.F.);
#8026=ADVANCED_FACE('',(#7344),#7847,.F.);
#8027=ADVANCED_FACE('',(#7345),#7848,.F.);
#8028=ADVANCED_FACE('',(#7346),#194,.T.);
#8029=ADVANCED_FACE('',(#7347),#7849,.F.);
#8030=ADVANCED_FACE('',(#7348),#7850,.F.);
#8031=ADVANCED_FACE('',(#7349),#359,.F.);
#8032=ADVANCED_FACE('',(#7350),#360,.T.);
#8033=ADVANCED_FACE('',(#7351),#361,.F.);
#8034=ADVANCED_FACE('',(#7352),#362,.F.);
#8035=ADVANCED_FACE('',(#7353),#363,.F.);
#8036=ADVANCED_FACE('',(#7354),#364,.F.);
#8037=ADVANCED_FACE('',(#7355),#365,.F.);
#8038=ADVANCED_FACE('',(#7356),#366,.F.);
#8039=ADVANCED_FACE('',(#7357),#367,.F.);
#8040=ADVANCED_FACE('',(#7358),#368,.F.);
#8041=ADVANCED_FACE('',(#7359),#369,.F.);
#8042=ADVANCED_FACE('',(#7360),#370,.F.);
#8043=ADVANCED_FACE('',(#7361),#371,.F.);
#8044=ADVANCED_FACE('',(#7362),#372,.F.);
#8045=ADVANCED_FACE('',(#7363),#373,.F.);
#8046=ADVANCED_FACE('',(#7364),#374,.F.);
#8047=ADVANCED_FACE('',(#7365),#375,.T.);
#8048=ADVANCED_FACE('',(#7366),#376,.F.);
#8049=ADVANCED_FACE('',(#7367),#377,.F.);
#8050=ADVANCED_FACE('',(#7368),#378,.F.);
#8051=ADVANCED_FACE('',(#7369),#379,.F.);
#8052=ADVANCED_FACE('',(#7370),#380,.F.);
#8053=ADVANCED_FACE('',(#7371),#381,.T.);
#8054=ADVANCED_FACE('',(#7372),#7851,.F.);
#8055=ADVANCED_FACE('',(#7373),#7852,.F.);
#8056=ADVANCED_FACE('',(#7374),#7853,.F.);
#8057=ADVANCED_FACE('',(#7375),#195,.F.);
#8058=ADVANCED_FACE('',(#7376),#7854,.F.);
#8059=ADVANCED_FACE('',(#7377),#7855,.F.);
#8060=ADVANCED_FACE('',(#7378),#7856,.F.);
#8061=ADVANCED_FACE('',(#7379),#7857,.F.);
#8062=ADVANCED_FACE('',(#7380),#196,.F.);
#8063=ADVANCED_FACE('',(#7381),#7858,.F.);
#8064=ADVANCED_FACE('',(#7382),#7859,.F.);
#8065=ADVANCED_FACE('',(#7383),#197,.T.);
#8066=ADVANCED_FACE('',(#7384),#7860,.F.);
#8067=ADVANCED_FACE('',(#7385),#7861,.F.);
#8068=ADVANCED_FACE('',(#7386),#198,.T.);
#8069=ADVANCED_FACE('',(#7387),#7862,.F.);
#8070=ADVANCED_FACE('',(#7388),#7863,.F.);
#8071=ADVANCED_FACE('',(#7389),#199,.T.);
#8072=ADVANCED_FACE('',(#7390),#7864,.F.);
#8073=ADVANCED_FACE('',(#7391),#7865,.F.);
#8074=ADVANCED_FACE('',(#7392),#200,.T.);
#8075=ADVANCED_FACE('',(#7393),#7866,.F.);
#8076=ADVANCED_FACE('',(#7394,#7395),#382,.F.);
#8077=ADVANCED_FACE('',(#7396,#7397),#383,.T.);
#8078=ADVANCED_FACE('',(#7398),#201,.F.);
#8079=ADVANCED_FACE('',(#7399),#7867,.F.);
#8080=ADVANCED_FACE('',(#7400),#7868,.F.);
#8081=ADVANCED_FACE('',(#7401),#202,.F.);
#8082=ADVANCED_FACE('',(#7402),#7869,.F.);
#8083=ADVANCED_FACE('',(#7403),#7870,.F.);
#8084=ADVANCED_FACE('',(#7404),#203,.F.);
#8085=ADVANCED_FACE('',(#7405),#7871,.F.);
#8086=ADVANCED_FACE('',(#7406),#7872,.F.);
#8087=ADVANCED_FACE('',(#7407),#204,.F.);
#8088=ADVANCED_FACE('',(#7408),#7873,.F.);
#8089=ADVANCED_FACE('',(#7409),#7874,.F.);
#8090=ADVANCED_FACE('',(#7410),#205,.T.);
#8091=ADVANCED_FACE('',(#7411),#7875,.F.);
#8092=ADVANCED_FACE('',(#7412),#7876,.F.);
#8093=ADVANCED_FACE('',(#7413),#7877,.F.);
#8094=ADVANCED_FACE('',(#7414),#7878,.F.);
#8095=ADVANCED_FACE('',(#7415),#7879,.F.);
#8096=ADVANCED_FACE('',(#7416),#384,.F.);
#8097=ADVANCED_FACE('',(#7417),#385,.F.);
#8098=ADVANCED_FACE('',(#7418),#386,.F.);
#8099=ADVANCED_FACE('',(#7419),#387,.F.);
#8100=ADVANCED_FACE('',(#7420),#388,.F.);
#8101=ADVANCED_FACE('',(#7421),#7880,.F.);
#8102=ADVANCED_FACE('',(#7422),#7881,.F.);
#8103=ADVANCED_FACE('',(#7423),#206,.T.);
#8104=ADVANCED_FACE('',(#7424),#7882,.F.);
#8105=ADVANCED_FACE('',(#7425),#7883,.F.);
#8106=ADVANCED_FACE('',(#7426,#7427),#389,.F.);
#8107=ADVANCED_FACE('',(#7428,#7429),#390,.T.);
#8108=ADVANCED_FACE('',(#7430),#7884,.F.);
#8109=ADVANCED_FACE('',(#7431),#7885,.F.);
#8110=ADVANCED_FACE('',(#7432),#7886,.F.);
#8111=ADVANCED_FACE('',(#7433),#207,.F.);
#8112=ADVANCED_FACE('',(#7434),#7887,.F.);
#8113=ADVANCED_FACE('',(#7435),#7888,.F.);
#8114=ADVANCED_FACE('',(#7436),#7889,.F.);
#8115=ADVANCED_FACE('',(#7437),#7890,.F.);
#8116=ADVANCED_FACE('',(#7438),#208,.F.);
#8117=ADVANCED_FACE('',(#7439),#7891,.F.);
#8118=ADVANCED_FACE('',(#7440),#7892,.F.);
#8119=ADVANCED_FACE('',(#7441),#209,.T.);
#8120=ADVANCED_FACE('',(#7442),#7893,.F.);
#8121=ADVANCED_FACE('',(#7443),#7894,.F.);
#8122=ADVANCED_FACE('',(#7444),#210,.T.);
#8123=ADVANCED_FACE('',(#7445),#7895,.F.);
#8124=ADVANCED_FACE('',(#7446),#7896,.F.);
#8125=ADVANCED_FACE('',(#7447),#211,.T.);
#8126=ADVANCED_FACE('',(#7448),#7897,.F.);
#8127=ADVANCED_FACE('',(#7449),#7898,.F.);
#8128=ADVANCED_FACE('',(#7450),#212,.T.);
#8129=ADVANCED_FACE('',(#7451),#7899,.F.);
#8130=ADVANCED_FACE('',(#7452,#7453),#391,.F.);
#8131=ADVANCED_FACE('',(#7454,#7455),#392,.T.);
#8132=ADVANCED_FACE('',(#7456),#393,.F.);
#8133=ADVANCED_FACE('',(#7457),#394,.F.);
#8134=ADVANCED_FACE('',(#7458),#395,.F.);
#8135=ADVANCED_FACE('',(#7459),#396,.F.);
#8136=ADVANCED_FACE('',(#7460),#397,.F.);
#8137=ADVANCED_FACE('',(#7461),#398,.T.);
#8138=ADVANCED_FACE('',(#7462),#7900,.F.);
#8139=ADVANCED_FACE('',(#7463),#213,.T.);
#8140=ADVANCED_FACE('',(#7464),#7901,.F.);
#8141=ADVANCED_FACE('',(#7465),#399,.F.);
#8142=ADVANCED_FACE('',(#7466),#400,.F.);
#8143=ADVANCED_FACE('',(#7467),#401,.F.);
#8144=ADVANCED_FACE('',(#7468),#402,.F.);
#8145=ADVANCED_FACE('',(#7469),#403,.F.);
#8146=ADVANCED_FACE('',(#7470),#404,.F.);
#8147=ADVANCED_FACE('',(#7471),#7902,.F.);
#8148=ADVANCED_FACE('',(#7472),#7903,.F.);
#8149=ADVANCED_FACE('',(#7473),#7904,.F.);
#8150=ADVANCED_FACE('',(#7474),#7905,.F.);
#8151=ADVANCED_FACE('',(#7475),#214,.F.);
#8152=ADVANCED_FACE('',(#7476),#405,.F.);
#8153=ADVANCED_FACE('',(#7477),#406,.F.);
#8154=ADVANCED_FACE('',(#7478),#407,.F.);
#8155=ADVANCED_FACE('',(#7479),#215,.T.);
#8156=ADVANCED_FACE('',(#7480),#7906,.F.);
#8157=ADVANCED_FACE('',(#7481),#408,.F.);
#8158=ADVANCED_FACE('',(#7482),#409,.T.);
#8159=ADVANCED_FACE('',(#7483),#410,.F.);
#8160=ADVANCED_FACE('',(#7484),#411,.F.);
#8161=ADVANCED_FACE('',(#7485),#412,.F.);
#8162=ADVANCED_FACE('',(#7486),#413,.F.);
#8163=ADVANCED_FACE('',(#7487),#414,.F.);
#8164=ADVANCED_FACE('',(#7488),#415,.T.);
#8165=ADVANCED_FACE('',(#7489),#416,.F.);
#8166=ADVANCED_FACE('',(#7490),#417,.F.);
#8167=ADVANCED_FACE('',(#7491),#418,.F.);
#8168=ADVANCED_FACE('',(#7492),#419,.F.);
#8169=ADVANCED_FACE('',(#7493),#420,.F.);
#8170=ADVANCED_FACE('',(#7494),#421,.T.);
#8171=ADVANCED_FACE('',(#7495,#7496,#7497,#7498,#7499,#7500,#7501,#7502,
#7503,#7504,#7505,#7506,#7507,#7508),#422,.F.);
#8172=ADVANCED_FACE('',(#7509,#7510,#7511,#7512),#423,.T.);
#8173=ADVANCED_FACE('',(#7513,#7514,#7515),#424,.T.);
#8174=ADVANCED_FACE('',(#7516,#7517),#425,.T.);
#8175=ADVANCED_FACE('',(#7518,#7519),#426,.T.);
#8176=ADVANCED_FACE('',(#7520,#7521),#427,.F.);
#8177=ADVANCED_FACE('',(#7522),#428,.F.);
#8178=ADVANCED_FACE('',(#7523),#429,.F.);
#8179=ADVANCED_FACE('',(#7524),#430,.F.);
#8180=ADVANCED_FACE('',(#7525),#431,.F.);
#8181=ADVANCED_FACE('',(#7526),#432,.T.);
#8182=ADVANCED_FACE('',(#7527,#7528),#433,.F.);
#8183=ADVANCED_FACE('',(#7529),#434,.F.);
#8184=ADVANCED_FACE('',(#7530),#435,.T.);
#8185=ADVANCED_FACE('',(#7531),#436,.F.);
#8186=ADVANCED_FACE('',(#7532),#437,.T.);
#8187=ADVANCED_FACE('',(#7533),#438,.T.);
#8188=ADVANCED_FACE('',(#7534),#439,.T.);
#8189=ADVANCED_FACE('',(#7535),#440,.T.);
#8190=ADVANCED_FACE('',(#7536),#441,.F.);
#8191=ADVANCED_FACE('',(#7537,#7538),#216,.F.);
#8192=ADVANCED_FACE('',(#7539,#7540),#442,.T.);
#8193=ADVANCED_FACE('',(#7541),#443,.F.);
#8194=ADVANCED_FACE('',(#7542),#444,.T.);
#8195=ADVANCED_FACE('',(#7543,#7544),#217,.F.);
#8196=ADVANCED_FACE('',(#7545),#445,.F.);
#8197=ADVANCED_FACE('',(#7546,#7547),#446,.T.);
#8198=ADVANCED_FACE('',(#7548),#447,.F.);
#8199=ADVANCED_FACE('',(#7549),#448,.F.);
#8200=ADVANCED_FACE('',(#7550),#449,.T.);
#8201=ADVANCED_FACE('',(#7551,#7552),#218,.F.);
#8202=ADVANCED_FACE('',(#7553),#450,.F.);
#8203=ADVANCED_FACE('',(#7554,#7555),#451,.T.);
#8204=ADVANCED_FACE('',(#7556),#452,.F.);
#8205=ADVANCED_FACE('',(#7557),#453,.T.);
#8206=ADVANCED_FACE('',(#7558),#454,.F.);
#8207=ADVANCED_FACE('',(#7559,#7560),#219,.F.);
#8208=ADVANCED_FACE('',(#7561,#7562),#455,.T.);
#8209=ADVANCED_FACE('',(#7563),#456,.F.);
#8210=ADVANCED_FACE('',(#7564),#457,.T.);
#8211=ADVANCED_FACE('',(#7565),#458,.T.);
#8212=ADVANCED_FACE('',(#7566),#459,.F.);
#8213=ADVANCED_FACE('',(#7567),#460,.F.);
#8214=ADVANCED_FACE('',(#7568),#461,.T.);
#8215=ADVANCED_FACE('',(#7569),#462,.F.);
#8216=ADVANCED_FACE('',(#7570),#463,.T.);
#8217=ADVANCED_FACE('',(#7571),#464,.F.);
#8218=ADVANCED_FACE('',(#7572),#465,.T.);
#8219=ADVANCED_FACE('',(#7573),#466,.F.);
#8220=ADVANCED_FACE('',(#7574),#467,.F.);
#8221=ADVANCED_FACE('',(#7575),#468,.T.);
#8222=ADVANCED_FACE('',(#7576),#469,.F.);
#8223=ADVANCED_FACE('',(#7577),#470,.T.);
#8224=ADVANCED_FACE('',(#7578),#471,.F.);
#8225=ADVANCED_FACE('',(#7579),#472,.F.);
#8226=ADVANCED_FACE('',(#7580),#473,.T.);
#8227=ADVANCED_FACE('',(#7581),#474,.T.);
#8228=ADVANCED_FACE('',(#7582),#475,.F.);
#8229=ADVANCED_FACE('',(#7583),#476,.F.);
#8230=ADVANCED_FACE('',(#7584),#477,.T.);
#8231=ADVANCED_FACE('',(#7585),#220,.T.);
#8232=ADVANCED_FACE('',(#7586),#221,.T.);
#8233=ADVANCED_FACE('',(#7587),#222,.T.);
#8234=ADVANCED_FACE('',(#7588),#223,.T.);
#8235=ADVANCED_FACE('',(#7589),#224,.T.);
#8236=ADVANCED_FACE('',(#7590),#10,.T.);
#8237=ADVANCED_FACE('',(#7591),#11,.T.);
#8238=ADVANCED_FACE('',(#7592),#225,.T.);
#8239=ADVANCED_FACE('',(#7593),#226,.T.);
#8240=ADVANCED_FACE('',(#7594),#12,.T.);
#8241=ADVANCED_FACE('',(#7595),#13,.T.);
#8242=ADVANCED_FACE('',(#7596),#227,.T.);
#8243=ADVANCED_FACE('',(#7597),#478,.F.);
#8244=ADVANCED_FACE('',(#7598),#479,.T.);
#8245=ADVANCED_FACE('',(#7599),#480,.F.);
#8246=ADVANCED_FACE('',(#7600),#481,.T.);
#8247=ADVANCED_FACE('',(#7601),#228,.T.);
#8248=ADVANCED_FACE('',(#7602),#14,.T.);
#8249=ADVANCED_FACE('',(#7603),#15,.T.);
#8250=ADVANCED_FACE('',(#7604),#229,.T.);
#8251=ADVANCED_FACE('',(#7605),#230,.T.);
#8252=ADVANCED_FACE('',(#7606),#16,.T.);
#8253=ADVANCED_FACE('',(#7607),#17,.T.);
#8254=ADVANCED_FACE('',(#7608),#231,.T.);
#8255=ADVANCED_FACE('',(#7609),#232,.T.);
#8256=ADVANCED_FACE('',(#7610),#18,.T.);
#8257=ADVANCED_FACE('',(#7611),#19,.T.);
#8258=ADVANCED_FACE('',(#7612),#233,.T.);
#8259=ADVANCED_FACE('',(#7613),#234,.T.);
#8260=ADVANCED_FACE('',(#7614),#20,.T.);
#8261=ADVANCED_FACE('',(#7615),#21,.T.);
#8262=ADVANCED_FACE('',(#7616),#235,.T.);
#8263=ADVANCED_FACE('',(#7617),#236,.T.);
#8264=ADVANCED_FACE('',(#7618),#22,.T.);
#8265=ADVANCED_FACE('',(#7619),#23,.T.);
#8266=ADVANCED_FACE('',(#7620),#237,.T.);
#8267=ADVANCED_FACE('',(#7621),#238,.T.);
#8268=ADVANCED_FACE('',(#7622),#24,.T.);
#8269=ADVANCED_FACE('',(#7623),#25,.T.);
#8270=ADVANCED_FACE('',(#7624),#239,.T.);
#8271=ADVANCED_FACE('',(#7625),#240,.T.);
#8272=ADVANCED_FACE('',(#7626),#7907,.T.);
#8273=ADVANCED_FACE('',(#7627),#7908,.T.);
#8274=ADVANCED_FACE('',(#7628),#241,.T.);
#8275=ADVANCED_FACE('',(#7629),#7909,.T.);
#8276=ADVANCED_FACE('',(#7630),#7910,.T.);
#8277=ADVANCED_FACE('',(#7631),#242,.T.);
#8278=ADVANCED_FACE('',(#7632),#7911,.T.);
#8279=ADVANCED_FACE('',(#7633),#7912,.T.);
#8280=ADVANCED_FACE('',(#7634),#243,.T.);
#8281=ADVANCED_FACE('',(#7635),#7913,.T.);
#8282=ADVANCED_FACE('',(#7636),#7914,.T.);
#8283=ADVANCED_FACE('',(#7637),#244,.F.);
#8284=ADVANCED_FACE('',(#7638),#7915,.T.);
#8285=ADVANCED_FACE('',(#7639),#7916,.T.);
#8286=ADVANCED_FACE('',(#7640),#7917,.T.);
#8287=ADVANCED_FACE('',(#7641),#7918,.T.);
#8288=ADVANCED_FACE('',(#7642),#7919,.T.);
#8289=ADVANCED_FACE('',(#7643),#482,.T.);
#8290=ADVANCED_FACE('',(#7644),#483,.T.);
#8291=ADVANCED_FACE('',(#7645),#484,.T.);
#8292=ADVANCED_FACE('',(#7646),#485,.T.);
#8293=ADVANCED_FACE('',(#7647),#486,.T.);
#8294=ADVANCED_FACE('',(#7648),#7920,.T.);
#8295=ADVANCED_FACE('',(#7649),#7921,.T.);
#8296=ADVANCED_FACE('',(#7650),#245,.F.);
#8297=ADVANCED_FACE('',(#7651),#7922,.T.);
#8298=ADVANCED_FACE('',(#7652),#7923,.T.);
#8299=ADVANCED_FACE('',(#7653,#7654),#487,.T.);
#8300=ADVANCED_FACE('',(#7655),#488,.T.);
#8301=ADVANCED_FACE('',(#7656),#489,.T.);
#8302=ADVANCED_FACE('',(#7657),#490,.T.);
#8303=ADVANCED_FACE('',(#7658),#491,.T.);
#8304=ADVANCED_FACE('',(#7659),#492,.T.);
#8305=ADVANCED_FACE('',(#7660),#7924,.T.);
#8306=ADVANCED_FACE('',(#7661),#7925,.T.);
#8307=ADVANCED_FACE('',(#7662),#7926,.T.);
#8308=ADVANCED_FACE('',(#7663),#7927,.T.);
#8309=ADVANCED_FACE('',(#7664),#7928,.T.);
#8310=ADVANCED_FACE('',(#7665),#246,.F.);
#8311=ADVANCED_FACE('',(#7666),#7929,.T.);
#8312=ADVANCED_FACE('',(#7667),#7930,.T.);
#8313=ADVANCED_FACE('',(#7668),#493,.T.);
#8314=ADVANCED_FACE('',(#7669),#494,.T.);
#8315=ADVANCED_FACE('',(#7670),#495,.T.);
#8316=ADVANCED_FACE('',(#7671),#496,.T.);
#8317=ADVANCED_FACE('',(#7672),#497,.T.);
#8318=ADVANCED_FACE('',(#7673),#498,.T.);
#8319=ADVANCED_FACE('',(#7674),#7931,.T.);
#8320=ADVANCED_FACE('',(#7675),#499,.T.);
#8321=ADVANCED_FACE('',(#7676),#500,.T.);
#8322=ADVANCED_FACE('',(#7677),#501,.T.);
#8323=ADVANCED_FACE('',(#7678),#502,.T.);
#8324=ADVANCED_FACE('',(#7679),#503,.T.);
#8325=ADVANCED_FACE('',(#7680),#7932,.T.);
#8326=ADVANCED_FACE('',(#7681),#7933,.T.);
#8327=ADVANCED_FACE('',(#7682),#504,.T.);
#8328=ADVANCED_FACE('',(#7683),#505,.T.);
#8329=ADVANCED_FACE('',(#7684),#7934,.T.);
#8330=ADVANCED_FACE('',(#7685),#506,.T.);
#8331=ADVANCED_FACE('',(#7686),#7935,.T.);
#8332=ADVANCED_FACE('',(#7687),#7936,.T.);
#8333=ADVANCED_FACE('',(#7688),#7937,.T.);
#8334=ADVANCED_FACE('',(#7689),#247,.T.);
#8335=ADVANCED_FACE('',(#7690),#7938,.T.);
#8336=ADVANCED_FACE('',(#7691),#7939,.T.);
#8337=ADVANCED_FACE('',(#7692),#7940,.T.);
#8338=ADVANCED_FACE('',(#7693),#7941,.T.);
#8339=ADVANCED_FACE('',(#7694),#248,.T.);
#8340=ADVANCED_FACE('',(#7695),#7942,.T.);
#8341=ADVANCED_FACE('',(#7696),#7943,.T.);
#8342=ADVANCED_FACE('',(#7697),#249,.F.);
#8343=ADVANCED_FACE('',(#7698),#7944,.T.);
#8344=ADVANCED_FACE('',(#7699),#7945,.T.);
#8345=ADVANCED_FACE('',(#7700),#250,.F.);
#8346=ADVANCED_FACE('',(#7701),#7946,.T.);
#8347=ADVANCED_FACE('',(#7702),#7947,.T.);
#8348=ADVANCED_FACE('',(#7703),#251,.F.);
#8349=ADVANCED_FACE('',(#7704),#7948,.T.);
#8350=ADVANCED_FACE('',(#7705),#7949,.T.);
#8351=ADVANCED_FACE('',(#7706),#252,.F.);
#8352=ADVANCED_FACE('',(#7707),#7950,.T.);
#8353=ADVANCED_FACE('',(#7708,#7709),#507,.T.);
#8354=ADVANCED_FACE('',(#7710),#508,.T.);
#8355=ADVANCED_FACE('',(#7711),#509,.T.);
#8356=ADVANCED_FACE('',(#7712),#510,.T.);
#8357=ADVANCED_FACE('',(#7713),#511,.T.);
#8358=ADVANCED_FACE('',(#7714),#512,.T.);
#8359=ADVANCED_FACE('',(#7715),#513,.T.);
#8360=ADVANCED_FACE('',(#7716),#514,.T.);
#8361=ADVANCED_FACE('',(#7717),#515,.T.);
#8362=ADVANCED_FACE('',(#7718),#516,.T.);
#8363=ADVANCED_FACE('',(#7719),#517,.T.);
#8364=ADVANCED_FACE('',(#7720),#518,.T.);
#8365=ADVANCED_FACE('',(#7721),#519,.T.);
#8366=ADVANCED_FACE('',(#7722),#520,.T.);
#8367=ADVANCED_FACE('',(#7723),#521,.T.);
#8368=ADVANCED_FACE('',(#7724),#7951,.T.);
#8369=ADVANCED_FACE('',(#7725),#7952,.T.);
#8370=ADVANCED_FACE('',(#7726),#7953,.T.);
#8371=ADVANCED_FACE('',(#7727),#253,.T.);
#8372=ADVANCED_FACE('',(#7728),#7954,.T.);
#8373=ADVANCED_FACE('',(#7729),#7955,.T.);
#8374=ADVANCED_FACE('',(#7730),#7956,.T.);
#8375=ADVANCED_FACE('',(#7731),#7957,.T.);
#8376=ADVANCED_FACE('',(#7732),#254,.T.);
#8377=ADVANCED_FACE('',(#7733),#7958,.T.);
#8378=ADVANCED_FACE('',(#7734),#7959,.T.);
#8379=ADVANCED_FACE('',(#7735),#255,.F.);
#8380=ADVANCED_FACE('',(#7736),#7960,.T.);
#8381=ADVANCED_FACE('',(#7737),#7961,.T.);
#8382=ADVANCED_FACE('',(#7738),#256,.F.);
#8383=ADVANCED_FACE('',(#7739),#7962,.T.);
#8384=ADVANCED_FACE('',(#7740),#7963,.T.);
#8385=ADVANCED_FACE('',(#7741),#257,.F.);
#8386=ADVANCED_FACE('',(#7742),#7964,.T.);
#8387=ADVANCED_FACE('',(#7743),#7965,.T.);
#8388=ADVANCED_FACE('',(#7744),#258,.F.);
#8389=ADVANCED_FACE('',(#7745),#7966,.T.);
#8390=ADVANCED_FACE('',(#7746,#7747),#522,.T.);
#8391=ADVANCED_FACE('',(#7748),#523,.T.);
#8392=ADVANCED_FACE('',(#7749),#524,.T.);
#8393=ADVANCED_FACE('',(#7750),#525,.T.);
#8394=ADVANCED_FACE('',(#7751),#526,.T.);
#8395=ADVANCED_FACE('',(#7752),#527,.T.);
#8396=ADVANCED_FACE('',(#7753),#528,.T.);
#8397=ADVANCED_FACE('',(#7754),#529,.T.);
#8398=ADVANCED_FACE('',(#7755),#530,.T.);
#8399=ADVANCED_FACE('',(#7756),#531,.T.);
#8400=ADVANCED_FACE('',(#7757),#532,.T.);
#8401=ADVANCED_FACE('',(#7758),#259,.T.);
#8402=ADVANCED_FACE('',(#7759),#533,.T.);
#8403=ADVANCED_FACE('',(#7760),#7967,.T.);
#8404=ADVANCED_FACE('',(#7761),#7968,.T.);
#8405=ADVANCED_FACE('',(#7762),#7969,.T.);
#8406=ADVANCED_FACE('',(#7763),#7970,.T.);
#8407=ADVANCED_FACE('',(#7764),#7971,.T.);
#8408=ADVANCED_FACE('',(#7765),#7972,.T.);
#8409=ADVANCED_FACE('',(#7766),#7973,.T.);
#8410=ADVANCED_FACE('',(#7767),#260,.F.);
#8411=ADVANCED_FACE('',(#7768),#7974,.T.);
#8412=ADVANCED_FACE('',(#7769),#7975,.T.);
#8413=ADVANCED_FACE('',(#7770),#7976,.T.);
#8414=ADVANCED_FACE('',(#7771),#7977,.T.);
#8415=ADVANCED_FACE('',(#7772),#534,.T.);
#8416=ADVANCED_FACE('',(#7773),#261,.T.);
#8417=ADVANCED_FACE('',(#7774),#7978,.T.);
#8418=ADVANCED_FACE('',(#7775),#7979,.T.);
#8419=ADVANCED_FACE('',(#7776),#7980,.T.);
#8420=ADVANCED_FACE('',(#7777),#262,.T.);
#8421=ADVANCED_FACE('',(#7778),#535,.T.);
#8422=ADVANCED_FACE('',(#7779),#263,.F.);
#8423=ADVANCED_FACE('',(#7780),#7981,.T.);
#8424=ADVANCED_FACE('',(#7781),#7982,.T.);
#8425=ADVANCED_FACE('',(#7782),#7983,.T.);
#8426=ADVANCED_FACE('',(#7783),#7984,.T.);
#8427=ADVANCED_FACE('',(#7784,#7785),#536,.T.);
#8428=ADVANCED_FACE('',(#7786),#7985,.T.);
#8429=ADVANCED_FACE('',(#7787),#264,.F.);
#8430=ADVANCED_FACE('',(#7788),#7986,.T.);
#8431=ADVANCED_FACE('',(#7789),#537,.T.);
#8432=ADVANCED_FACE('',(#7790),#538,.T.);
#8433=ADVANCED_FACE('',(#7791),#539,.T.);
#8434=ADVANCED_FACE('',(#7792),#540,.T.);
#8435=ADVANCED_FACE('',(#7793),#541,.T.);
#8436=ADVANCED_FACE('',(#7794),#542,.T.);
#8437=ADVANCED_FACE('',(#7795),#7987,.T.);
#8438=ADVANCED_FACE('',(#7796),#7988,.T.);
#8439=ADVANCED_FACE('',(#7797),#7989,.T.);
#8440=ADVANCED_FACE('',(#7798),#7990,.T.);
#8441=ADVANCED_FACE('',(#7799),#265,.T.);
#8442=ADVANCED_FACE('',(#7800),#543,.T.);
#8443=ADVANCED_FACE('',(#7801),#544,.T.);
#8444=ADVANCED_FACE('',(#7802),#545,.T.);
#8445=ADVANCED_FACE('',(#7803),#266,.F.);
#8446=ADVANCED_FACE('',(#7804),#7991,.T.);
#8447=ADVANCED_FACE('',(#7805),#546,.T.);
#8448=ADVANCED_FACE('',(#7806),#547,.F.);
#8449=ADVANCED_FACE('',(#7807),#548,.F.);
#8450=ADVANCED_FACE('',(#7808),#549,.F.);
#8451=ADVANCED_FACE('',(#7809),#550,.F.);
#8452=ADVANCED_FACE('',(#7810),#267,.F.);
#8453=ADVANCED_FACE('',(#7811),#551,.F.);
#8454=ADVANCED_FACE('',(#7812),#7992,.F.);
#8455=ADVANCED_FACE('',(#7813),#7993,.F.);
#8456=ADVANCED_FACE('',(#7814),#7994,.F.);
#8457=ADVANCED_FACE('',(#7815),#7995,.F.);
#8458=ADVANCED_FACE('',(#7816),#7996,.F.);
#8459=ADVANCED_FACE('',(#7817),#7997,.F.);
#8460=ADVANCED_FACE('',(#7818),#7998,.F.);
#8461=ADVANCED_FACE('',(#7819),#268,.T.);
#8462=ADVANCED_FACE('',(#7820),#7999,.F.);
#8463=ADVANCED_FACE('',(#7821),#8000,.F.);
#8464=ADVANCED_FACE('',(#7822),#8001,.F.);
#8465=ADVANCED_FACE('',(#7823),#8002,.F.);
#8466=ADVANCED_FACE('',(#7824),#552,.F.);
#8467=ADVANCED_FACE('',(#7825),#269,.F.);
#8468=ADVANCED_FACE('',(#7826),#8003,.F.);
#8469=ADVANCED_FACE('',(#7827),#8004,.F.);
#8470=ADVANCED_FACE('',(#7828),#8005,.F.);
#8471=ADVANCED_FACE('',(#7829),#270,.F.);
#8472=ADVANCED_FACE('',(#7830),#553,.F.);
#8473=ADVANCED_FACE('',(#7831),#271,.T.);
#8474=ADVANCED_FACE('',(#7832),#8006,.F.);
#8475=ADVANCED_FACE('',(#7833),#8007,.F.);
#8476=ADVANCED_FACE('',(#7834),#8008,.F.);
#8477=ADVANCED_FACE('',(#7835),#8009,.F.);
#8478=ADVANCED_FACE('',(#7836,#7837),#554,.F.);
#8479=ADVANCED_FACE('',(#7838,#7839),#555,.T.);
#8480=CLOSED_SHELL('',(#8010,#8011,#8012,#8013,#8014,#8015,#8016,#8017,
#8018,#8019,#8020,#8021,#8022));
#8481=CLOSED_SHELL('',(#8023,#8024,#8025,#8026,#8027,#8028,#8029,#8030,
#8031,#8032));
#8482=CLOSED_SHELL('',(#8033,#8034,#8035,#8036,#8037,#8038,#8039,#8040,
#8041,#8042,#8043,#8044,#8045,#8046,#8047));
#8483=CLOSED_SHELL('',(#8048,#8049,#8050,#8051,#8052,#8053));
#8484=CLOSED_SHELL('',(#8054,#8055,#8056,#8057,#8058,#8059,#8060,#8061,
#8062,#8063,#8064,#8065,#8066,#8067,#8068,#8069,#8070,#8071,#8072,#8073,
#8074,#8075,#8076,#8077));
#8485=CLOSED_SHELL('',(#8078,#8079,#8080,#8081,#8082,#8083,#8084,#8085,
#8086,#8087,#8088,#8089,#8090,#8091,#8092,#8093,#8094,#8095,#8096,#8097,
#8098,#8099,#8100,#8101,#8102,#8103,#8104,#8105,#8106,#8107));
#8486=CLOSED_SHELL('',(#8108,#8109,#8110,#8111,#8112,#8113,#8114,#8115,
#8116,#8117,#8118,#8119,#8120,#8121,#8122,#8123,#8124,#8125,#8126,#8127,
#8128,#8129,#8130,#8131));
#8487=CLOSED_SHELL('',(#8132,#8133,#8134,#8135,#8136,#8137));
#8488=CLOSED_SHELL('',(#8138,#8139,#8140,#8141,#8142,#8143,#8144,#8145,
#8146,#8147,#8148,#8149,#8150,#8151,#8152,#8153,#8154,#8155,#8156,#8157,
#8158));
#8489=CLOSED_SHELL('',(#8159,#8160,#8161,#8162,#8163,#8164));
#8490=CLOSED_SHELL('',(#8165,#8166,#8167,#8168,#8169,#8170));
#8491=CLOSED_SHELL('',(#8171,#8172,#8173,#8174,#8175,#8176,#8177,#8178,
#8179,#8180,#8181,#8182,#8183,#8184,#8185,#8186,#8187,#8188,#8189,#8190,
#8191,#8192,#8193,#8194,#8195,#8196,#8197,#8198,#8199,#8200,#8201,#8202,
#8203,#8204,#8205,#8206,#8207,#8208,#8209,#8210,#8211,#8212,#8213,#8214,
#8215,#8216,#8217,#8218,#8219,#8220,#8221,#8222,#8223,#8224,#8225,#8226,
#8227,#8228,#8229,#8230,#8231,#8232,#8233,#8234,#8235,#8236,#8237,#8238,
#8239,#8240,#8241,#8242,#8243,#8244,#8245,#8246,#8247,#8248,#8249,#8250,
#8251,#8252,#8253,#8254,#8255,#8256,#8257,#8258,#8259,#8260,#8261,#8262,
#8263,#8264,#8265,#8266,#8267,#8268,#8269,#8270,#8271,#8272,#8273,#8274,
#8275,#8276,#8277,#8278,#8279,#8280,#8281,#8282,#8283,#8284,#8285,#8286,
#8287,#8288,#8289,#8290,#8291,#8292,#8293,#8294,#8295,#8296,#8297,#8298,
#8299,#8300,#8301,#8302,#8303,#8304,#8305,#8306,#8307,#8308,#8309,#8310,
#8311,#8312,#8313,#8314,#8315,#8316,#8317,#8318,#8319,#8320,#8321,#8322,
#8323,#8324,#8325,#8326,#8327,#8328,#8329,#8330,#8331,#8332,#8333,#8334,
#8335,#8336,#8337,#8338,#8339,#8340,#8341,#8342,#8343,#8344,#8345,#8346,
#8347,#8348,#8349,#8350,#8351,#8352,#8353,#8354,#8355,#8356,#8357,#8358,
#8359,#8360,#8361,#8362,#8363,#8364,#8365,#8366,#8367,#8368,#8369,#8370,
#8371,#8372,#8373,#8374,#8375,#8376,#8377,#8378,#8379,#8380,#8381,#8382,
#8383,#8384,#8385,#8386,#8387,#8388,#8389,#8390,#8391,#8392,#8393,#8394,
#8395,#8396,#8397,#8398,#8399,#8400,#8401,#8402,#8403,#8404,#8405,#8406,
#8407,#8408,#8409,#8410,#8411,#8412,#8413,#8414,#8415,#8416,#8417,#8418,
#8419,#8420,#8421,#8422,#8423,#8424,#8425,#8426,#8427,#8428,#8429,#8430,
#8431,#8432,#8433,#8434,#8435,#8436,#8437,#8438,#8439,#8440,#8441,#8442,
#8443,#8444,#8445,#8446,#8447,#8448,#8449,#8450,#8451));
#8492=CLOSED_SHELL('',(#8452,#8453,#8454,#8455,#8456,#8457,#8458,#8459,
#8460,#8461,#8462,#8463,#8464,#8465,#8466,#8467,#8468,#8469,#8470,#8471,
#8472,#8473,#8474,#8475,#8476,#8477,#8478,#8479));
#8493=STYLED_ITEM('',(#8506),#8586);
#8494=STYLED_ITEM('',(#8507),#8587);
#8495=STYLED_ITEM('',(#8508),#8588);
#8496=STYLED_ITEM('',(#8509),#8589);
#8497=STYLED_ITEM('',(#8510),#8590);
#8498=STYLED_ITEM('',(#8511),#8591);
#8499=STYLED_ITEM('',(#8512),#8592);
#8500=STYLED_ITEM('',(#8513),#8593);
#8501=STYLED_ITEM('',(#8514),#8594);
#8502=STYLED_ITEM('',(#8515),#8595);
#8503=STYLED_ITEM('',(#8516),#8596);
#8504=STYLED_ITEM('',(#8517),#8597);
#8505=STYLED_ITEM('',(#8518),#8598);
#8506=PRESENTATION_STYLE_ASSIGNMENT((#8519));
#8507=PRESENTATION_STYLE_ASSIGNMENT((#8520));
#8508=PRESENTATION_STYLE_ASSIGNMENT((#8521));
#8509=PRESENTATION_STYLE_ASSIGNMENT((#8522));
#8510=PRESENTATION_STYLE_ASSIGNMENT((#8523));
#8511=PRESENTATION_STYLE_ASSIGNMENT((#8524));
#8512=PRESENTATION_STYLE_ASSIGNMENT((#8525));
#8513=PRESENTATION_STYLE_ASSIGNMENT((#8526));
#8514=PRESENTATION_STYLE_ASSIGNMENT((#8527));
#8515=PRESENTATION_STYLE_ASSIGNMENT((#8528));
#8516=PRESENTATION_STYLE_ASSIGNMENT((#8529));
#8517=PRESENTATION_STYLE_ASSIGNMENT((#8530));
#8518=PRESENTATION_STYLE_ASSIGNMENT((#8531));
#8519=SURFACE_STYLE_USAGE(.BOTH.,#8532);
#8520=SURFACE_STYLE_USAGE(.BOTH.,#8533);
#8521=SURFACE_STYLE_USAGE(.BOTH.,#8534);
#8522=SURFACE_STYLE_USAGE(.BOTH.,#8535);
#8523=SURFACE_STYLE_USAGE(.BOTH.,#8536);
#8524=SURFACE_STYLE_USAGE(.BOTH.,#8537);
#8525=SURFACE_STYLE_USAGE(.BOTH.,#8538);
#8526=SURFACE_STYLE_USAGE(.BOTH.,#8539);
#8527=SURFACE_STYLE_USAGE(.BOTH.,#8540);
#8528=SURFACE_STYLE_USAGE(.BOTH.,#8541);
#8529=SURFACE_STYLE_USAGE(.BOTH.,#8542);
#8530=SURFACE_STYLE_USAGE(.BOTH.,#8543);
#8531=SURFACE_STYLE_USAGE(.BOTH.,#8544);
#8532=SURFACE_SIDE_STYLE('',(#8545));
#8533=SURFACE_SIDE_STYLE('',(#8546));
#8534=SURFACE_SIDE_STYLE('',(#8547));
#8535=SURFACE_SIDE_STYLE('',(#8548));
#8536=SURFACE_SIDE_STYLE('',(#8549));
#8537=SURFACE_SIDE_STYLE('',(#8550));
#8538=SURFACE_SIDE_STYLE('',(#8551));
#8539=SURFACE_SIDE_STYLE('',(#8552));
#8540=SURFACE_SIDE_STYLE('',(#8553));
#8541=SURFACE_SIDE_STYLE('',(#8554));
#8542=SURFACE_SIDE_STYLE('',(#8555));
#8543=SURFACE_SIDE_STYLE('',(#8556));
#8544=SURFACE_SIDE_STYLE('',(#8557));
#8545=SURFACE_STYLE_FILL_AREA(#8558);
#8546=SURFACE_STYLE_FILL_AREA(#8559);
#8547=SURFACE_STYLE_FILL_AREA(#8560);
#8548=SURFACE_STYLE_FILL_AREA(#8561);
#8549=SURFACE_STYLE_FILL_AREA(#8562);
#8550=SURFACE_STYLE_FILL_AREA(#8563);
#8551=SURFACE_STYLE_FILL_AREA(#8564);
#8552=SURFACE_STYLE_FILL_AREA(#8565);
#8553=SURFACE_STYLE_FILL_AREA(#8566);
#8554=SURFACE_STYLE_FILL_AREA(#8567);
#8555=SURFACE_STYLE_FILL_AREA(#8568);
#8556=SURFACE_STYLE_FILL_AREA(#8569);
#8557=SURFACE_STYLE_FILL_AREA(#8570);
#8558=FILL_AREA_STYLE('',(#8571));
#8559=FILL_AREA_STYLE('',(#8572));
#8560=FILL_AREA_STYLE('',(#8573));
#8561=FILL_AREA_STYLE('',(#8574));
#8562=FILL_AREA_STYLE('',(#8575));
#8563=FILL_AREA_STYLE('',(#8576));
#8564=FILL_AREA_STYLE('',(#8577));
#8565=FILL_AREA_STYLE('',(#8578));
#8566=FILL_AREA_STYLE('',(#8579));
#8567=FILL_AREA_STYLE('',(#8580));
#8568=FILL_AREA_STYLE('',(#8581));
#8569=FILL_AREA_STYLE('',(#8582));
#8570=FILL_AREA_STYLE('',(#8583));
#8571=FILL_AREA_STYLE_COLOUR('',#8584);
#8572=FILL_AREA_STYLE_COLOUR('',#8584);
#8573=FILL_AREA_STYLE_COLOUR('',#8584);
#8574=FILL_AREA_STYLE_COLOUR('',#8584);
#8575=FILL_AREA_STYLE_COLOUR('',#8584);
#8576=FILL_AREA_STYLE_COLOUR('',#8584);
#8577=FILL_AREA_STYLE_COLOUR('',#8584);
#8578=FILL_AREA_STYLE_COLOUR('',#8584);
#8579=FILL_AREA_STYLE_COLOUR('',#8584);
#8580=FILL_AREA_STYLE_COLOUR('',#8584);
#8581=FILL_AREA_STYLE_COLOUR('',#8584);
#8582=FILL_AREA_STYLE_COLOUR('',#8585);
#8583=FILL_AREA_STYLE_COLOUR('',#8584);
#8584=COLOUR_RGB('',0.917647058823529,0.725490196078431,0.490196078431373);
#8585=COLOUR_RGB('',0.882352941176471,0.572549019607843,0.47843137254902);
#8586=MANIFOLD_SOLID_BREP('Part 10',#8480);
#8587=MANIFOLD_SOLID_BREP('Part 14',#8481);
#8588=MANIFOLD_SOLID_BREP('Part 8',#8482);
#8589=MANIFOLD_SOLID_BREP('Part 6',#8483);
#8590=MANIFOLD_SOLID_BREP('Part 9',#8484);
#8591=MANIFOLD_SOLID_BREP('Part 12',#8485);
#8592=MANIFOLD_SOLID_BREP('Part 7',#8486);
#8593=MANIFOLD_SOLID_BREP('Part 11',#8487);
#8594=MANIFOLD_SOLID_BREP('Part 3',#8488);
#8595=MANIFOLD_SOLID_BREP('Part 13',#8489);
#8596=MANIFOLD_SOLID_BREP('Part 5',#8490);
#8597=MANIFOLD_SOLID_BREP('Part 1',#8491);
#8598=MANIFOLD_SOLID_BREP('Part 4',#8492);
#8599=SHAPE_DEFINITION_REPRESENTATION(#15209,#8613);
#8600=SHAPE_DEFINITION_REPRESENTATION(#15210,#8614);
#8601=SHAPE_DEFINITION_REPRESENTATION(#15212,#8615);
#8602=SHAPE_DEFINITION_REPRESENTATION(#15214,#8616);
#8603=SHAPE_DEFINITION_REPRESENTATION(#15216,#8617);
#8604=SHAPE_DEFINITION_REPRESENTATION(#15218,#8618);
#8605=SHAPE_DEFINITION_REPRESENTATION(#15220,#8619);
#8606=SHAPE_DEFINITION_REPRESENTATION(#15222,#8620);
#8607=SHAPE_DEFINITION_REPRESENTATION(#15224,#8621);
#8608=SHAPE_DEFINITION_REPRESENTATION(#15226,#8622);
#8609=SHAPE_DEFINITION_REPRESENTATION(#15228,#8623);
#8610=SHAPE_DEFINITION_REPRESENTATION(#15230,#8624);
#8611=SHAPE_DEFINITION_REPRESENTATION(#15232,#8625);
#8612=SHAPE_DEFINITION_REPRESENTATION(#15234,#8626);
#8613=SHAPE_REPRESENTATION('Assembly 1',(#8627,#8637,#8643,#8659,#8666,
#8687,#8713,#8734,#8741,#8762,#8769,#8776,#9087,#9108),#15178);
#8614=SHAPE_REPRESENTATION('Part 10',(#8627),#15179);
#8615=SHAPE_REPRESENTATION('Part 14',(#8627),#15180);
#8616=SHAPE_REPRESENTATION('Part 8',(#8627),#15181);
#8617=SHAPE_REPRESENTATION('Part 6',(#8627),#15182);
#8618=SHAPE_REPRESENTATION('Part 9',(#8627),#15183);
#8619=SHAPE_REPRESENTATION('Part 12',(#8627),#15184);
#8620=SHAPE_REPRESENTATION('Part 7',(#8627),#15185);
#8621=SHAPE_REPRESENTATION('Part 11',(#8627),#15186);
#8622=SHAPE_REPRESENTATION('Part 3',(#8627),#15187);
#8623=SHAPE_REPRESENTATION('Part 13',(#8627),#15188);
#8624=SHAPE_REPRESENTATION('Part 5',(#8627),#15189);
#8625=SHAPE_REPRESENTATION('Part 1',(#8627),#15190);
#8626=SHAPE_REPRESENTATION('Part 4',(#8627),#15191);
#8627=AXIS2_PLACEMENT_3D('',#10791,#9109,#9110);
#8628=AXIS2_PLACEMENT_3D('',#10812,#9113,#9114);
#8629=AXIS2_PLACEMENT_3D('',#10818,#9118,#9119);
#8630=AXIS2_PLACEMENT_3D('',#10824,#9123,#9124);
#8631=AXIS2_PLACEMENT_3D('',#10830,#9128,#9129);
#8632=AXIS2_PLACEMENT_3D('',#10836,#9133,#9134);
#8633=AXIS2_PLACEMENT_3D('',#10876,#9140,#9141);
#8634=AXIS2_PLACEMENT_3D('',#10882,#9145,#9146);
#8635=AXIS2_PLACEMENT_3D('',#10902,#9150,#9151);
#8636=AXIS2_PLACEMENT_3D('',#10903,#9152,#9153);
#8637=AXIS2_PLACEMENT_3D('',#10904,#9154,#9155);
#8638=AXIS2_PLACEMENT_3D('',#10993,#9162,#9163);
#8639=AXIS2_PLACEMENT_3D('',#10994,#9164,#9165);
#8640=AXIS2_PLACEMENT_3D('',#10996,#9166,#9167);
#8641=AXIS2_PLACEMENT_3D('',#11030,#9170,#9171);
#8642=AXIS2_PLACEMENT_3D('',#11031,#9172,#9173);
#8643=AXIS2_PLACEMENT_3D('',#11032,#9174,#9175);
#8644=AXIS2_PLACEMENT_3D('',#11033,#9176,#9177);
#8645=AXIS2_PLACEMENT_3D('',#11042,#9182,#9183);
#8646=AXIS2_PLACEMENT_3D('',#11048,#9187,#9188);
#8647=AXIS2_PLACEMENT_3D('',#11054,#9192,#9193);
#8648=AXIS2_PLACEMENT_3D('',#11060,#9197,#9198);
#8649=AXIS2_PLACEMENT_3D('',#11066,#9202,#9203);
#8650=AXIS2_PLACEMENT_3D('',#11072,#9207,#9208);
#8651=AXIS2_PLACEMENT_3D('',#11078,#9212,#9213);
#8652=AXIS2_PLACEMENT_3D('',#11084,#9217,#9218);
#8653=AXIS2_PLACEMENT_3D('',#11090,#9222,#9223);
#8654=AXIS2_PLACEMENT_3D('',#11096,#9227,#9228);
#8655=AXIS2_PLACEMENT_3D('',#11102,#9232,#9233);
#8656=AXIS2_PLACEMENT_3D('',#11108,#9237,#9238);
#8657=AXIS2_PLACEMENT_3D('',#11111,#9241,#9242);
#8658=AXIS2_PLACEMENT_3D('',#11112,#9243,#9244);
#8659=AXIS2_PLACEMENT_3D('',#11113,#9245,#9246);
#8660=AXIS2_PLACEMENT_3D('',#11114,#9247,#9248);
#8661=AXIS2_PLACEMENT_3D('',#11123,#9253,#9254);
#8662=AXIS2_PLACEMENT_3D('',#11129,#9258,#9259);
#8663=AXIS2_PLACEMENT_3D('',#11135,#9263,#9264);
#8664=AXIS2_PLACEMENT_3D('',#11138,#9267,#9268);
#8665=AXIS2_PLACEMENT_3D('',#11139,#9269,#9270);
#8666=AXIS2_PLACEMENT_3D('',#11140,#9271,#9272);
#8667=AXIS2_PLACEMENT_3D('',#11195,#9277,#9278);
#8668=AXIS2_PLACEMENT_3D('',#11196,#9279,#9280);
#8669=AXIS2_PLACEMENT_3D('',#11198,#9281,#9282);
#8670=AXIS2_PLACEMENT_3D('',#11269,#9288,#9289);
#8671=AXIS2_PLACEMENT_3D('',#11270,#9290,#9291);
#8672=AXIS2_PLACEMENT_3D('',#11272,#9292,#9293);
#8673=AXIS2_PLACEMENT_3D('',#11312,#9298,#9299);
#8674=AXIS2_PLACEMENT_3D('',#11313,#9300,#9301);
#8675=AXIS2_PLACEMENT_3D('',#11315,#9302,#9303);
#8676=AXIS2_PLACEMENT_3D('',#11352,#9307,#9308);
#8677=AXIS2_PLACEMENT_3D('',#11353,#9309,#9310);
#8678=AXIS2_PLACEMENT_3D('',#11355,#9311,#9312);
#8679=AXIS2_PLACEMENT_3D('',#11392,#9316,#9317);
#8680=AXIS2_PLACEMENT_3D('',#11393,#9318,#9319);
#8681=AXIS2_PLACEMENT_3D('',#11395,#9320,#9321);
#8682=AXIS2_PLACEMENT_3D('',#11432,#9325,#9326);
#8683=AXIS2_PLACEMENT_3D('',#11433,#9327,#9328);
#8684=AXIS2_PLACEMENT_3D('',#11434,#9329,#9330);
#8685=AXIS2_PLACEMENT_3D('',#11449,#9331,#9332);
#8686=AXIS2_PLACEMENT_3D('',#11450,#9333,#9334);
#8687=AXIS2_PLACEMENT_3D('',#11451,#9335,#9336);
#8688=AXIS2_PLACEMENT_3D('',#11452,#9337,#9338);
#8689=AXIS2_PLACEMENT_3D('',#11453,#9339,#9340);
#8690=AXIS2_PLACEMENT_3D('',#11458,#9342,#9343);
#8691=AXIS2_PLACEMENT_3D('',#11495,#9347,#9348);
#8692=AXIS2_PLACEMENT_3D('',#11496,#9349,#9350);
#8693=AXIS2_PLACEMENT_3D('',#11498,#9351,#9352);
#8694=AXIS2_PLACEMENT_3D('',#11535,#9356,#9357);
#8695=AXIS2_PLACEMENT_3D('',#11536,#9358,#9359);
#8696=AXIS2_PLACEMENT_3D('',#11538,#9360,#9361);
#8697=AXIS2_PLACEMENT_3D('',#11575,#9365,#9366);
#8698=AXIS2_PLACEMENT_3D('',#11576,#9367,#9368);
#8699=AXIS2_PLACEMENT_3D('',#11578,#9369,#9370);
#8700=AXIS2_PLACEMENT_3D('',#11618,#9375,#9376);
#8701=AXIS2_PLACEMENT_3D('',#11619,#9377,#9378);
#8702=AXIS2_PLACEMENT_3D('',#11621,#9379,#9380);
#8703=AXIS2_PLACEMENT_3D('',#11709,#9387,#9388);
#8704=AXIS2_PLACEMENT_3D('',#11715,#9392,#9393);
#8705=AXIS2_PLACEMENT_3D('',#11721,#9397,#9398);
#8706=AXIS2_PLACEMENT_3D('',#11727,#9402,#9403);
#8707=AXIS2_PLACEMENT_3D('',#11733,#9407,#9408);
#8708=AXIS2_PLACEMENT_3D('',#11773,#9414,#9415);
#8709=AXIS2_PLACEMENT_3D('',#11774,#9416,#9417);
#8710=AXIS2_PLACEMENT_3D('',#11776,#9418,#9419);
#8711=AXIS2_PLACEMENT_3D('',#11807,#9421,#9422);
#8712=AXIS2_PLACEMENT_3D('',#11808,#9423,#9424);
#8713=AXIS2_PLACEMENT_3D('',#11809,#9425,#9426);
#8714=AXIS2_PLACEMENT_3D('',#11864,#9431,#9432);
#8715=AXIS2_PLACEMENT_3D('',#11865,#9433,#9434);
#8716=AXIS2_PLACEMENT_3D('',#11867,#9435,#9436);
#8717=AXIS2_PLACEMENT_3D('',#11938,#9442,#9443);
#8718=AXIS2_PLACEMENT_3D('',#11939,#9444,#9445);
#8719=AXIS2_PLACEMENT_3D('',#11941,#9446,#9447);
#8720=AXIS2_PLACEMENT_3D('',#11981,#9452,#9453);
#8721=AXIS2_PLACEMENT_3D('',#11982,#9454,#9455);
#8722=AXIS2_PLACEMENT_3D('',#11984,#9456,#9457);
#8723=AXIS2_PLACEMENT_3D('',#12021,#9461,#9462);
#8724=AXIS2_PLACEMENT_3D('',#12022,#9463,#9464);
#8725=AXIS2_PLACEMENT_3D('',#12024,#9465,#9466);
#8726=AXIS2_PLACEMENT_3D('',#12061,#9470,#9471);
#8727=AXIS2_PLACEMENT_3D('',#12062,#9472,#9473);
#8728=AXIS2_PLACEMENT_3D('',#12064,#9474,#9475);
#8729=AXIS2_PLACEMENT_3D('',#12101,#9479,#9480);
#8730=AXIS2_PLACEMENT_3D('',#12102,#9481,#9482);
#8731=AXIS2_PLACEMENT_3D('',#12103,#9483,#9484);
#8732=AXIS2_PLACEMENT_3D('',#12118,#9485,#9486);
#8733=AXIS2_PLACEMENT_3D('',#12119,#9487,#9488);
#8734=AXIS2_PLACEMENT_3D('',#12120,#9489,#9490);
#8735=AXIS2_PLACEMENT_3D('',#12121,#9491,#9492);
#8736=AXIS2_PLACEMENT_3D('',#12130,#9497,#9498);
#8737=AXIS2_PLACEMENT_3D('',#12136,#9502,#9503);
#8738=AXIS2_PLACEMENT_3D('',#12142,#9507,#9508);
#8739=AXIS2_PLACEMENT_3D('',#12145,#9511,#9512);
#8740=AXIS2_PLACEMENT_3D('',#12146,#9513,#9514);
#8741=AXIS2_PLACEMENT_3D('',#12147,#9515,#9516);
#8742=AXIS2_PLACEMENT_3D('',#12168,#9519,#9520);
#8743=AXIS2_PLACEMENT_3D('',#12169,#9521,#9522);
#8744=AXIS2_PLACEMENT_3D('',#12171,#9523,#9524);
#8745=AXIS2_PLACEMENT_3D('',#12191,#9527,#9528);
#8746=AXIS2_PLACEMENT_3D('',#12197,#9532,#9533);
#8747=AXIS2_PLACEMENT_3D('',#12203,#9537,#9538);
#8748=AXIS2_PLACEMENT_3D('',#12209,#9542,#9543);
#8749=AXIS2_PLACEMENT_3D('',#12215,#9547,#9548);
#8750=AXIS2_PLACEMENT_3D('',#12221,#9552,#9553);
#8751=AXIS2_PLACEMENT_3D('',#12295,#9561,#9562);
#8752=AXIS2_PLACEMENT_3D('',#12296,#9563,#9564);
#8753=AXIS2_PLACEMENT_3D('',#12298,#9565,#9566);
#8754=AXIS2_PLACEMENT_3D('',#12301,#9568,#9569);
#8755=AXIS2_PLACEMENT_3D('',#12307,#9573,#9574);
#8756=AXIS2_PLACEMENT_3D('',#12313,#9578,#9579);
#8757=AXIS2_PLACEMENT_3D('',#12319,#9583,#9584);
#8758=AXIS2_PLACEMENT_3D('',#12320,#9585,#9586);
#8759=AXIS2_PLACEMENT_3D('',#12322,#9587,#9588);
#8760=AXIS2_PLACEMENT_3D('',#12339,#9590,#9591);
#8761=AXIS2_PLACEMENT_3D('',#12340,#9592,#9593);
#8762=AXIS2_PLACEMENT_3D('',#12341,#9594,#9595);
#8763=AXIS2_PLACEMENT_3D('',#12342,#9596,#9597);
#8764=AXIS2_PLACEMENT_3D('',#12351,#9602,#9603);
#8765=AXIS2_PLACEMENT_3D('',#12357,#9607,#9608);
#8766=AXIS2_PLACEMENT_3D('',#12363,#9612,#9613);
#8767=AXIS2_PLACEMENT_3D('',#12366,#9616,#9617);
#8768=AXIS2_PLACEMENT_3D('',#12367,#9618,#9619);
#8769=AXIS2_PLACEMENT_3D('',#12368,#9620,#9621);
#8770=AXIS2_PLACEMENT_3D('',#12369,#9622,#9623);
#8771=AXIS2_PLACEMENT_3D('',#12378,#9628,#9629);
#8772=AXIS2_PLACEMENT_3D('',#12384,#9633,#9634);
#8773=AXIS2_PLACEMENT_3D('',#12390,#9638,#9639);
#8774=AXIS2_PLACEMENT_3D('',#12393,#9642,#9643);
#8775=AXIS2_PLACEMENT_3D('',#12394,#9644,#9645);
#8776=AXIS2_PLACEMENT_3D('',#12395,#9646,#9647);
#8777=AXIS2_PLACEMENT_3D('',#12396,#9648,#9649);
#8778=AXIS2_PLACEMENT_3D('',#12414,#9650,#9651);
#8779=AXIS2_PLACEMENT_3D('',#12418,#9653,#9654);
#8780=AXIS2_PLACEMENT_3D('',#12432,#9655,#9656);
#8781=AXIS2_PLACEMENT_3D('',#12452,#9658,#9659);
#8782=AXIS2_PLACEMENT_3D('',#12542,#9684,#9685);
#8783=AXIS2_PLACEMENT_3D('',#12568,#9686,#9687);
#8784=AXIS2_PLACEMENT_3D('',#12608,#9693,#9694);
#8785=AXIS2_PLACEMENT_3D('',#12646,#9711,#9712);
#8786=AXIS2_PLACEMENT_3D('',#12656,#9713,#9714);
#8787=AXIS2_PLACEMENT_3D('',#12666,#9715,#9716);
#8788=AXIS2_PLACEMENT_3D('',#12676,#9717,#9718);
#8789=AXIS2_PLACEMENT_3D('',#12686,#9719,#9720);
#8790=AXIS2_PLACEMENT_3D('',#12696,#9721,#9722);
#8791=AXIS2_PLACEMENT_3D('',#12706,#9723,#9724);
#8792=AXIS2_PLACEMENT_3D('',#12716,#9725,#9726);
#8793=AXIS2_PLACEMENT_3D('',#12738,#9731,#9732);
#8794=AXIS2_PLACEMENT_3D('',#12746,#9736,#9737);
#8795=AXIS2_PLACEMENT_3D('',#12780,#9744,#9745);
#8796=AXIS2_PLACEMENT_3D('',#12781,#9746,#9747);
#8797=AXIS2_PLACEMENT_3D('',#12782,#9748,#9749);
#8798=AXIS2_PLACEMENT_3D('',#12787,#9751,#9752);
#8799=AXIS2_PLACEMENT_3D('',#12791,#9754,#9755);
#8800=AXIS2_PLACEMENT_3D('',#12795,#9757,#9758);
#8801=AXIS2_PLACEMENT_3D('',#12803,#9763,#9764);
#8802=AXIS2_PLACEMENT_3D('',#12808,#9766,#9767);
#8803=AXIS2_PLACEMENT_3D('',#12812,#9769,#9770);
#8804=AXIS2_PLACEMENT_3D('',#12816,#9772,#9773);
#8805=AXIS2_PLACEMENT_3D('',#12819,#9775,#9776);
#8806=AXIS2_PLACEMENT_3D('',#12824,#9778,#9779);
#8807=AXIS2_PLACEMENT_3D('',#12828,#9781,#9782);
#8808=AXIS2_PLACEMENT_3D('',#12832,#9784,#9785);
#8809=AXIS2_PLACEMENT_3D('',#12835,#9787,#9788);
#8810=AXIS2_PLACEMENT_3D('',#12880,#9811,#9812);
#8811=AXIS2_PLACEMENT_3D('',#12897,#9821,#9822);
#8812=AXIS2_PLACEMENT_3D('',#12898,#9823,#9824);
#8813=AXIS2_PLACEMENT_3D('',#12903,#9826,#9827);
#8814=AXIS2_PLACEMENT_3D('',#12907,#9829,#9830);
#8815=AXIS2_PLACEMENT_3D('',#12911,#9832,#9833);
#8816=AXIS2_PLACEMENT_3D('',#12919,#9838,#9839);
#8817=AXIS2_PLACEMENT_3D('',#12941,#9851,#9852);
#8818=AXIS2_PLACEMENT_3D('',#12974,#9871,#9872);
#8819=AXIS2_PLACEMENT_3D('',#12986,#9880,#9881);
#8820=AXIS2_PLACEMENT_3D('',#12990,#9884,#9885);
#8821=AXIS2_PLACEMENT_3D('',#12993,#9888,#9889);
#8822=AXIS2_PLACEMENT_3D('',#13002,#9894,#9895);
#8823=AXIS2_PLACEMENT_3D('',#13011,#9901,#9902);
#8824=AXIS2_PLACEMENT_3D('',#13013,#9904,#9905);
#8825=AXIS2_PLACEMENT_3D('',#13015,#9907,#9908);
#8826=AXIS2_PLACEMENT_3D('',#13016,#9909,#9910);
#8827=AXIS2_PLACEMENT_3D('',#13018,#9912,#9913);
#8828=AXIS2_PLACEMENT_3D('',#13019,#9914,#9915);
#8829=AXIS2_PLACEMENT_3D('',#13023,#9918,#9919);
#8830=AXIS2_PLACEMENT_3D('',#13027,#9922,#9923);
#8831=AXIS2_PLACEMENT_3D('',#13029,#9925,#9926);
#8832=AXIS2_PLACEMENT_3D('',#13030,#9927,#9928);
#8833=AXIS2_PLACEMENT_3D('',#13032,#9929,#9930);
#8834=AXIS2_PLACEMENT_3D('',#13034,#9931,#9932);
#8835=AXIS2_PLACEMENT_3D('',#13035,#9933,#9934);
#8836=AXIS2_PLACEMENT_3D('',#13039,#9937,#9938);
#8837=AXIS2_PLACEMENT_3D('',#13043,#9941,#9942);
#8838=AXIS2_PLACEMENT_3D('',#13044,#9943,#9944);
#8839=AXIS2_PLACEMENT_3D('',#13046,#9945,#9946);
#8840=AXIS2_PLACEMENT_3D('',#13048,#9947,#9948);
#8841=AXIS2_PLACEMENT_3D('',#13050,#9950,#9951);
#8842=AXIS2_PLACEMENT_3D('',#13051,#9952,#9953);
#8843=AXIS2_PLACEMENT_3D('',#13052,#9954,#9955);
#8844=AXIS2_PLACEMENT_3D('',#13053,#9956,#9957);
#8845=AXIS2_PLACEMENT_3D('',#13057,#9960,#9961);
#8846=AXIS2_PLACEMENT_3D('',#13058,#9962,#9963);
#8847=AXIS2_PLACEMENT_3D('',#13060,#9964,#9965);
#8848=AXIS2_PLACEMENT_3D('',#13062,#9966,#9967);
#8849=AXIS2_PLACEMENT_3D('',#13064,#9969,#9970);
#8850=AXIS2_PLACEMENT_3D('',#13066,#9972,#9973);
#8851=AXIS2_PLACEMENT_3D('',#13067,#9974,#9975);
#8852=AXIS2_PLACEMENT_3D('',#13071,#9978,#9979);
#8853=AXIS2_PLACEMENT_3D('',#13073,#9981,#9982);
#8854=AXIS2_PLACEMENT_3D('',#13074,#9983,#9984);
#8855=AXIS2_PLACEMENT_3D('',#13076,#9985,#9986);
#8856=AXIS2_PLACEMENT_3D('',#13078,#9987,#9988);
#8857=AXIS2_PLACEMENT_3D('',#13079,#9989,#9990);
#8858=AXIS2_PLACEMENT_3D('',#13080,#9991,#9992);
#8859=AXIS2_PLACEMENT_3D('',#13086,#9996,#9997);
#8860=AXIS2_PLACEMENT_3D('',#13090,#10000,#10001);
#8861=AXIS2_PLACEMENT_3D('',#13094,#10004,#10005);
#8862=AXIS2_PLACEMENT_3D('',#13096,#10007,#10008);
#8863=AXIS2_PLACEMENT_3D('',#13102,#10012,#10013);
#8864=AXIS2_PLACEMENT_3D('',#13106,#10016,#10017);
#8865=AXIS2_PLACEMENT_3D('',#13110,#10020,#10021);
#8866=AXIS2_PLACEMENT_3D('',#13112,#10023,#10024);
#8867=AXIS2_PLACEMENT_3D('',#13118,#10028,#10029);
#8868=AXIS2_PLACEMENT_3D('',#13124,#10033,#10034);
#8869=AXIS2_PLACEMENT_3D('',#13130,#10038,#10039);
#8870=AXIS2_PLACEMENT_3D('',#13133,#10042,#10043);
#8871=AXIS2_PLACEMENT_3D('',#13134,#10044,#10045);
#8872=AXIS2_PLACEMENT_3D('',#13140,#10049,#10050);
#8873=AXIS2_PLACEMENT_3D('',#13144,#10053,#10054);
#8874=AXIS2_PLACEMENT_3D('',#13148,#10057,#10058);
#8875=AXIS2_PLACEMENT_3D('',#13150,#10060,#10061);
#8876=AXIS2_PLACEMENT_3D('',#13156,#10065,#10066);
#8877=AXIS2_PLACEMENT_3D('',#13160,#10069,#10070);
#8878=AXIS2_PLACEMENT_3D('',#13164,#10073,#10074);
#8879=AXIS2_PLACEMENT_3D('',#13166,#10076,#10077);
#8880=AXIS2_PLACEMENT_3D('',#13167,#10078,#10079);
#8881=AXIS2_PLACEMENT_3D('',#13168,#10080,#10081);
#8882=AXIS2_PLACEMENT_3D('',#13169,#10082,#10083);
#8883=AXIS2_PLACEMENT_3D('',#13170,#10084,#10085);
#8884=AXIS2_PLACEMENT_3D('',#13171,#10086,#10087);
#8885=AXIS2_PLACEMENT_3D('',#13172,#10088,#10089);
#8886=AXIS2_PLACEMENT_3D('',#13173,#10090,#10091);
#8887=AXIS2_PLACEMENT_3D('',#13174,#10092,#10093);
#8888=AXIS2_PLACEMENT_3D('',#13175,#10094,#10095);
#8889=AXIS2_PLACEMENT_3D('',#13176,#10096,#10097);
#8890=AXIS2_PLACEMENT_3D('',#13177,#10098,#10099);
#8891=AXIS2_PLACEMENT_3D('',#13178,#10100,#10101);
#8892=AXIS2_PLACEMENT_3D('',#13179,#10102,#10103);
#8893=AXIS2_PLACEMENT_3D('',#13180,#10104,#10105);
#8894=AXIS2_PLACEMENT_3D('',#13181,#10106,#10107);
#8895=AXIS2_PLACEMENT_3D('',#13182,#10108,#10109);
#8896=AXIS2_PLACEMENT_3D('',#13183,#10110,#10111);
#8897=AXIS2_PLACEMENT_3D('',#13184,#10112,#10113);
#8898=AXIS2_PLACEMENT_3D('',#13185,#10114,#10115);
#8899=AXIS2_PLACEMENT_3D('',#13186,#10116,#10117);
#8900=AXIS2_PLACEMENT_3D('',#13187,#10118,#10119);
#8901=AXIS2_PLACEMENT_3D('',#13188,#10120,#10121);
#8902=AXIS2_PLACEMENT_3D('',#13189,#10122,#10123);
#8903=AXIS2_PLACEMENT_3D('',#13190,#10124,#10125);
#8904=AXIS2_PLACEMENT_3D('',#13193,#10128,#10129);
#8905=AXIS2_PLACEMENT_3D('',#13195,#10131,#10132);
#8906=AXIS2_PLACEMENT_3D('',#13197,#10134,#10135);
#8907=AXIS2_PLACEMENT_3D('',#13198,#10136,#10137);
#8908=AXIS2_PLACEMENT_3D('',#13199,#10138,#10139);
#8909=AXIS2_PLACEMENT_3D('',#13200,#10140,#10141);
#8910=AXIS2_PLACEMENT_3D('',#13201,#10142,#10143);
#8911=AXIS2_PLACEMENT_3D('',#13202,#10144,#10145);
#8912=AXIS2_PLACEMENT_3D('',#13203,#10146,#10147);
#8913=AXIS2_PLACEMENT_3D('',#13204,#10148,#10149);
#8914=AXIS2_PLACEMENT_3D('',#13205,#10150,#10151);
#8915=AXIS2_PLACEMENT_3D('',#13206,#10152,#10153);
#8916=AXIS2_PLACEMENT_3D('',#13207,#10154,#10155);
#8917=AXIS2_PLACEMENT_3D('',#13208,#10156,#10157);
#8918=AXIS2_PLACEMENT_3D('',#13209,#10158,#10159);
#8919=AXIS2_PLACEMENT_3D('',#13210,#10160,#10161);
#8920=AXIS2_PLACEMENT_3D('',#13211,#10162,#10163);
#8921=AXIS2_PLACEMENT_3D('',#13212,#10164,#10165);
#8922=AXIS2_PLACEMENT_3D('',#13213,#10166,#10167);
#8923=AXIS2_PLACEMENT_3D('',#13214,#10168,#10169);
#8924=AXIS2_PLACEMENT_3D('',#13215,#10170,#10171);
#8925=AXIS2_PLACEMENT_3D('',#13216,#10172,#10173);
#8926=AXIS2_PLACEMENT_3D('',#13217,#10174,#10175);
#8927=AXIS2_PLACEMENT_3D('',#13218,#10176,#10177);
#8928=AXIS2_PLACEMENT_3D('',#13219,#10178,#10179);
#8929=AXIS2_PLACEMENT_3D('',#13220,#10180,#10181);
#8930=AXIS2_PLACEMENT_3D('',#13221,#10182,#10183);
#8931=AXIS2_PLACEMENT_3D('',#13222,#10184,#10185);
#8932=AXIS2_PLACEMENT_3D('',#13223,#10186,#10187);
#8933=AXIS2_PLACEMENT_3D('',#13224,#10188,#10189);
#8934=AXIS2_PLACEMENT_3D('',#13225,#10190,#10191);
#8935=AXIS2_PLACEMENT_3D('',#13226,#10192,#10193);
#8936=AXIS2_PLACEMENT_3D('',#13227,#10194,#10195);
#8937=AXIS2_PLACEMENT_3D('',#13228,#10196,#10197);
#8938=AXIS2_PLACEMENT_3D('',#13229,#10198,#10199);
#8939=AXIS2_PLACEMENT_3D('',#13230,#10200,#10201);
#8940=AXIS2_PLACEMENT_3D('',#13231,#10202,#10203);
#8941=AXIS2_PLACEMENT_3D('',#13232,#10204,#10205);
#8942=AXIS2_PLACEMENT_3D('',#13233,#10206,#10207);
#8943=AXIS2_PLACEMENT_3D('',#13234,#10208,#10209);
#8944=AXIS2_PLACEMENT_3D('',#13235,#10210,#10211);
#8945=AXIS2_PLACEMENT_3D('',#13236,#10212,#10213);
#8946=AXIS2_PLACEMENT_3D('',#13237,#10214,#10215);
#8947=AXIS2_PLACEMENT_3D('',#13238,#10216,#10217);
#8948=AXIS2_PLACEMENT_3D('',#13239,#10218,#10219);
#8949=AXIS2_PLACEMENT_3D('',#13240,#10220,#10221);
#8950=AXIS2_PLACEMENT_3D('',#13241,#10222,#10223);
#8951=AXIS2_PLACEMENT_3D('',#13242,#10224,#10225);
#8952=AXIS2_PLACEMENT_3D('',#13243,#10226,#10227);
#8953=AXIS2_PLACEMENT_3D('',#13244,#10228,#10229);
#8954=AXIS2_PLACEMENT_3D('',#13245,#10230,#10231);
#8955=AXIS2_PLACEMENT_3D('',#13246,#10232,#10233);
#8956=AXIS2_PLACEMENT_3D('',#13247,#10234,#10235);
#8957=AXIS2_PLACEMENT_3D('',#13252,#10237,#10238);
#8958=AXIS2_PLACEMENT_3D('',#13289,#10242,#10243);
#8959=AXIS2_PLACEMENT_3D('',#13290,#10244,#10245);
#8960=AXIS2_PLACEMENT_3D('',#13294,#10247,#10248);
#8961=AXIS2_PLACEMENT_3D('',#13329,#10251,#10252);
#8962=AXIS2_PLACEMENT_3D('',#13330,#10253,#10254);
#8963=AXIS2_PLACEMENT_3D('',#13334,#10256,#10257);
#8964=AXIS2_PLACEMENT_3D('',#13369,#10260,#10261);
#8965=AXIS2_PLACEMENT_3D('',#13370,#10262,#10263);
#8966=AXIS2_PLACEMENT_3D('',#13374,#10265,#10266);
#8967=AXIS2_PLACEMENT_3D('',#13407,#10270,#10271);
#8968=AXIS2_PLACEMENT_3D('',#13410,#10273,#10274);
#8969=AXIS2_PLACEMENT_3D('',#13476,#10280,#10281);
#8970=AXIS2_PLACEMENT_3D('',#13480,#10284,#10285);
#8971=AXIS2_PLACEMENT_3D('',#13484,#10288,#10289);
#8972=AXIS2_PLACEMENT_3D('',#13488,#10292,#10293);
#8973=AXIS2_PLACEMENT_3D('',#13492,#10296,#10297);
#8974=AXIS2_PLACEMENT_3D('',#13522,#10302,#10303);
#8975=AXIS2_PLACEMENT_3D('',#13525,#10305,#10306);
#8976=AXIS2_PLACEMENT_3D('',#13551,#10307,#10308);
#8977=AXIS2_PLACEMENT_3D('',#13552,#10309,#10310);
#8978=AXIS2_PLACEMENT_3D('',#13558,#10314,#10315);
#8979=AXIS2_PLACEMENT_3D('',#13562,#10318,#10319);
#8980=AXIS2_PLACEMENT_3D('',#13566,#10322,#10323);
#8981=AXIS2_PLACEMENT_3D('',#13568,#10325,#10326);
#8982=AXIS2_PLACEMENT_3D('',#13636,#10333,#10334);
#8983=AXIS2_PLACEMENT_3D('',#13639,#10336,#10337);
#8984=AXIS2_PLACEMENT_3D('',#13664,#10339,#10340);
#8985=AXIS2_PLACEMENT_3D('',#13665,#10341,#10342);
#8986=AXIS2_PLACEMENT_3D('',#13671,#10346,#10347);
#8987=AXIS2_PLACEMENT_3D('',#13675,#10350,#10351);
#8988=AXIS2_PLACEMENT_3D('',#13679,#10354,#10355);
#8989=AXIS2_PLACEMENT_3D('',#13681,#10357,#10358);
#8990=AXIS2_PLACEMENT_3D('',#13697,#10361,#10362);
#8991=AXIS2_PLACEMENT_3D('',#13701,#10365,#10366);
#8992=AXIS2_PLACEMENT_3D('',#13705,#10369,#10370);
#8993=AXIS2_PLACEMENT_3D('',#13709,#10373,#10374);
#8994=AXIS2_PLACEMENT_3D('',#13713,#10377,#10378);
#8995=AXIS2_PLACEMENT_3D('',#13743,#10383,#10384);
#8996=AXIS2_PLACEMENT_3D('',#13747,#10387,#10388);
#8997=AXIS2_PLACEMENT_3D('',#13762,#10391,#10392);
#8998=AXIS2_PLACEMENT_3D('',#13817,#10397,#10398);
#8999=AXIS2_PLACEMENT_3D('',#13818,#10399,#10400);
#9000=AXIS2_PLACEMENT_3D('',#13822,#10402,#10403);
#9001=AXIS2_PLACEMENT_3D('',#13891,#10408,#10409);
#9002=AXIS2_PLACEMENT_3D('',#13892,#10410,#10411);
#9003=AXIS2_PLACEMENT_3D('',#13896,#10413,#10414);
#9004=AXIS2_PLACEMENT_3D('',#13925,#10418,#10419);
#9005=AXIS2_PLACEMENT_3D('',#13928,#10421,#10422);
#9006=AXIS2_PLACEMENT_3D('',#13955,#10425,#10426);
#9007=AXIS2_PLACEMENT_3D('',#13958,#10428,#10429);
#9008=AXIS2_PLACEMENT_3D('',#13985,#10432,#10433);
#9009=AXIS2_PLACEMENT_3D('',#13988,#10435,#10436);
#9010=AXIS2_PLACEMENT_3D('',#14015,#10439,#10440);
#9011=AXIS2_PLACEMENT_3D('',#14016,#10441,#10442);
#9012=AXIS2_PLACEMENT_3D('',#14031,#10443,#10444);
#9013=AXIS2_PLACEMENT_3D('',#14032,#10445,#10446);
#9014=AXIS2_PLACEMENT_3D('',#14038,#10450,#10451);
#9015=AXIS2_PLACEMENT_3D('',#14042,#10454,#10455);
#9016=AXIS2_PLACEMENT_3D('',#14046,#10458,#10459);
#9017=AXIS2_PLACEMENT_3D('',#14050,#10462,#10463);
#9018=AXIS2_PLACEMENT_3D('',#14054,#10466,#10467);
#9019=AXIS2_PLACEMENT_3D('',#14058,#10470,#10471);
#9020=AXIS2_PLACEMENT_3D('',#14062,#10474,#10475);
#9021=AXIS2_PLACEMENT_3D('',#14066,#10478,#10479);
#9022=AXIS2_PLACEMENT_3D('',#14070,#10482,#10483);
#9023=AXIS2_PLACEMENT_3D('',#14074,#10486,#10487);
#9024=AXIS2_PLACEMENT_3D('',#14078,#10490,#10491);
#9025=AXIS2_PLACEMENT_3D('',#14082,#10494,#10495);
#9026=AXIS2_PLACEMENT_3D('',#14084,#10497,#10498);
#9027=AXIS2_PLACEMENT_3D('',#14139,#10503,#10504);
#9028=AXIS2_PLACEMENT_3D('',#14140,#10505,#10506);
#9029=AXIS2_PLACEMENT_3D('',#14144,#10508,#10509);
#9030=AXIS2_PLACEMENT_3D('',#14213,#10514,#10515);
#9031=AXIS2_PLACEMENT_3D('',#14214,#10516,#10517);
#9032=AXIS2_PLACEMENT_3D('',#14218,#10519,#10520);
#9033=AXIS2_PLACEMENT_3D('',#14247,#10524,#10525);
#9034=AXIS2_PLACEMENT_3D('',#14250,#10527,#10528);
#9035=AXIS2_PLACEMENT_3D('',#14277,#10531,#10532);
#9036=AXIS2_PLACEMENT_3D('',#14280,#10534,#10535);
#9037=AXIS2_PLACEMENT_3D('',#14307,#10538,#10539);
#9038=AXIS2_PLACEMENT_3D('',#14310,#10541,#10542);
#9039=AXIS2_PLACEMENT_3D('',#14337,#10545,#10546);
#9040=AXIS2_PLACEMENT_3D('',#14338,#10547,#10548);
#9041=AXIS2_PLACEMENT_3D('',#14353,#10549,#10550);
#9042=AXIS2_PLACEMENT_3D('',#14354,#10551,#10552);
#9043=AXIS2_PLACEMENT_3D('',#14360,#10556,#10557);
#9044=AXIS2_PLACEMENT_3D('',#14364,#10560,#10561);
#9045=AXIS2_PLACEMENT_3D('',#14368,#10564,#10565);
#9046=AXIS2_PLACEMENT_3D('',#14370,#10567,#10568);
#9047=AXIS2_PLACEMENT_3D('',#14371,#10569,#10570);
#9048=AXIS2_PLACEMENT_3D('',#14377,#10574,#10575);
#9049=AXIS2_PLACEMENT_3D('',#14381,#10578,#10579);
#9050=AXIS2_PLACEMENT_3D('',#14385,#10582,#10583);
#9051=AXIS2_PLACEMENT_3D('',#14387,#10585,#10586);
#9052=AXIS2_PLACEMENT_3D('',#14388,#10587,#10588);
#9053=AXIS2_PLACEMENT_3D('',#14389,#10589,#10590);
#9054=AXIS2_PLACEMENT_3D('',#14394,#10592,#10593);
#9055=AXIS2_PLACEMENT_3D('',#14397,#10595,#10596);
#9056=AXIS2_PLACEMENT_3D('',#14508,#10608,#10609);
#9057=AXIS2_PLACEMENT_3D('',#14511,#10611,#10612);
#9058=AXIS2_PLACEMENT_3D('',#14564,#10617,#10618);
#9059=AXIS2_PLACEMENT_3D('',#14568,#10621,#10622);
#9060=AXIS2_PLACEMENT_3D('',#14571,#10624,#10625);
#9061=AXIS2_PLACEMENT_3D('',#14611,#10629,#10630);
#9062=AXIS2_PLACEMENT_3D('',#14614,#10632,#10633);
#9063=AXIS2_PLACEMENT_3D('',#14615,#10634,#10635);
#9064=AXIS2_PLACEMENT_3D('',#14619,#10638,#10639);
#9065=AXIS2_PLACEMENT_3D('',#14622,#10641,#10642);
#9066=AXIS2_PLACEMENT_3D('',#14674,#10645,#10646);
#9067=AXIS2_PLACEMENT_3D('',#14690,#10649,#10650);
#9068=AXIS2_PLACEMENT_3D('',#14693,#10652,#10653);
#9069=AXIS2_PLACEMENT_3D('',#14707,#10655,#10656);
#9070=AXIS2_PLACEMENT_3D('',#14711,#10659,#10660);
#9071=AXIS2_PLACEMENT_3D('',#14715,#10663,#10664);
#9072=AXIS2_PLACEMENT_3D('',#14719,#10667,#10668);
#9073=AXIS2_PLACEMENT_3D('',#14723,#10671,#10672);
#9074=AXIS2_PLACEMENT_3D('',#14727,#10675,#10676);
#9075=AXIS2_PLACEMENT_3D('',#14783,#10683,#10684);
#9076=AXIS2_PLACEMENT_3D('',#14786,#10686,#10687);
#9077=AXIS2_PLACEMENT_3D('',#14787,#10688,#10689);
#9078=AXIS2_PLACEMENT_3D('',#14791,#10692,#10693);
#9079=AXIS2_PLACEMENT_3D('',#14795,#10696,#10697);
#9080=AXIS2_PLACEMENT_3D('',#14799,#10700,#10701);
#9081=AXIS2_PLACEMENT_3D('',#14802,#10703,#10704);
#9082=AXIS2_PLACEMENT_3D('',#14814,#10705,#10706);
#9083=AXIS2_PLACEMENT_3D('',#14815,#10707,#10708);
#9084=AXIS2_PLACEMENT_3D('',#14816,#10709,#10710);
#9085=AXIS2_PLACEMENT_3D('',#14817,#10711,#10712);
#9086=AXIS2_PLACEMENT_3D('',#14818,#10713,#10714);
#9087=AXIS2_PLACEMENT_3D('',#14819,#10715,#10716);
#9088=AXIS2_PLACEMENT_3D('',#14820,#10717,#10718);
#9089=AXIS2_PLACEMENT_3D('',#14821,#10719,#10720);
#9090=AXIS2_PLACEMENT_3D('',#14826,#10722,#10723);
#9091=AXIS2_PLACEMENT_3D('',#14829,#10725,#10726);
#9092=AXIS2_PLACEMENT_3D('',#14957,#10738,#10739);
#9093=AXIS2_PLACEMENT_3D('',#14958,#10740,#10741);
#9094=AXIS2_PLACEMENT_3D('',#14960,#10742,#10743);
#9095=AXIS2_PLACEMENT_3D('',#15031,#10749,#10750);
#9096=AXIS2_PLACEMENT_3D('',#15037,#10754,#10755);
#9097=AXIS2_PLACEMENT_3D('',#15038,#10756,#10757);
#9098=AXIS2_PLACEMENT_3D('',#15040,#10758,#10759);
#9099=AXIS2_PLACEMENT_3D('',#15094,#10764,#10765);
#9100=AXIS2_PLACEMENT_3D('',#15095,#10766,#10767);
#9101=AXIS2_PLACEMENT_3D('',#15097,#10768,#10769);
#9102=AXIS2_PLACEMENT_3D('',#15100,#10771,#10772);
#9103=AXIS2_PLACEMENT_3D('',#15106,#10776,#10777);
#9104=AXIS2_PLACEMENT_3D('',#15107,#10778,#10779);
#9105=AXIS2_PLACEMENT_3D('',#15109,#10780,#10781);
#9106=AXIS2_PLACEMENT_3D('',#15174,#10785,#10786);
#9107=AXIS2_PLACEMENT_3D('',#15175,#10787,#10788);
#9108=AXIS2_PLACEMENT_3D('',#15176,#10789,#10790);
#9109=DIRECTION('',(0.,0.,1.));
#9110=DIRECTION('',(1.,0.,0.));
#9111=DIRECTION('',(0.,0.,-1.));
#9112=DIRECTION('',(0.,0.,-1.));
#9113=DIRECTION('',(0.985124647149269,0.171841291833564,0.));
#9114=DIRECTION('',(-0.171841291833564,0.985124647149269,0.));
#9115=DIRECTION('',(0.171841291833564,-0.985124647149269,0.));
#9116=DIRECTION('',(0.171841291833564,-0.985124647149269,0.));
#9117=DIRECTION('',(0.,0.,-1.));
#9118=DIRECTION('',(0.,-1.,0.));
#9119=DIRECTION('',(0.,0.,-1.));
#9120=DIRECTION('',(-1.,0.,0.));
#9121=DIRECTION('',(-1.,0.,0.));
#9122=DIRECTION('',(0.,0.,-1.));
#9123=DIRECTION('',(-0.984681632233905,-0.174361931456303,0.));
#9124=DIRECTION('',(0.174361931456303,-0.984681632233905,0.));
#9125=DIRECTION('',(-0.174361931456303,0.984681632233905,0.));
#9126=DIRECTION('',(-0.174361931456303,0.984681632233905,0.));
#9127=DIRECTION('',(0.,0.,-1.));
#9128=DIRECTION('',(0.,1.,0.));
#9129=DIRECTION('',(0.,0.,1.));
#9130=DIRECTION('',(1.,0.,0.));
#9131=DIRECTION('',(1.,0.,0.));
#9132=DIRECTION('',(0.,0.,-1.));
#9133=DIRECTION('',(0.984564484897679,0.175022213099274,0.));
#9134=DIRECTION('',(-0.175022213099274,0.984564484897679,0.));
#9135=DIRECTION('',(0.175022213099274,-0.984564484897679,0.));
#9136=DIRECTION('',(0.175022213099274,-0.984564484897679,0.));
#9137=DIRECTION('',(0.,0.,-1.));
#9138=DIRECTION('',(0.,0.,-1.));
#9139=DIRECTION('',(0.,0.,-1.));
#9140=DIRECTION('',(0.,1.,0.));
#9141=DIRECTION('',(0.,0.,1.));
#9142=DIRECTION('',(1.,0.,0.));
#9143=DIRECTION('',(1.,0.,0.));
#9144=DIRECTION('',(0.,0.,-1.));
#9145=DIRECTION('',(0.983948400059995,0.178453204004233,0.));
#9146=DIRECTION('',(-0.178453204004233,0.983948400059995,0.));
#9147=DIRECTION('',(0.178453204004233,-0.983948400059995,0.));
#9148=DIRECTION('',(0.178453204004233,-0.983948400059995,0.));
#9149=DIRECTION('',(0.,0.,-1.));
#9150=DIRECTION('',(0.,0.,-1.));
#9151=DIRECTION('',(1.,0.,0.));
#9152=DIRECTION('',(0.,0.,-1.));
#9153=DIRECTION('',(1.,0.,0.));
#9154=DIRECTION('',(0.,0.,1.));
#9155=DIRECTION('',(1.,0.,0.));
#9156=DIRECTION('',(0.,0.,-1.));
#9157=DIRECTION('',(0.,0.,-1.));
#9158=DIRECTION('',(0.,0.,-1.));
#9159=DIRECTION('',(0.,0.,-1.));
#9160=DIRECTION('',(0.,0.,-1.));
#9161=DIRECTION('',(0.,0.,-1.));
#9162=DIRECTION('',(0.,0.,-1.));
#9163=DIRECTION('',(0.379884929054047,0.925033751101873,0.));
#9164=DIRECTION('',(0.,0.,-1.));
#9165=DIRECTION('',(-1.,0.,0.));
#9166=DIRECTION('',(0.,0.,-1.));
#9167=DIRECTION('',(-1.,0.,0.));
#9168=DIRECTION('',(0.,0.,-1.));
#9169=DIRECTION('',(0.,0.,-1.));
#9170=DIRECTION('',(0.,0.,-1.));
#9171=DIRECTION('',(1.,0.,0.));
#9172=DIRECTION('',(0.,0.,-1.));
#9173=DIRECTION('',(1.,0.,0.));
#9174=DIRECTION('',(0.,0.,1.));
#9175=DIRECTION('',(1.,0.,0.));
#9176=DIRECTION('',(0.898337188013972,0.439306608909028,0.));
#9177=DIRECTION('',(-0.439306608909028,0.898337188013972,0.));
#9178=DIRECTION('',(0.439306608909028,-0.898337188013972,0.));
#9179=DIRECTION('',(0.,0.,-1.));
#9180=DIRECTION('',(0.439306608909028,-0.898337188013972,0.));
#9181=DIRECTION('',(0.,0.,-1.));
#9182=DIRECTION('',(0.,-1.,0.));
#9183=DIRECTION('',(0.,0.,-1.));
#9184=DIRECTION('',(-1.,0.,0.));
#9185=DIRECTION('',(-1.,0.,0.));
#9186=DIRECTION('',(0.,0.,-1.));
#9187=DIRECTION('',(-0.912416955431609,-0.409261895906416,0.));
#9188=DIRECTION('',(0.409261895906416,-0.912416955431609,0.));
#9189=DIRECTION('',(-0.409261895906416,0.912416955431609,0.));
#9190=DIRECTION('',(-0.409261895906416,0.912416955431609,0.));
#9191=DIRECTION('',(0.,0.,-1.));
#9192=DIRECTION('',(0.993581848663627,-0.113115472001706,0.));
#9193=DIRECTION('',(0.113115472001706,0.993581848663628,0.));
#9194=DIRECTION('',(-0.113115472001706,-0.993581848663627,0.));
#9195=DIRECTION('',(-0.113115472001706,-0.993581848663627,0.));
#9196=DIRECTION('',(0.,0.,-1.));
#9197=DIRECTION('',(0.,-1.,0.));
#9198=DIRECTION('',(0.,0.,-1.));
#9199=DIRECTION('',(-1.,0.,0.));
#9200=DIRECTION('',(-1.,0.,0.));
#9201=DIRECTION('',(0.,0.,-1.));
#9202=DIRECTION('',(-0.905104165452048,-0.425189898376421,0.));
#9203=DIRECTION('',(0.425189898376421,-0.905104165452048,0.));
#9204=DIRECTION('',(-0.425189898376421,0.905104165452048,0.));
#9205=DIRECTION('',(-0.425189898376421,0.905104165452048,0.));
#9206=DIRECTION('',(0.,0.,-1.));
#9207=DIRECTION('',(0.995249100668526,-0.0973613250653993,0.));
#9208=DIRECTION('',(0.0973613250653993,0.995249100668526,0.));
#9209=DIRECTION('',(-0.0973613250653993,-0.995249100668526,0.));
#9210=DIRECTION('',(-0.0973613250653993,-0.995249100668526,0.));
#9211=DIRECTION('',(0.,0.,-1.));
#9212=DIRECTION('',(0.,-1.,0.));
#9213=DIRECTION('',(0.,0.,-1.));
#9214=DIRECTION('',(-1.,0.,0.));
#9215=DIRECTION('',(-1.,0.,0.));
#9216=DIRECTION('',(0.,0.,-1.));
#9217=DIRECTION('',(-0.990763000042733,0.13560485885957,0.));
#9218=DIRECTION('',(-0.13560485885957,-0.990763000042733,0.));
#9219=DIRECTION('',(0.13560485885957,0.990763000042733,0.));
#9220=DIRECTION('',(0.13560485885957,0.990763000042733,0.));
#9221=DIRECTION('',(0.,0.,-1.));
#9222=DIRECTION('',(0.,1.,0.));
#9223=DIRECTION('',(0.,0.,1.));
#9224=DIRECTION('',(1.,0.,0.));
#9225=DIRECTION('',(1.,0.,0.));
#9226=DIRECTION('',(0.,0.,-1.));
#9227=DIRECTION('',(0.900917509354945,0.433990370097867,0.));
#9228=DIRECTION('',(-0.433990370097867,0.900917509354945,0.));
#9229=DIRECTION('',(0.433990370097867,-0.900917509354945,0.));
#9230=DIRECTION('',(0.433990370097867,-0.900917509354945,0.));
#9231=DIRECTION('',(0.,0.,-1.));
#9232=DIRECTION('',(-0.992441183032707,0.122721221557809,0.));
#9233=DIRECTION('',(-0.122721221557809,-0.992441183032707,0.));
#9234=DIRECTION('',(0.122721221557809,0.992441183032707,0.));
#9235=DIRECTION('',(0.122721221557809,0.992441183032707,0.));
#9236=DIRECTION('',(0.,0.,-1.));
#9237=DIRECTION('',(0.,1.,0.));
#9238=DIRECTION('',(0.,0.,1.));
#9239=DIRECTION('',(1.,0.,0.));
#9240=DIRECTION('',(1.,0.,0.));
#9241=DIRECTION('',(0.,0.,-1.));
#9242=DIRECTION('',(1.,0.,0.));
#9243=DIRECTION('',(0.,0.,-1.));
#9244=DIRECTION('',(1.,0.,0.));
#9245=DIRECTION('',(0.,0.,1.));
#9246=DIRECTION('',(1.,0.,0.));
#9247=DIRECTION('',(0.984703916227141,0.174236039231069,0.));
#9248=DIRECTION('',(-0.174236039231069,0.984703916227141,0.));
#9249=DIRECTION('',(0.174236039231069,-0.984703916227141,0.));
#9250=DIRECTION('',(0.,0.,-1.));
#9251=DIRECTION('',(0.174236039231069,-0.984703916227141,0.));
#9252=DIRECTION('',(0.,0.,-1.));
#9253=DIRECTION('',(0.,-1.,0.));
#9254=DIRECTION('',(0.,0.,-1.));
#9255=DIRECTION('',(-1.,0.,0.));
#9256=DIRECTION('',(-1.,0.,0.));
#9257=DIRECTION('',(0.,0.,-1.));
#9258=DIRECTION('',(-0.984668224048181,-0.174437635130157,0.));
#9259=DIRECTION('',(0.174437635130157,-0.984668224048181,0.));
#9260=DIRECTION('',(-0.174437635130157,0.984668224048181,0.));
#9261=DIRECTION('',(-0.174437635130157,0.984668224048181,0.));
#9262=DIRECTION('',(0.,0.,-1.));
#9263=DIRECTION('',(0.,1.,0.));
#9264=DIRECTION('',(0.,0.,1.));
#9265=DIRECTION('',(1.,0.,0.));
#9266=DIRECTION('',(1.,0.,0.));
#9267=DIRECTION('',(0.,0.,-1.));
#9268=DIRECTION('',(1.,0.,0.));
#9269=DIRECTION('',(0.,0.,-1.));
#9270=DIRECTION('',(1.,0.,0.));
#9271=DIRECTION('',(0.,0.,1.));
#9272=DIRECTION('',(1.,0.,0.));
#9273=DIRECTION('',(0.,0.,-1.));
#9274=DIRECTION('',(0.,0.,-1.));
#9275=DIRECTION('',(0.,0.,-1.));
#9276=DIRECTION('',(0.,0.,-1.));
#9277=DIRECTION('',(0.,0.,-1.));
#9278=DIRECTION('',(0.976282460195887,0.216500711116307,0.));
#9279=DIRECTION('',(0.,0.,-1.));
#9280=DIRECTION('',(-1.,0.,0.));
#9281=DIRECTION('',(0.,0.,-1.));
#9282=DIRECTION('',(-1.,0.,0.));
#9283=DIRECTION('',(0.,0.,-1.));
#9284=DIRECTION('',(0.,0.,-1.));
#9285=DIRECTION('',(0.,0.,-1.));
#9286=DIRECTION('',(0.,0.,-1.));
#9287=DIRECTION('',(0.,0.,-1.));
#9288=DIRECTION('',(0.,0.,-1.));
#9289=DIRECTION('',(-0.973311009068118,-0.229490042543902,0.));
#9290=DIRECTION('',(0.,0.,-1.));
#9291=DIRECTION('',(-1.,0.,0.));
#9292=DIRECTION('',(0.,0.,-1.));
#9293=DIRECTION('',(-1.,0.,0.));
#9294=DIRECTION('',(0.,0.,-1.));
#9295=DIRECTION('',(0.,0.,-1.));
#9296=DIRECTION('',(0.,0.,-1.));
#9297=DIRECTION('',(0.,0.,-1.));
#9298=DIRECTION('',(0.,0.,-1.));
#9299=DIRECTION('',(-0.71288205712188,-0.70128394579776,0.));
#9300=DIRECTION('',(0.,0.,-1.));
#9301=DIRECTION('',(-1.,0.,0.));
#9302=DIRECTION('',(0.,0.,-1.));
#9303=DIRECTION('',(-1.,0.,0.));
#9304=DIRECTION('',(0.,0.,-1.));
#9305=DIRECTION('',(0.,0.,-1.));
#9306=DIRECTION('',(0.,0.,-1.));
#9307=DIRECTION('',(0.,0.,-1.));
#9308=DIRECTION('',(-0.694847100263939,0.719157498226081,0.));
#9309=DIRECTION('',(0.,0.,-1.));
#9310=DIRECTION('',(-1.,0.,0.));
#9311=DIRECTION('',(0.,0.,-1.));
#9312=DIRECTION('',(-1.,0.,0.));
#9313=DIRECTION('',(0.,0.,-1.));
#9314=DIRECTION('',(0.,0.,-1.));
#9315=DIRECTION('',(0.,0.,-1.));
#9316=DIRECTION('',(0.,0.,-1.));
#9317=DIRECTION('',(0.718445775476236,0.695582969673892,0.));
#9318=DIRECTION('',(0.,0.,-1.));
#9319=DIRECTION('',(-1.,0.,0.));
#9320=DIRECTION('',(0.,0.,-1.));
#9321=DIRECTION('',(-1.,0.,0.));
#9322=DIRECTION('',(0.,0.,-1.));
#9323=DIRECTION('',(0.,0.,-1.));
#9324=DIRECTION('',(0.,0.,-1.));
#9325=DIRECTION('',(0.,0.,-1.));
#9326=DIRECTION('',(0.700978822209994,-0.713182088118518,0.));
#9327=DIRECTION('',(0.,0.,-1.));
#9328=DIRECTION('',(-1.,0.,0.));
#9329=DIRECTION('',(0.,0.,-1.));
#9330=DIRECTION('',(-1.,0.,0.));
#9331=DIRECTION('',(0.,0.,-1.));
#9332=DIRECTION('',(1.,0.,0.));
#9333=DIRECTION('',(0.,0.,-1.));
#9334=DIRECTION('',(1.,0.,0.));
#9335=DIRECTION('',(0.,0.,1.));
#9336=DIRECTION('',(1.,0.,0.));
#9337=DIRECTION('',(0.,0.,-1.));
#9338=DIRECTION('',(-0.995775391009835,-0.0918224953876274,0.));
#9339=DIRECTION('',(0.,0.,-1.));
#9340=DIRECTION('',(-1.,0.,0.));
#9341=DIRECTION('',(0.,0.,-1.));
#9342=DIRECTION('',(0.,0.,-1.));
#9343=DIRECTION('',(-1.,0.,0.));
#9344=DIRECTION('',(0.,0.,-1.));
#9345=DIRECTION('',(0.,0.,-1.));
#9346=DIRECTION('',(0.,0.,-1.));
#9347=DIRECTION('',(0.,0.,-1.));
#9348=DIRECTION('',(-0.242639498112017,-0.970116525967859,0.));
#9349=DIRECTION('',(0.,0.,-1.));
#9350=DIRECTION('',(-1.,0.,0.));
#9351=DIRECTION('',(0.,0.,-1.));
#9352=DIRECTION('',(-1.,0.,0.));
#9353=DIRECTION('',(0.,0.,-1.));
#9354=DIRECTION('',(0.,0.,-1.));
#9355=DIRECTION('',(0.,0.,-1.));
#9356=DIRECTION('',(0.,0.,-1.));
#9357=DIRECTION('',(0.995887645746622,0.0905968931545114,0.));
#9358=DIRECTION('',(0.,0.,-1.));
#9359=DIRECTION('',(-1.,0.,0.));
#9360=DIRECTION('',(0.,0.,-1.));
#9361=DIRECTION('',(-1.,0.,0.));
#9362=DIRECTION('',(0.,0.,-1.));
#9363=DIRECTION('',(0.,0.,-1.));
#9364=DIRECTION('',(0.,0.,-1.));
#9365=DIRECTION('',(0.,0.,-1.));
#9366=DIRECTION('',(0.237740805150919,0.971328631085377,0.));
#9367=DIRECTION('',(0.,0.,-1.));
#9368=DIRECTION('',(-1.,0.,0.));
#9369=DIRECTION('',(0.,0.,-1.));
#9370=DIRECTION('',(-1.,0.,0.));
#9371=DIRECTION('',(0.,0.,-1.));
#9372=DIRECTION('',(0.,0.,-1.));
#9373=DIRECTION('',(0.,0.,-1.));
#9374=DIRECTION('',(0.,0.,-1.));
#9375=DIRECTION('',(0.,0.,-1.));
#9376=DIRECTION('',(0.995361248849071,0.0962080261184937,0.));
#9377=DIRECTION('',(0.,0.,-1.));
#9378=DIRECTION('',(-1.,0.,0.));
#9379=DIRECTION('',(0.,0.,-1.));
#9380=DIRECTION('',(-1.,0.,0.));
#9381=DIRECTION('',(0.,0.,-1.));
#9382=DIRECTION('',(0.,0.,-1.));
#9383=DIRECTION('',(0.,0.,-1.));
#9384=DIRECTION('',(0.,0.,-1.));
#9385=DIRECTION('',(0.,0.,-1.));
#9386=DIRECTION('',(0.,0.,-1.));
#9387=DIRECTION('',(-0.98329189807497,-0.182035829385654,0.));
#9388=DIRECTION('',(0.182035829385654,-0.98329189807497,0.));
#9389=DIRECTION('',(-0.182035829385654,0.98329189807497,0.));
#9390=DIRECTION('',(-0.182035829385654,0.98329189807497,0.));
#9391=DIRECTION('',(0.,0.,-1.));
#9392=DIRECTION('',(0.,1.,0.));
#9393=DIRECTION('',(0.,0.,1.));
#9394=DIRECTION('',(1.,0.,0.));
#9395=DIRECTION('',(1.,0.,0.));
#9396=DIRECTION('',(0.,0.,-1.));
#9397=DIRECTION('',(0.984668224048181,0.174437635130157,0.));
#9398=DIRECTION('',(-0.174437635130157,0.984668224048181,0.));
#9399=DIRECTION('',(0.174437635130157,-0.984668224048181,0.));
#9400=DIRECTION('',(0.174437635130157,-0.984668224048181,0.));
#9401=DIRECTION('',(0.,0.,-1.));
#9402=DIRECTION('',(0.,-1.,0.));
#9403=DIRECTION('',(0.,0.,-1.));
#9404=DIRECTION('',(-1.,0.,0.));
#9405=DIRECTION('',(-1.,0.,0.));
#9406=DIRECTION('',(0.,0.,-1.));
#9407=DIRECTION('',(-0.984831597486316,-0.17351289460023,0.));
#9408=DIRECTION('',(0.17351289460023,-0.984831597486316,0.));
#9409=DIRECTION('',(-0.17351289460023,0.984831597486316,0.));
#9410=DIRECTION('',(-0.17351289460023,0.984831597486316,0.));
#9411=DIRECTION('',(0.,0.,-1.));
#9412=DIRECTION('',(0.,0.,-1.));
#9413=DIRECTION('',(0.,0.,-1.));
#9414=DIRECTION('',(0.,0.,-1.));
#9415=DIRECTION('',(0.242039583446053,0.970266375819167,0.));
#9416=DIRECTION('',(0.,0.,-1.));
#9417=DIRECTION('',(-1.,0.,0.));
#9418=DIRECTION('',(0.,0.,-1.));
#9419=DIRECTION('',(-1.,0.,0.));
#9420=DIRECTION('',(0.,0.,-1.));
#9421=DIRECTION('',(0.,0.,-1.));
#9422=DIRECTION('',(1.,0.,0.));
#9423=DIRECTION('',(0.,0.,-1.));
#9424=DIRECTION('',(1.,0.,0.));
#9425=DIRECTION('',(0.,0.,1.));
#9426=DIRECTION('',(1.,0.,0.));
#9427=DIRECTION('',(0.,0.,-1.));
#9428=DIRECTION('',(0.,0.,-1.));
#9429=DIRECTION('',(0.,0.,-1.));
#9430=DIRECTION('',(0.,0.,-1.));
#9431=DIRECTION('',(0.,0.,-1.));
#9432=DIRECTION('',(0.97628246019589,0.21650071111629,0.));
#9433=DIRECTION('',(0.,0.,-1.));
#9434=DIRECTION('',(-1.,0.,0.));
#9435=DIRECTION('',(0.,0.,-1.));
#9436=DIRECTION('',(-1.,0.,0.));
#9437=DIRECTION('',(0.,0.,-1.));
#9438=DIRECTION('',(0.,0.,-1.));
#9439=DIRECTION('',(0.,0.,-1.));
#9440=DIRECTION('',(0.,0.,-1.));
#9441=DIRECTION('',(0.,0.,-1.));
#9442=DIRECTION('',(0.,0.,-1.));
#9443=DIRECTION('',(-0.973311009068118,-0.229490042543903,0.));
#9444=DIRECTION('',(0.,0.,-1.));
#9445=DIRECTION('',(-1.,0.,0.));
#9446=DIRECTION('',(0.,0.,-1.));
#9447=DIRECTION('',(-1.,0.,0.));
#9448=DIRECTION('',(0.,0.,-1.));
#9449=DIRECTION('',(0.,0.,-1.));
#9450=DIRECTION('',(0.,0.,-1.));
#9451=DIRECTION('',(0.,0.,-1.));
#9452=DIRECTION('',(0.,0.,-1.));
#9453=DIRECTION('',(-0.71288205712189,-0.70128394579775,0.));
#9454=DIRECTION('',(0.,0.,-1.));
#9455=DIRECTION('',(-1.,0.,0.));
#9456=DIRECTION('',(0.,0.,-1.));
#9457=DIRECTION('',(-1.,0.,0.));
#9458=DIRECTION('',(0.,0.,-1.));
#9459=DIRECTION('',(0.,0.,-1.));
#9460=DIRECTION('',(0.,0.,-1.));
#9461=DIRECTION('',(0.,0.,-1.));
#9462=DIRECTION('',(-0.69484710026397,0.719157498226051,0.));
#9463=DIRECTION('',(0.,0.,-1.));
#9464=DIRECTION('',(-1.,0.,0.));
#9465=DIRECTION('',(0.,0.,-1.));
#9466=DIRECTION('',(-1.,0.,0.));
#9467=DIRECTION('',(0.,0.,-1.));
#9468=DIRECTION('',(0.,0.,-1.));
#9469=DIRECTION('',(0.,0.,-1.));
#9470=DIRECTION('',(0.,0.,-1.));
#9471=DIRECTION('',(0.718445775476246,0.695582969673882,0.));
#9472=DIRECTION('',(0.,0.,-1.));
#9473=DIRECTION('',(-1.,0.,0.));
#9474=DIRECTION('',(0.,0.,-1.));
#9475=DIRECTION('',(-1.,0.,0.));
#9476=DIRECTION('',(0.,0.,-1.));
#9477=DIRECTION('',(0.,0.,-1.));
#9478=DIRECTION('',(0.,0.,-1.));
#9479=DIRECTION('',(0.,0.,-1.));
#9480=DIRECTION('',(0.700978822209976,-0.713182088118536,0.));
#9481=DIRECTION('',(0.,0.,-1.));
#9482=DIRECTION('',(-1.,0.,0.));
#9483=DIRECTION('',(0.,0.,-1.));
#9484=DIRECTION('',(-1.,0.,0.));
#9485=DIRECTION('',(0.,0.,-1.));
#9486=DIRECTION('',(1.,0.,0.));
#9487=DIRECTION('',(0.,0.,-1.));
#9488=DIRECTION('',(1.,0.,0.));
#9489=DIRECTION('',(0.,0.,1.));
#9490=DIRECTION('',(1.,0.,0.));
#9491=DIRECTION('',(0.984703916227141,0.174236039231071,0.));
#9492=DIRECTION('',(-0.174236039231071,0.984703916227141,0.));
#9493=DIRECTION('',(0.174236039231071,-0.984703916227141,0.));
#9494=DIRECTION('',(0.,0.,-1.));
#9495=DIRECTION('',(0.174236039231071,-0.984703916227141,0.));
#9496=DIRECTION('',(0.,0.,-1.));
#9497=DIRECTION('',(0.,-1.,0.));
#9498=DIRECTION('',(0.,0.,-1.));
#9499=DIRECTION('',(-1.,0.,0.));
#9500=DIRECTION('',(-1.,0.,0.));
#9501=DIRECTION('',(0.,0.,-1.));
#9502=DIRECTION('',(-0.984668224048181,-0.174437635130158,0.));
#9503=DIRECTION('',(0.174437635130158,-0.984668224048181,0.));
#9504=DIRECTION('',(-0.174437635130158,0.984668224048181,0.));
#9505=DIRECTION('',(-0.174437635130158,0.984668224048181,0.));
#9506=DIRECTION('',(0.,0.,-1.));
#9507=DIRECTION('',(0.,1.,0.));
#9508=DIRECTION('',(0.,0.,1.));
#9509=DIRECTION('',(1.,0.,0.));
#9510=DIRECTION('',(1.,0.,0.));
#9511=DIRECTION('',(0.,0.,-1.));
#9512=DIRECTION('',(1.,0.,0.));
#9513=DIRECTION('',(0.,0.,-1.));
#9514=DIRECTION('',(1.,0.,0.));
#9515=DIRECTION('',(0.,0.,1.));
#9516=DIRECTION('',(1.,0.,0.));
#9517=DIRECTION('',(0.,0.,-1.));
#9518=DIRECTION('',(0.,0.,-1.));
#9519=DIRECTION('',(0.,0.,-1.));
#9520=DIRECTION('',(0.208480200207259,0.978026587635296,0.));
#9521=DIRECTION('',(0.,0.,-1.));
#9522=DIRECTION('',(-1.,0.,0.));
#9523=DIRECTION('',(0.,0.,-1.));
#9524=DIRECTION('',(-1.,0.,0.));
#9525=DIRECTION('',(0.,0.,-1.));
#9526=DIRECTION('',(0.,0.,-1.));
#9527=DIRECTION('',(0.984686219059106,0.174336026096394,0.));
#9528=DIRECTION('',(-0.174336026096394,0.984686219059106,0.));
#9529=DIRECTION('',(0.174336026096394,-0.984686219059106,0.));
#9530=DIRECTION('',(0.174336026096394,-0.984686219059106,0.));
#9531=DIRECTION('',(0.,0.,-1.));
#9532=DIRECTION('',(0.,-1.,0.));
#9533=DIRECTION('',(0.,0.,-1.));
#9534=DIRECTION('',(-1.,0.,0.));
#9535=DIRECTION('',(-1.,0.,0.));
#9536=DIRECTION('',(0.,0.,-1.));
#9537=DIRECTION('',(-0.984668224048181,-0.174437635130157,0.));
#9538=DIRECTION('',(0.174437635130157,-0.984668224048181,0.));
#9539=DIRECTION('',(-0.174437635130157,0.984668224048181,0.));
#9540=DIRECTION('',(-0.174437635130157,0.984668224048181,0.));
#9541=DIRECTION('',(0.,0.,-1.));
#9542=DIRECTION('',(0.,1.,0.));
#9543=DIRECTION('',(0.,0.,1.));
#9544=DIRECTION('',(1.,0.,0.));
#9545=DIRECTION('',(1.,0.,0.));
#9546=DIRECTION('',(0.,0.,-1.));
#9547=DIRECTION('',(0.98473781716872,0.17404433756312,0.));
#9548=DIRECTION('',(-0.17404433756312,0.98473781716872,0.));
#9549=DIRECTION('',(0.17404433756312,-0.98473781716872,0.));
#9550=DIRECTION('',(0.17404433756312,-0.98473781716872,0.));
#9551=DIRECTION('',(0.,0.,-1.));
#9552=DIRECTION('',(-1.,0.,0.));
#9553=DIRECTION('',(0.,0.,1.));
#9554=DIRECTION('',(0.,1.,0.));
#9555=DIRECTION('',(0.,1.,0.));
#9556=DIRECTION('',(0.,0.,-1.));
#9557=DIRECTION('',(0.,0.,-1.));
#9558=DIRECTION('',(0.,0.,-1.));
#9559=DIRECTION('',(0.,0.,-1.));
#9560=DIRECTION('',(0.,0.,-1.));
#9561=DIRECTION('',(0.,0.,-1.));
#9562=DIRECTION('',(-0.995981148261025,-0.0895631191319854,0.));
#9563=DIRECTION('',(0.,0.,-1.));
#9564=DIRECTION('',(-1.,0.,0.));
#9565=DIRECTION('',(0.,0.,-1.));
#9566=DIRECTION('',(-1.,0.,0.));
#9567=DIRECTION('',(0.,0.,-1.));
#9568=DIRECTION('',(-0.98462326604664,-0.174691224621179,0.));
#9569=DIRECTION('',(0.174691224621179,-0.98462326604664,0.));
#9570=DIRECTION('',(-0.174691224621179,0.98462326604664,0.));
#9571=DIRECTION('',(-0.174691224621179,0.98462326604664,0.));
#9572=DIRECTION('',(0.,0.,-1.));
#9573=DIRECTION('',(0.,1.,0.));
#9574=DIRECTION('',(0.,0.,1.));
#9575=DIRECTION('',(1.,0.,0.));
#9576=DIRECTION('',(1.,0.,0.));
#9577=DIRECTION('',(0.,0.,-1.));
#9578=DIRECTION('',(0.984764368036932,0.173894046605458,0.));
#9579=DIRECTION('',(-0.173894046605458,0.984764368036932,0.));
#9580=DIRECTION('',(0.173894046605458,-0.984764368036932,0.));
#9581=DIRECTION('',(0.173894046605458,-0.984764368036932,0.));
#9582=DIRECTION('',(0.,0.,-1.));
#9583=DIRECTION('',(0.,0.,-1.));
#9584=DIRECTION('',(-0.996052846201873,-0.0887621967571051,0.));
#9585=DIRECTION('',(0.,0.,-1.));
#9586=DIRECTION('',(-1.,0.,0.));
#9587=DIRECTION('',(0.,0.,-1.));
#9588=DIRECTION('',(-1.,0.,0.));
#9589=DIRECTION('',(0.,0.,-1.));
#9590=DIRECTION('',(0.,0.,-1.));
#9591=DIRECTION('',(1.,0.,0.));
#9592=DIRECTION('',(0.,0.,-1.));
#9593=DIRECTION('',(1.,0.,0.));
#9594=DIRECTION('',(0.,0.,1.));
#9595=DIRECTION('',(1.,0.,0.));
#9596=DIRECTION('',(0.980932782633188,0.194347307559201,0.));
#9597=DIRECTION('',(-0.194347307559201,0.980932782633188,0.));
#9598=DIRECTION('',(0.194347307559201,-0.980932782633188,0.));
#9599=DIRECTION('',(0.,0.,-1.));
#9600=DIRECTION('',(0.194347307559201,-0.980932782633188,0.));
#9601=DIRECTION('',(0.,0.,-1.));
#9602=DIRECTION('',(0.,-1.,0.));
#9603=DIRECTION('',(0.,0.,-1.));
#9604=DIRECTION('',(-1.,0.,0.));
#9605=DIRECTION('',(-1.,0.,0.));
#9606=DIRECTION('',(0.,0.,-1.));
#9607=DIRECTION('',(-0.98805908306119,-0.154075463264856,0.));
#9608=DIRECTION('',(0.154075463264856,-0.98805908306119,0.));
#9609=DIRECTION('',(-0.154075463264856,0.98805908306119,0.));
#9610=DIRECTION('',(-0.154075463264856,0.98805908306119,0.));
#9611=DIRECTION('',(0.,0.,-1.));
#9612=DIRECTION('',(0.,1.,0.));
#9613=DIRECTION('',(0.,0.,1.));
#9614=DIRECTION('',(1.,0.,0.));
#9615=DIRECTION('',(1.,0.,0.));
#9616=DIRECTION('',(0.,0.,-1.));
#9617=DIRECTION('',(1.,0.,0.));
#9618=DIRECTION('',(0.,0.,-1.));
#9619=DIRECTION('',(1.,0.,0.));
#9620=DIRECTION('',(0.,0.,1.));
#9621=DIRECTION('',(1.,0.,0.));
#9622=DIRECTION('',(0.984703916227141,0.17423603923107,0.));
#9623=DIRECTION('',(-0.17423603923107,0.984703916227141,0.));
#9624=DIRECTION('',(0.17423603923107,-0.984703916227141,0.));
#9625=DIRECTION('',(0.,0.,-1.));
#9626=DIRECTION('',(0.17423603923107,-0.984703916227141,0.));
#9627=DIRECTION('',(0.,0.,-1.));
#9628=DIRECTION('',(0.,-1.,0.));
#9629=DIRECTION('',(0.,0.,-1.));
#9630=DIRECTION('',(-1.,0.,0.));
#9631=DIRECTION('',(-1.,0.,0.));
#9632=DIRECTION('',(0.,0.,-1.));
#9633=DIRECTION('',(-0.984668224048181,-0.174437635130157,0.));
#9634=DIRECTION('',(0.174437635130157,-0.984668224048181,0.));
#9635=DIRECTION('',(-0.174437635130157,0.984668224048181,0.));
#9636=DIRECTION('',(-0.174437635130157,0.984668224048181,0.));
#9637=DIRECTION('',(0.,0.,-1.));
#9638=DIRECTION('',(0.,1.,0.));
#9639=DIRECTION('',(0.,0.,1.));
#9640=DIRECTION('',(1.,0.,0.));
#9641=DIRECTION('',(1.,0.,0.));
#9642=DIRECTION('',(0.,0.,-1.));
#9643=DIRECTION('',(1.,0.,0.));
#9644=DIRECTION('',(0.,0.,-1.));
#9645=DIRECTION('',(1.,0.,0.));
#9646=DIRECTION('',(0.,0.,1.));
#9647=DIRECTION('',(1.,0.,0.));
#9648=DIRECTION('',(0.,0.,1.));
#9649=DIRECTION('',(1.,0.,0.));
#9650=DIRECTION('',(0.,0.,-1.));
#9651=DIRECTION('',(-1.,0.,0.));
#9652=DIRECTION('',(1.,0.,0.));
#9653=DIRECTION('',(0.,0.,-1.));
#9654=DIRECTION('',(-1.,0.,0.));
#9655=DIRECTION('',(0.,0.,-1.));
#9656=DIRECTION('',(-1.,0.,0.));
#9657=DIRECTION('',(-1.,0.,0.));
#9658=DIRECTION('',(0.,0.,-1.));
#9659=DIRECTION('',(-1.,0.,0.));
#9660=DIRECTION('',(0.174236039231069,-0.984703916227141,0.));
#9661=DIRECTION('',(1.,0.,0.));
#9662=DIRECTION('',(-0.174437635130157,0.984668224048181,0.));
#9663=DIRECTION('',(-1.,0.,0.));
#9664=DIRECTION('',(0.439306608909028,-0.898337188013972,0.));
#9665=DIRECTION('',(1.,0.,0.));
#9666=DIRECTION('',(0.122721221557809,0.992441183032707,0.));
#9667=DIRECTION('',(0.433990370097867,-0.900917509354945,0.));
#9668=DIRECTION('',(1.,0.,0.));
#9669=DIRECTION('',(0.13560485885957,0.990763000042733,0.));
#9670=DIRECTION('',(-1.,0.,0.));
#9671=DIRECTION('',(-0.0973613250653993,-0.995249100668526,0.));
#9672=DIRECTION('',(-0.425189898376421,0.905104165452048,0.));
#9673=DIRECTION('',(-1.,0.,0.));
#9674=DIRECTION('',(-0.113115472001706,-0.993581848663627,0.));
#9675=DIRECTION('',(-0.409261895906416,0.912416955431609,0.));
#9676=DIRECTION('',(-1.,0.,0.));
#9677=DIRECTION('',(0.178453204004233,-0.983948400059995,0.));
#9678=DIRECTION('',(1.,0.,0.));
#9679=DIRECTION('',(0.175022213099274,-0.984564484897679,0.));
#9680=DIRECTION('',(1.,0.,0.));
#9681=DIRECTION('',(-0.174361931456303,0.984681632233905,0.));
#9682=DIRECTION('',(-1.,0.,0.));
#9683=DIRECTION('',(0.171841291833564,-0.985124647149269,0.));
#9684=DIRECTION('',(0.,0.,-1.));
#9685=DIRECTION('',(-1.,0.,0.));
#9686=DIRECTION('',(0.,0.,-1.));
#9687=DIRECTION('',(-1.,0.,0.));
#9688=DIRECTION('',(-0.17351289460023,0.984831597486316,0.));
#9689=DIRECTION('',(-1.,0.,0.));
#9690=DIRECTION('',(0.174437635130157,-0.984668224048181,0.));
#9691=DIRECTION('',(1.,0.,0.));
#9692=DIRECTION('',(-0.182035829385654,0.98329189807497,0.));
#9693=DIRECTION('',(0.,0.,-1.));
#9694=DIRECTION('',(-1.,0.,0.));
#9695=DIRECTION('',(1.,0.,0.));
#9696=DIRECTION('',(0.,1.,0.));
#9697=DIRECTION('',(-1.,0.,0.));
#9698=DIRECTION('',(0.,-1.,0.));
#9699=DIRECTION('',(0.,1.,0.));
#9700=DIRECTION('',(1.,0.,0.));
#9701=DIRECTION('',(0.,1.,0.));
#9702=DIRECTION('',(1.,0.,0.));
#9703=DIRECTION('',(0.194347307559201,-0.980932782633188,0.));
#9704=DIRECTION('',(1.,0.,0.));
#9705=DIRECTION('',(-0.154075463264856,0.98805908306119,0.));
#9706=DIRECTION('',(-1.,0.,0.));
#9707=DIRECTION('',(0.174236039231071,-0.984703916227141,0.));
#9708=DIRECTION('',(1.,0.,0.));
#9709=DIRECTION('',(-0.174437635130158,0.984668224048181,0.));
#9710=DIRECTION('',(-1.,0.,0.));
#9711=DIRECTION('',(0.,0.,-1.));
#9712=DIRECTION('',(-1.,0.,0.));
#9713=DIRECTION('',(0.,0.,-1.));
#9714=DIRECTION('',(-1.,0.,0.));
#9715=DIRECTION('',(0.,0.,-1.));
#9716=DIRECTION('',(-1.,0.,0.));
#9717=DIRECTION('',(0.,0.,-1.));
#9718=DIRECTION('',(-1.,0.,0.));
#9719=DIRECTION('',(0.,0.,-1.));
#9720=DIRECTION('',(-1.,0.,0.));
#9721=DIRECTION('',(0.,0.,-1.));
#9722=DIRECTION('',(-1.,0.,0.));
#9723=DIRECTION('',(0.,0.,-1.));
#9724=DIRECTION('',(-1.,0.,0.));
#9725=DIRECTION('',(0.,0.,-1.));
#9726=DIRECTION('',(-1.,0.,0.));
#9727=DIRECTION('',(0.17423603923107,-0.984703916227141,0.));
#9728=DIRECTION('',(1.,0.,0.));
#9729=DIRECTION('',(-0.174437635130157,0.984668224048181,0.));
#9730=DIRECTION('',(-1.,0.,0.));
#9731=DIRECTION('',(0.,0.,-1.));
#9732=DIRECTION('',(-1.,0.,0.));
#9733=DIRECTION('',(0.173894046605458,-0.984764368036932,0.));
#9734=DIRECTION('',(1.,0.,0.));
#9735=DIRECTION('',(-0.174691224621179,0.98462326604664,0.));
#9736=DIRECTION('',(0.,0.,-1.));
#9737=DIRECTION('',(-1.,0.,0.));
#9738=DIRECTION('',(0.,1.,0.));
#9739=DIRECTION('',(0.17404433756312,-0.98473781716872,0.));
#9740=DIRECTION('',(1.,0.,0.));
#9741=DIRECTION('',(-0.174437635130157,0.984668224048181,0.));
#9742=DIRECTION('',(-1.,0.,0.));
#9743=DIRECTION('',(0.174336026096394,-0.984686219059106,0.));
#9744=DIRECTION('',(0.,0.,-1.));
#9745=DIRECTION('',(-1.,0.,0.));
#9746=DIRECTION('',(1.,0.,0.));
#9747=DIRECTION('',(0.,0.,-1.));
#9748=DIRECTION('',(1.,0.,0.));
#9749=DIRECTION('',(0.,0.,-1.));
#9750=DIRECTION('',(0.,4.33680868994202E-16,-1.));
#9751=DIRECTION('',(1.,0.,0.));
#9752=DIRECTION('',(0.,0.,-1.));
#9753=DIRECTION('',(0.,-1.,0.));
#9754=DIRECTION('',(1.,0.,0.));
#9755=DIRECTION('',(0.,0.,-1.));
#9756=DIRECTION('',(0.,0.,-1.));
#9757=DIRECTION('',(1.,0.,0.));
#9758=DIRECTION('',(0.,0.,-1.));
#9759=DIRECTION('',(0.,-1.,0.));
#9760=DIRECTION('',(0.,1.,0.));
#9761=DIRECTION('',(0.,0.,-1.));
#9762=DIRECTION('',(0.,0.,-1.));
#9763=DIRECTION('',(1.,0.,0.));
#9764=DIRECTION('',(0.,0.,-1.));
#9765=DIRECTION('',(0.,0.,-1.));
#9766=DIRECTION('',(1.,0.,0.));
#9767=DIRECTION('',(0.,0.,-1.));
#9768=DIRECTION('',(0.,-1.,0.));
#9769=DIRECTION('',(1.,0.,0.));
#9770=DIRECTION('',(0.,0.,-1.));
#9771=DIRECTION('',(0.,0.,-1.));
#9772=DIRECTION('',(1.,0.,0.));
#9773=DIRECTION('',(0.,0.,-1.));
#9774=DIRECTION('',(0.,-1.,0.));
#9775=DIRECTION('',(1.,0.,0.));
#9776=DIRECTION('',(0.,0.,-1.));
#9777=DIRECTION('',(0.,4.33680868994202E-16,-1.));
#9778=DIRECTION('',(1.,0.,0.));
#9779=DIRECTION('',(0.,0.,-1.));
#9780=DIRECTION('',(0.,-1.,0.));
#9781=DIRECTION('',(1.,0.,0.));
#9782=DIRECTION('',(0.,0.,-1.));
#9783=DIRECTION('',(0.,0.,-1.));
#9784=DIRECTION('',(1.,0.,0.));
#9785=DIRECTION('',(0.,0.,-1.));
#9786=DIRECTION('',(0.,-1.,0.));
#9787=DIRECTION('',(-1.,0.,0.));
#9788=DIRECTION('',(0.,0.,1.));
#9789=DIRECTION('',(0.,-1.,0.));
#9790=DIRECTION('',(0.,0.,-1.));
#9791=DIRECTION('',(0.,-1.,0.));
#9792=DIRECTION('',(0.,4.33680868994202E-16,-1.));
#9793=DIRECTION('',(0.,-1.,0.));
#9794=DIRECTION('',(0.,0.,-1.));
#9795=DIRECTION('',(0.,-1.,0.));
#9796=DIRECTION('',(0.,0.,-1.));
#9797=DIRECTION('',(0.,0.,-1.));
#9798=DIRECTION('',(0.,-1.,0.));
#9799=DIRECTION('',(0.,-9.71445146547013E-17,1.));
#9800=DIRECTION('',(0.,-1.,0.));
#9801=DIRECTION('',(0.,0.,-1.));
#9802=DIRECTION('',(0.,-1.,0.));
#9803=DIRECTION('',(0.,9.71445146547013E-17,-1.));
#9804=DIRECTION('',(0.,-1.,0.));
#9805=DIRECTION('',(0.,0.,-1.));
#9806=DIRECTION('',(0.,-1.,0.));
#9807=DIRECTION('',(0.,0.,-1.));
#9808=DIRECTION('',(0.,-1.,0.));
#9809=DIRECTION('',(0.,-9.71445146547013E-17,1.));
#9810=DIRECTION('',(0.,-1.,0.));
#9811=DIRECTION('',(0.,0.,-1.));
#9812=DIRECTION('',(-1.,0.,0.));
#9813=DIRECTION('',(1.,0.,0.));
#9814=DIRECTION('',(0.,-1.,0.));
#9815=DIRECTION('',(1.,0.,0.));
#9816=DIRECTION('',(0.,-1.,0.));
#9817=DIRECTION('',(1.,0.,0.));
#9818=DIRECTION('',(9.17843108982437E-17,-1.,0.));
#9819=DIRECTION('',(1.,0.,0.));
#9820=DIRECTION('',(0.,-1.,0.));
#9821=DIRECTION('',(0.,0.,1.));
#9822=DIRECTION('',(1.,0.,0.));
#9823=DIRECTION('',(0.,0.,1.));
#9824=DIRECTION('',(1.,0.,0.));
#9825=DIRECTION('',(0.,-1.,0.));
#9826=DIRECTION('',(0.,0.,1.));
#9827=DIRECTION('',(1.,0.,0.));
#9828=DIRECTION('',(1.,0.,0.));
#9829=DIRECTION('',(0.,0.,1.));
#9830=DIRECTION('',(1.,0.,0.));
#9831=DIRECTION('',(9.17843108982437E-17,-1.,0.));
#9832=DIRECTION('',(0.,0.,1.));
#9833=DIRECTION('',(1.,0.,0.));
#9834=DIRECTION('',(1.,0.,0.));
#9835=DIRECTION('',(0.,1.,0.));
#9836=DIRECTION('',(1.,0.,0.));
#9837=DIRECTION('',(1.,0.,0.));
#9838=DIRECTION('',(0.,0.,-1.));
#9839=DIRECTION('',(-1.,0.,0.));
#9840=DIRECTION('',(-1.,0.,0.));
#9841=DIRECTION('',(0.,-1.,0.));
#9842=DIRECTION('',(-1.,0.,0.));
#9843=DIRECTION('',(0.,-1.,0.));
#9844=DIRECTION('',(0.,-1.,0.));
#9845=DIRECTION('',(1.,0.,0.));
#9846=DIRECTION('',(0.,-1.,0.));
#9847=DIRECTION('',(1.,0.,0.));
#9848=DIRECTION('',(0.,-1.,0.));
#9849=DIRECTION('',(-1.,0.,0.));
#9850=DIRECTION('',(1.,0.,0.));
#9851=DIRECTION('',(0.,-1.,0.));
#9852=DIRECTION('',(1.,0.,0.));
#9853=DIRECTION('',(0.,0.,1.));
#9854=DIRECTION('',(1.,0.,0.));
#9855=DIRECTION('',(6.27138183661069E-17,0.,-1.));
#9856=DIRECTION('',(1.,0.,0.));
#9857=DIRECTION('',(0.,0.,-1.));
#9858=DIRECTION('',(1.,0.,0.));
#9859=DIRECTION('',(6.27138183661069E-17,0.,-1.));
#9860=DIRECTION('',(1.,0.,0.));
#9861=DIRECTION('',(0.,0.,-1.));
#9862=DIRECTION('',(1.,0.,0.));
#9863=DIRECTION('',(6.27138183661069E-17,0.,-1.));
#9864=DIRECTION('',(0.,0.,-1.));
#9865=DIRECTION('',(1.,0.,0.));
#9866=DIRECTION('',(-1.,0.,0.));
#9867=DIRECTION('',(0.,0.,-1.));
#9868=DIRECTION('',(-1.,0.,0.));
#9869=DIRECTION('',(-1.,0.,0.));
#9870=DIRECTION('',(0.,0.,1.));
#9871=DIRECTION('',(-1.,0.,-6.27138183661069E-17));
#9872=DIRECTION('',(-6.27138183661069E-17,0.,1.));
#9873=DIRECTION('',(0.,-9.71445146547013E-17,1.));
#9874=DIRECTION('',(6.27138183661069E-17,0.,-1.));
#9875=DIRECTION('',(0.,-1.,0.));
#9876=DIRECTION('',(0.,-1.,0.));
#9877=DIRECTION('',(0.,9.71445146547013E-17,-1.));
#9878=DIRECTION('',(0.,-1.,0.));
#9879=DIRECTION('',(0.,-1.,0.));
#9880=DIRECTION('',(-1.,0.,-6.27138183661069E-17));
#9881=DIRECTION('',(-6.27138183661069E-17,0.,1.));
#9882=DIRECTION('',(0.,-1.,0.));
#9883=DIRECTION('',(6.27138183661069E-17,0.,-1.));
#9884=DIRECTION('',(1.,0.,4.97201406674894E-17));
#9885=DIRECTION('',(4.97201406674894E-17,0.,-1.));
#9886=DIRECTION('',(4.97201406674894E-17,0.,-1.));
#9887=DIRECTION('',(4.97201406674895E-17,0.,-1.));
#9888=DIRECTION('',(0.,-1.,0.));
#9889=DIRECTION('',(1.,0.,0.));
#9890=DIRECTION('',(1.,0.,0.));
#9891=DIRECTION('',(4.97201406674894E-17,0.,-1.));
#9892=DIRECTION('',(1.,0.,0.));
#9893=DIRECTION('',(0.,0.,-1.));
#9894=DIRECTION('',(0.,-1.,0.));
#9895=DIRECTION('',(1.,0.,0.));
#9896=DIRECTION('',(1.,0.,0.));
#9897=DIRECTION('',(0.,0.,-1.));
#9898=DIRECTION('',(1.,0.,0.));
#9899=DIRECTION('',(1.,0.,0.));
#9900=DIRECTION('',(0.,0.,-1.));
#9901=DIRECTION('',(0.,0.,-1.));
#9902=DIRECTION('',(-1.,0.,0.));
#9903=DIRECTION('',(0.,-1.,0.));
#9904=DIRECTION('',(0.,0.,-1.));
#9905=DIRECTION('',(-1.,0.,0.));
#9906=DIRECTION('',(0.,-1.,0.));
#9907=DIRECTION('',(-1.,0.,0.));
#9908=DIRECTION('',(0.,0.,1.));
#9909=DIRECTION('',(-1.,0.,0.));
#9910=DIRECTION('',(0.,0.,1.));
#9911=DIRECTION('',(0.,-1.,0.));
#9912=DIRECTION('',(0.,0.,-1.));
#9913=DIRECTION('',(-1.,0.,0.));
#9914=DIRECTION('',(0.,0.,1.));
#9915=DIRECTION('',(1.,0.,0.));
#9916=DIRECTION('',(-1.,0.,0.));
#9917=DIRECTION('',(0.,-1.,0.));
#9918=DIRECTION('',(-1.,0.,0.));
#9919=DIRECTION('',(0.,0.,1.));
#9920=DIRECTION('',(0.,9.71445146547013E-17,-1.));
#9921=DIRECTION('',(0.,-1.,0.));
#9922=DIRECTION('',(0.,0.,1.));
#9923=DIRECTION('',(1.,0.,0.));
#9924=DIRECTION('',(-1.,0.,0.));
#9925=DIRECTION('',(0.,-1.,0.));
#9926=DIRECTION('',(0.,0.,-1.));
#9927=DIRECTION('',(0.,-1.,0.));
#9928=DIRECTION('',(0.,0.,-1.));
#9929=DIRECTION('',(0.,1.,9.71445146547012E-17));
#9930=DIRECTION('',(0.,-9.71445146547013E-17,1.));
#9931=DIRECTION('',(0.,1.,9.71445146547012E-17));
#9932=DIRECTION('',(1.,0.,0.));
#9933=DIRECTION('',(0.,0.,-1.));
#9934=DIRECTION('',(-1.,0.,0.));
#9935=DIRECTION('',(1.,0.,0.));
#9936=DIRECTION('',(0.,-1.,0.));
#9937=DIRECTION('',(0.,0.,-1.));
#9938=DIRECTION('',(-1.,0.,0.));
#9939=DIRECTION('',(1.,0.,0.));
#9940=DIRECTION('',(0.,-1.,0.));
#9941=DIRECTION('',(0.,-1.,0.));
#9942=DIRECTION('',(0.,0.,-1.));
#9943=DIRECTION('',(0.,-1.,0.));
#9944=DIRECTION('',(0.,0.,-1.));
#9945=DIRECTION('',(0.,1.,9.71445146547012E-17));
#9946=DIRECTION('',(0.,-9.71445146547013E-17,1.));
#9947=DIRECTION('',(-1.,0.,0.));
#9948=DIRECTION('',(0.,0.,1.));
#9949=DIRECTION('',(0.,9.71445146547013E-17,-1.));
#9950=DIRECTION('',(0.,1.,9.71445146547012E-17));
#9951=DIRECTION('',(1.,0.,0.));
#9952=DIRECTION('',(0.,-1.,0.));
#9953=DIRECTION('',(1.,0.,0.));
#9954=DIRECTION('',(0.,-1.,0.));
#9955=DIRECTION('',(1.,0.,0.));
#9956=DIRECTION('',(0.,0.,1.));
#9957=DIRECTION('',(1.,0.,0.));
#9958=DIRECTION('',(-1.,0.,0.));
#9959=DIRECTION('',(0.,-1.,0.));
#9960=DIRECTION('',(0.,-1.,0.));
#9961=DIRECTION('',(0.,0.,-1.));
#9962=DIRECTION('',(0.,-1.,0.));
#9963=DIRECTION('',(0.,0.,-1.));
#9964=DIRECTION('',(0.,1.,9.71445146547012E-17));
#9965=DIRECTION('',(0.,-9.71445146547013E-17,1.));
#9966=DIRECTION('',(1.,0.,0.));
#9967=DIRECTION('',(0.,0.,-1.));
#9968=DIRECTION('',(0.,-9.71445146547013E-17,1.));
#9969=DIRECTION('',(0.,1.,9.71445146547012E-17));
#9970=DIRECTION('',(1.,0.,0.));
#9971=DIRECTION('',(0.,-9.71445146547013E-17,1.));
#9972=DIRECTION('',(0.,-1.,0.));
#9973=DIRECTION('',(1.,0.,0.));
#9974=DIRECTION('',(1.,0.,0.));
#9975=DIRECTION('',(0.,0.,-1.));
#9976=DIRECTION('',(0.,-9.71445146547013E-17,1.));
#9977=DIRECTION('',(0.,-1.,0.));
#9978=DIRECTION('',(0.,0.,-1.));
#9979=DIRECTION('',(-1.,0.,0.));
#9980=DIRECTION('',(1.,0.,0.));
#9981=DIRECTION('',(0.,-1.,0.));
#9982=DIRECTION('',(0.,0.,-1.));
#9983=DIRECTION('',(0.,-1.,0.));
#9984=DIRECTION('',(0.,0.,-1.));
#9985=DIRECTION('',(0.,1.,9.71445146547012E-17));
#9986=DIRECTION('',(0.,-9.71445146547013E-17,1.));
#9987=DIRECTION('',(0.,1.,9.71445146547012E-17));
#9988=DIRECTION('',(1.,0.,0.));
#9989=DIRECTION('',(0.,-1.,0.));
#9990=DIRECTION('',(1.,0.,0.));
#9991=DIRECTION('',(1.,9.17843108982437E-17,0.));
#9992=DIRECTION('',(-9.17843108982437E-17,1.,0.));
#9993=DIRECTION('',(0.,0.,-1.));
#9994=DIRECTION('',(9.17843108982437E-17,-1.,0.));
#9995=DIRECTION('',(0.,0.,-1.));
#9996=DIRECTION('',(0.,1.,0.));
#9997=DIRECTION('',(0.,0.,1.));
#9998=DIRECTION('',(1.,0.,0.));
#9999=DIRECTION('',(0.,0.,-1.));
#10000=DIRECTION('',(0.,1.,0.));
#10001=DIRECTION('',(0.,0.,1.));
#10002=DIRECTION('',(0.,0.,-1.));
#10003=DIRECTION('',(1.,0.,0.));
#10004=DIRECTION('',(1.,0.,0.));
#10005=DIRECTION('',(0.,0.,-1.));
#10006=DIRECTION('',(0.,-1.,0.));
#10007=DIRECTION('',(-1.,0.,0.));
#10008=DIRECTION('',(0.,0.,1.));
#10009=DIRECTION('',(0.,0.,-1.));
#10010=DIRECTION('',(0.,-1.,0.));
#10011=DIRECTION('',(0.,0.,-1.));
#10012=DIRECTION('',(0.,1.,0.));
#10013=DIRECTION('',(0.,0.,1.));
#10014=DIRECTION('',(0.,0.,-1.));
#10015=DIRECTION('',(1.,0.,0.));
#10016=DIRECTION('',(0.,1.,0.));
#10017=DIRECTION('',(0.,0.,1.));
#10018=DIRECTION('',(-1.,0.,0.));
#10019=DIRECTION('',(0.,0.,-1.));
#10020=DIRECTION('',(-1.,0.,0.));
#10021=DIRECTION('',(0.,0.,1.));
#10022=DIRECTION('',(0.,1.,0.));
#10023=DIRECTION('',(0.,-1.,0.));
#10024=DIRECTION('',(0.,0.,-1.));
#10025=DIRECTION('',(1.,0.,0.));
#10026=DIRECTION('',(0.,0.,-1.));
#10027=DIRECTION('',(1.,0.,0.));
#10028=DIRECTION('',(0.,0.,1.));
#10029=DIRECTION('',(1.,0.,0.));
#10030=DIRECTION('',(0.,-1.,0.));
#10031=DIRECTION('',(1.,0.,0.));
#10032=DIRECTION('',(0.,-1.,0.));
#10033=DIRECTION('',(0.,-1.,-4.33680868994202E-16));
#10034=DIRECTION('',(0.,4.33680868994202E-16,-1.));
#10035=DIRECTION('',(0.,4.33680868994202E-16,-1.));
#10036=DIRECTION('',(1.,0.,0.));
#10037=DIRECTION('',(0.,4.33680868994202E-16,-1.));
#10038=DIRECTION('',(0.,0.,1.));
#10039=DIRECTION('',(1.,0.,0.));
#10040=DIRECTION('',(0.,-1.,0.));
#10041=DIRECTION('',(0.,-1.,0.));
#10042=DIRECTION('',(-1.,0.,0.));
#10043=DIRECTION('',(0.,0.,1.));
#10044=DIRECTION('',(0.,-1.,0.));
#10045=DIRECTION('',(0.,0.,-1.));
#10046=DIRECTION('',(1.,0.,0.));
#10047=DIRECTION('',(0.,0.,-1.));
#10048=DIRECTION('',(1.,0.,0.));
#10049=DIRECTION('',(0.,0.,1.));
#10050=DIRECTION('',(1.,0.,0.));
#10051=DIRECTION('',(0.,-1.,0.));
#10052=DIRECTION('',(1.,0.,0.));
#10053=DIRECTION('',(0.,-1.,-4.33680868994202E-16));
#10054=DIRECTION('',(0.,4.33680868994202E-16,-1.));
#10055=DIRECTION('',(0.,4.33680868994202E-16,-1.));
#10056=DIRECTION('',(1.,0.,0.));
#10057=DIRECTION('',(0.,0.,1.));
#10058=DIRECTION('',(1.,0.,0.));
#10059=DIRECTION('',(0.,-1.,0.));
#10060=DIRECTION('',(0.,-1.,0.));
#10061=DIRECTION('',(0.,0.,-1.));
#10062=DIRECTION('',(1.,0.,0.));
#10063=DIRECTION('',(0.,0.,-1.));
#10064=DIRECTION('',(1.,0.,0.));
#10065=DIRECTION('',(0.,0.,1.));
#10066=DIRECTION('',(1.,0.,0.));
#10067=DIRECTION('',(0.,-1.,0.));
#10068=DIRECTION('',(1.,0.,0.));
#10069=DIRECTION('',(0.,-1.,0.));
#10070=DIRECTION('',(0.,0.,-1.));
#10071=DIRECTION('',(0.,0.,-1.));
#10072=DIRECTION('',(1.,0.,0.));
#10073=DIRECTION('',(0.,0.,1.));
#10074=DIRECTION('',(1.,0.,0.));
#10075=DIRECTION('',(0.,-1.,0.));
#10076=DIRECTION('',(0.,0.,-1.));
#10077=DIRECTION('',(-1.,0.,0.));
#10078=DIRECTION('',(-0.707106781186548,0.,-0.707106781186548));
#10079=DIRECTION('',(0.707106781186548,0.,-0.707106781186548));
#10080=DIRECTION('',(0.707106781186548,0.,-0.707106781186548));
#10081=DIRECTION('',(0.707106781186548,0.,0.707106781186548));
#10082=DIRECTION('',(1.,0.,0.));
#10083=DIRECTION('',(0.,0.,-1.));
#10084=DIRECTION('',(0.707106781186548,0.,0.707106781186548));
#10085=DIRECTION('',(0.707106781186548,0.,-0.707106781186548));
#10086=DIRECTION('',(-1.,0.,0.));
#10087=DIRECTION('',(0.,0.,1.));
#10088=DIRECTION('',(-0.707106781186548,0.,0.707106781186548));
#10089=DIRECTION('',(-0.707106781186548,0.,-0.707106781186548));
#10090=DIRECTION('',(-4.97201406674894E-17,0.,1.));
#10091=DIRECTION('',(1.,0.,4.97201406674894E-17));
#10092=DIRECTION('',(9.17843108982437E-17,-1.,0.));
#10093=DIRECTION('',(1.,9.17843108982437E-17,0.));
#10094=DIRECTION('',(0.,1.,0.));
#10095=DIRECTION('',(0.,0.,1.));
#10096=DIRECTION('',(1.44560289664734E-16,-1.,-8.35907093918071E-32));
#10097=DIRECTION('',(1.,1.44560289664734E-16,0.));
#10098=DIRECTION('',(0.,0.,1.));
#10099=DIRECTION('',(1.,0.,0.));
#10100=DIRECTION('',(-1.,0.,0.));
#10101=DIRECTION('',(0.,0.,1.));
#10102=DIRECTION('',(0.,0.,1.));
#10103=DIRECTION('',(1.,0.,0.));
#10104=DIRECTION('',(-1.,0.,0.));
#10105=DIRECTION('',(0.,0.,1.));
#10106=DIRECTION('',(-1.,0.,0.));
#10107=DIRECTION('',(0.,0.,1.));
#10108=DIRECTION('',(1.,0.,0.));
#10109=DIRECTION('',(0.,0.,-1.));
#10110=DIRECTION('',(1.,0.,0.));
#10111=DIRECTION('',(0.,0.,-1.));
#10112=DIRECTION('',(1.,0.,0.));
#10113=DIRECTION('',(0.,0.,-1.));
#10114=DIRECTION('',(0.,0.,1.));
#10115=DIRECTION('',(1.,0.,0.));
#10116=DIRECTION('',(0.,1.,0.));
#10117=DIRECTION('',(0.,0.,1.));
#10118=DIRECTION('',(0.,0.,1.));
#10119=DIRECTION('',(1.,0.,0.));
#10120=DIRECTION('',(0.,-1.,0.));
#10121=DIRECTION('',(0.,0.,-1.));
#10122=DIRECTION('',(0.,1.,0.));
#10123=DIRECTION('',(0.,0.,1.));
#10124=DIRECTION('',(-0.707106781186548,0.,0.707106781186548));
#10125=DIRECTION('',(0.,1.,0.));
#10126=DIRECTION('',(-0.577350269189626,0.577350269189626,-0.577350269189626));
#10127=DIRECTION('',(0.577350269189626,0.577350269189626,0.577350269189626));
#10128=DIRECTION('',(0.,0.707106781186548,-0.707106781186548));
#10129=DIRECTION('',(-1.,0.,0.));
#10130=DIRECTION('',(0.577350269189626,-0.577350269189626,-0.577350269189626));
#10131=DIRECTION('',(0.,0.707106781186548,0.707106781186548));
#10132=DIRECTION('',(1.,0.,0.));
#10133=DIRECTION('',(0.577350269189626,0.577350269189626,-0.577350269189626));
#10134=DIRECTION('',(-0.707106781186548,0.,-0.707106781186548));
#10135=DIRECTION('',(0.,-1.,0.));
#10136=DIRECTION('',(0.,0.,-1.));
#10137=DIRECTION('',(-1.,0.,0.));
#10138=DIRECTION('',(0.,0.,-1.));
#10139=DIRECTION('',(-1.,0.,0.));
#10140=DIRECTION('',(0.,0.,1.));
#10141=DIRECTION('',(1.,0.,0.));
#10142=DIRECTION('',(1.,0.,0.));
#10143=DIRECTION('',(0.,0.,-1.));
#10144=DIRECTION('',(0.,1.,0.));
#10145=DIRECTION('',(0.,0.,1.));
#10146=DIRECTION('',(1.,0.,0.));
#10147=DIRECTION('',(0.,0.,-1.));
#10148=DIRECTION('',(0.,1.,0.));
#10149=DIRECTION('',(0.,0.,1.));
#10150=DIRECTION('',(0.,1.,0.));
#10151=DIRECTION('',(0.,0.,1.));
#10152=DIRECTION('',(0.,-1.,0.));
#10153=DIRECTION('',(0.,0.,-1.));
#10154=DIRECTION('',(0.,-1.,0.));
#10155=DIRECTION('',(0.,0.,-1.));
#10156=DIRECTION('',(0.,-1.,0.));
#10157=DIRECTION('',(0.,0.,-1.));
#10158=DIRECTION('',(1.,0.,0.));
#10159=DIRECTION('',(0.,0.,-1.));
#10160=DIRECTION('',(0.,0.,1.));
#10161=DIRECTION('',(1.,0.,0.));
#10162=DIRECTION('',(1.,0.,0.));
#10163=DIRECTION('',(0.,0.,-1.));
#10164=DIRECTION('',(0.,0.,-1.));
#10165=DIRECTION('',(-1.,0.,0.));
#10166=DIRECTION('',(0.,-4.33680868994202E-16,1.));
#10167=DIRECTION('',(0.,-1.,-4.33680868994202E-16));
#10168=DIRECTION('',(0.,0.,-1.));
#10169=DIRECTION('',(-1.,0.,0.));
#10170=DIRECTION('',(0.,0.,-1.));
#10171=DIRECTION('',(-1.,0.,0.));
#10172=DIRECTION('',(0.,0.,1.));
#10173=DIRECTION('',(1.,0.,0.));
#10174=DIRECTION('',(1.,0.,0.));
#10175=DIRECTION('',(0.,0.,-1.));
#10176=DIRECTION('',(0.,1.,0.));
#10177=DIRECTION('',(0.,0.,1.));
#10178=DIRECTION('',(1.,0.,0.));
#10179=DIRECTION('',(0.,0.,-1.));
#10180=DIRECTION('',(0.,1.,0.));
#10181=DIRECTION('',(0.,0.,1.));
#10182=DIRECTION('',(0.,1.,0.));
#10183=DIRECTION('',(0.,0.,1.));
#10184=DIRECTION('',(0.,-1.,0.));
#10185=DIRECTION('',(0.,0.,-1.));
#10186=DIRECTION('',(0.,-1.,0.));
#10187=DIRECTION('',(0.,0.,-1.));
#10188=DIRECTION('',(0.,-1.,0.));
#10189=DIRECTION('',(0.,0.,-1.));
#10190=DIRECTION('',(1.,0.,0.));
#10191=DIRECTION('',(0.,0.,-1.));
#10192=DIRECTION('',(0.,0.,1.));
#10193=DIRECTION('',(1.,0.,0.));
#10194=DIRECTION('',(1.,0.,0.));
#10195=DIRECTION('',(0.,0.,-1.));
#10196=DIRECTION('',(0.,0.,-1.));
#10197=DIRECTION('',(-1.,0.,0.));
#10198=DIRECTION('',(0.,-4.33680868994202E-16,1.));
#10199=DIRECTION('',(0.,-1.,-4.33680868994202E-16));
#10200=DIRECTION('',(0.,0.,-1.));
#10201=DIRECTION('',(-1.,0.,0.));
#10202=DIRECTION('',(0.,0.,-1.));
#10203=DIRECTION('',(-1.,0.,0.));
#10204=DIRECTION('',(0.,0.,1.));
#10205=DIRECTION('',(1.,0.,0.));
#10206=DIRECTION('',(1.,0.,0.));
#10207=DIRECTION('',(0.,0.,-1.));
#10208=DIRECTION('',(0.,1.,0.));
#10209=DIRECTION('',(0.,0.,1.));
#10210=DIRECTION('',(1.,0.,0.));
#10211=DIRECTION('',(0.,0.,-1.));
#10212=DIRECTION('',(0.,1.,0.));
#10213=DIRECTION('',(0.,0.,1.));
#10214=DIRECTION('',(0.,1.,0.));
#10215=DIRECTION('',(0.,0.,1.));
#10216=DIRECTION('',(0.,-1.,0.));
#10217=DIRECTION('',(0.,0.,-1.));
#10218=DIRECTION('',(0.,-1.,0.));
#10219=DIRECTION('',(0.,0.,-1.));
#10220=DIRECTION('',(0.,-1.,0.));
#10221=DIRECTION('',(0.,0.,-1.));
#10222=DIRECTION('',(1.,0.,0.));
#10223=DIRECTION('',(0.,0.,-1.));
#10224=DIRECTION('',(0.,0.,1.));
#10225=DIRECTION('',(1.,0.,0.));
#10226=DIRECTION('',(1.,0.,0.));
#10227=DIRECTION('',(0.,0.,-1.));
#10228=DIRECTION('',(0.,0.,-1.));
#10229=DIRECTION('',(-1.,0.,0.));
#10230=DIRECTION('',(0.,0.,1.));
#10231=DIRECTION('',(1.,0.,0.));
#10232=DIRECTION('',(0.,0.,-1.));
#10233=DIRECTION('',(-0.995775391009835,-0.0918224953876274,0.));
#10234=DIRECTION('',(0.,0.,-1.));
#10235=DIRECTION('',(-1.,0.,0.));
#10236=DIRECTION('',(0.,0.,-1.));
#10237=DIRECTION('',(0.,0.,-1.));
#10238=DIRECTION('',(-1.,0.,0.));
#10239=DIRECTION('',(0.,0.,-1.));
#10240=DIRECTION('',(0.,0.,-1.));
#10241=DIRECTION('',(0.,0.,-1.));
#10242=DIRECTION('',(0.,0.,-1.));
#10243=DIRECTION('',(-0.242639498112017,-0.970116525967859,0.));
#10244=DIRECTION('',(0.,0.,-1.));
#10245=DIRECTION('',(-1.,0.,0.));
#10246=DIRECTION('',(0.,0.,-1.));
#10247=DIRECTION('',(0.,0.,-1.));
#10248=DIRECTION('',(-1.,0.,0.));
#10249=DIRECTION('',(0.,0.,-1.));
#10250=DIRECTION('',(0.,0.,-1.));
#10251=DIRECTION('',(0.,0.,-1.));
#10252=DIRECTION('',(0.995887645746622,0.0905968931545114,0.));
#10253=DIRECTION('',(0.,0.,-1.));
#10254=DIRECTION('',(-1.,0.,0.));
#10255=DIRECTION('',(0.,0.,-1.));
#10256=DIRECTION('',(0.,0.,-1.));
#10257=DIRECTION('',(-1.,0.,0.));
#10258=DIRECTION('',(0.,0.,-1.));
#10259=DIRECTION('',(0.,0.,-1.));
#10260=DIRECTION('',(0.,0.,-1.));
#10261=DIRECTION('',(0.237740805150919,0.971328631085377,0.));
#10262=DIRECTION('',(0.,0.,-1.));
#10263=DIRECTION('',(-1.,0.,0.));
#10264=DIRECTION('',(0.,0.,-1.));
#10265=DIRECTION('',(0.,0.,-1.));
#10266=DIRECTION('',(-1.,0.,0.));
#10267=DIRECTION('',(0.,0.,-1.));
#10268=DIRECTION('',(0.,0.,-1.));
#10269=DIRECTION('',(0.,0.,-1.));
#10270=DIRECTION('',(0.,0.,-1.));
#10271=DIRECTION('',(0.995361248849071,0.0962080261184937,0.));
#10272=DIRECTION('',(0.,0.,-1.));
#10273=DIRECTION('',(0.,0.,-1.));
#10274=DIRECTION('',(-1.,0.,0.));
#10275=DIRECTION('',(0.,0.,-1.));
#10276=DIRECTION('',(0.,0.,-1.));
#10277=DIRECTION('',(0.,0.,-1.));
#10278=DIRECTION('',(0.,0.,-1.));
#10279=DIRECTION('',(0.,0.,-1.));
#10280=DIRECTION('',(-0.98329189807497,-0.182035829385654,0.));
#10281=DIRECTION('',(0.182035829385654,-0.98329189807497,0.));
#10282=DIRECTION('',(0.,0.,-1.));
#10283=DIRECTION('',(-0.182035829385654,0.98329189807497,0.));
#10284=DIRECTION('',(0.,1.,0.));
#10285=DIRECTION('',(0.,0.,1.));
#10286=DIRECTION('',(0.,0.,-1.));
#10287=DIRECTION('',(1.,0.,0.));
#10288=DIRECTION('',(0.984668224048181,0.174437635130157,0.));
#10289=DIRECTION('',(-0.174437635130157,0.984668224048181,0.));
#10290=DIRECTION('',(0.,0.,-1.));
#10291=DIRECTION('',(0.174437635130157,-0.984668224048181,0.));
#10292=DIRECTION('',(0.,-1.,0.));
#10293=DIRECTION('',(0.,0.,-1.));
#10294=DIRECTION('',(0.,0.,-1.));
#10295=DIRECTION('',(-1.,0.,0.));
#10296=DIRECTION('',(-0.984831597486316,-0.17351289460023,0.));
#10297=DIRECTION('',(0.17351289460023,-0.984831597486316,0.));
#10298=DIRECTION('',(0.,0.,-1.));
#10299=DIRECTION('',(-0.17351289460023,0.984831597486316,0.));
#10300=DIRECTION('',(0.,0.,-1.));
#10301=DIRECTION('',(0.,0.,-1.));
#10302=DIRECTION('',(0.,0.,-1.));
#10303=DIRECTION('',(0.242039583446053,0.970266375819167,0.));
#10304=DIRECTION('',(0.,0.,-1.));
#10305=DIRECTION('',(0.,0.,-1.));
#10306=DIRECTION('',(-1.,0.,0.));
#10307=DIRECTION('',(0.,0.,-1.));
#10308=DIRECTION('',(1.,0.,0.));
#10309=DIRECTION('',(0.980932782633188,0.194347307559201,0.));
#10310=DIRECTION('',(-0.194347307559201,0.980932782633188,0.));
#10311=DIRECTION('',(0.,0.,-1.));
#10312=DIRECTION('',(0.194347307559201,-0.980932782633188,0.));
#10313=DIRECTION('',(0.,0.,-1.));
#10314=DIRECTION('',(0.,-1.,0.));
#10315=DIRECTION('',(0.,0.,-1.));
#10316=DIRECTION('',(0.,0.,-1.));
#10317=DIRECTION('',(-1.,0.,0.));
#10318=DIRECTION('',(-0.98805908306119,-0.154075463264856,0.));
#10319=DIRECTION('',(0.154075463264856,-0.98805908306119,0.));
#10320=DIRECTION('',(0.,0.,-1.));
#10321=DIRECTION('',(-0.154075463264856,0.98805908306119,0.));
#10322=DIRECTION('',(0.,1.,0.));
#10323=DIRECTION('',(0.,0.,1.));
#10324=DIRECTION('',(1.,0.,0.));
#10325=DIRECTION('',(0.,0.,-1.));
#10326=DIRECTION('',(1.,0.,0.));
#10327=DIRECTION('',(0.,0.,-1.));
#10328=DIRECTION('',(0.,0.,-1.));
#10329=DIRECTION('',(0.,0.,-1.));
#10330=DIRECTION('',(0.,0.,-1.));
#10331=DIRECTION('',(0.,0.,-1.));
#10332=DIRECTION('',(0.,0.,-1.));
#10333=DIRECTION('',(0.,0.,-1.));
#10334=DIRECTION('',(0.379884929054047,0.925033751101873,0.));
#10335=DIRECTION('',(0.,0.,-1.));
#10336=DIRECTION('',(0.,0.,-1.));
#10337=DIRECTION('',(-1.,0.,0.));
#10338=DIRECTION('',(0.,0.,-1.));
#10339=DIRECTION('',(0.,0.,-1.));
#10340=DIRECTION('',(1.,0.,0.));
#10341=DIRECTION('',(0.984703916227141,0.174236039231071,0.));
#10342=DIRECTION('',(-0.174236039231071,0.984703916227141,0.));
#10343=DIRECTION('',(0.,0.,-1.));
#10344=DIRECTION('',(0.174236039231071,-0.984703916227141,0.));
#10345=DIRECTION('',(0.,0.,-1.));
#10346=DIRECTION('',(0.,-1.,0.));
#10347=DIRECTION('',(0.,0.,-1.));
#10348=DIRECTION('',(0.,0.,-1.));
#10349=DIRECTION('',(-1.,0.,0.));
#10350=DIRECTION('',(-0.984668224048181,-0.174437635130158,0.));
#10351=DIRECTION('',(0.174437635130158,-0.984668224048181,0.));
#10352=DIRECTION('',(0.,0.,-1.));
#10353=DIRECTION('',(-0.174437635130158,0.984668224048181,0.));
#10354=DIRECTION('',(0.,1.,0.));
#10355=DIRECTION('',(0.,0.,1.));
#10356=DIRECTION('',(1.,0.,0.));
#10357=DIRECTION('',(0.,0.,-1.));
#10358=DIRECTION('',(1.,0.,0.));
#10359=DIRECTION('',(0.,0.,-1.));
#10360=DIRECTION('',(0.,0.,-1.));
#10361=DIRECTION('',(0.985124647149269,0.171841291833564,0.));
#10362=DIRECTION('',(-0.171841291833564,0.985124647149269,0.));
#10363=DIRECTION('',(0.,0.,-1.));
#10364=DIRECTION('',(0.171841291833564,-0.985124647149269,0.));
#10365=DIRECTION('',(0.,-1.,0.));
#10366=DIRECTION('',(0.,0.,-1.));
#10367=DIRECTION('',(0.,0.,-1.));
#10368=DIRECTION('',(-1.,0.,0.));
#10369=DIRECTION('',(-0.984681632233905,-0.174361931456303,0.));
#10370=DIRECTION('',(0.174361931456303,-0.984681632233905,0.));
#10371=DIRECTION('',(0.,0.,-1.));
#10372=DIRECTION('',(-0.174361931456303,0.984681632233905,0.));
#10373=DIRECTION('',(0.,1.,0.));
#10374=DIRECTION('',(0.,0.,1.));
#10375=DIRECTION('',(0.,0.,-1.));
#10376=DIRECTION('',(1.,0.,0.));
#10377=DIRECTION('',(0.984564484897679,0.175022213099274,0.));
#10378=DIRECTION('',(-0.175022213099274,0.984564484897679,0.));
#10379=DIRECTION('',(0.,0.,-1.));
#10380=DIRECTION('',(0.175022213099274,-0.984564484897679,0.));
#10381=DIRECTION('',(0.,0.,-1.));
#10382=DIRECTION('',(0.,0.,-1.));
#10383=DIRECTION('',(0.,1.,0.));
#10384=DIRECTION('',(0.,0.,1.));
#10385=DIRECTION('',(0.,0.,-1.));
#10386=DIRECTION('',(1.,0.,0.));
#10387=DIRECTION('',(0.983948400059995,0.178453204004233,0.));
#10388=DIRECTION('',(-0.178453204004233,0.983948400059995,0.));
#10389=DIRECTION('',(0.,0.,-1.));
#10390=DIRECTION('',(0.178453204004233,-0.983948400059995,0.));
#10391=DIRECTION('',(0.,0.,-1.));
#10392=DIRECTION('',(1.,0.,0.));
#10393=DIRECTION('',(0.,0.,-1.));
#10394=DIRECTION('',(0.,0.,-1.));
#10395=DIRECTION('',(0.,0.,-1.));
#10396=DIRECTION('',(0.,0.,-1.));
#10397=DIRECTION('',(0.,0.,-1.));
#10398=DIRECTION('',(0.976282460195887,0.216500711116307,0.));
#10399=DIRECTION('',(0.,0.,-1.));
#10400=DIRECTION('',(-1.,0.,0.));
#10401=DIRECTION('',(0.,0.,-1.));
#10402=DIRECTION('',(0.,0.,-1.));
#10403=DIRECTION('',(-1.,0.,0.));
#10404=DIRECTION('',(0.,0.,-1.));
#10405=DIRECTION('',(0.,0.,-1.));
#10406=DIRECTION('',(0.,0.,-1.));
#10407=DIRECTION('',(0.,0.,-1.));
#10408=DIRECTION('',(0.,0.,-1.));
#10409=DIRECTION('',(-0.973311009068118,-0.229490042543902,0.));
#10410=DIRECTION('',(0.,0.,-1.));
#10411=DIRECTION('',(-1.,0.,0.));
#10412=DIRECTION('',(0.,0.,-1.));
#10413=DIRECTION('',(0.,0.,-1.));
#10414=DIRECTION('',(-1.,0.,0.));
#10415=DIRECTION('',(0.,0.,-1.));
#10416=DIRECTION('',(0.,0.,-1.));
#10417=DIRECTION('',(0.,0.,-1.));
#10418=DIRECTION('',(0.,0.,-1.));
#10419=DIRECTION('',(-0.71288205712188,-0.70128394579776,0.));
#10420=DIRECTION('',(0.,0.,-1.));
#10421=DIRECTION('',(0.,0.,-1.));
#10422=DIRECTION('',(-1.,0.,0.));
#10423=DIRECTION('',(0.,0.,-1.));
#10424=DIRECTION('',(0.,0.,-1.));
#10425=DIRECTION('',(0.,0.,-1.));
#10426=DIRECTION('',(-0.694847100263939,0.719157498226081,0.));
#10427=DIRECTION('',(0.,0.,-1.));
#10428=DIRECTION('',(0.,0.,-1.));
#10429=DIRECTION('',(-1.,0.,0.));
#10430=DIRECTION('',(0.,0.,-1.));
#10431=DIRECTION('',(0.,0.,-1.));
#10432=DIRECTION('',(0.,0.,-1.));
#10433=DIRECTION('',(0.718445775476236,0.695582969673892,0.));
#10434=DIRECTION('',(0.,0.,-1.));
#10435=DIRECTION('',(0.,0.,-1.));
#10436=DIRECTION('',(-1.,0.,0.));
#10437=DIRECTION('',(0.,0.,-1.));
#10438=DIRECTION('',(0.,0.,-1.));
#10439=DIRECTION('',(0.,0.,-1.));
#10440=DIRECTION('',(0.700978822209994,-0.713182088118518,0.));
#10441=DIRECTION('',(0.,0.,-1.));
#10442=DIRECTION('',(-1.,0.,0.));
#10443=DIRECTION('',(0.,0.,-1.));
#10444=DIRECTION('',(1.,0.,0.));
#10445=DIRECTION('',(0.898337188013972,0.439306608909028,0.));
#10446=DIRECTION('',(-0.439306608909028,0.898337188013972,0.));
#10447=DIRECTION('',(0.,0.,-1.));
#10448=DIRECTION('',(0.439306608909028,-0.898337188013972,0.));
#10449=DIRECTION('',(0.,0.,-1.));
#10450=DIRECTION('',(0.,-1.,0.));
#10451=DIRECTION('',(0.,0.,-1.));
#10452=DIRECTION('',(0.,0.,-1.));
#10453=DIRECTION('',(-1.,0.,0.));
#10454=DIRECTION('',(-0.912416955431609,-0.409261895906416,0.));
#10455=DIRECTION('',(0.409261895906416,-0.912416955431609,0.));
#10456=DIRECTION('',(0.,0.,-1.));
#10457=DIRECTION('',(-0.409261895906416,0.912416955431609,0.));
#10458=DIRECTION('',(0.993581848663627,-0.113115472001706,0.));
#10459=DIRECTION('',(0.113115472001706,0.993581848663628,0.));
#10460=DIRECTION('',(0.,0.,-1.));
#10461=DIRECTION('',(-0.113115472001706,-0.993581848663627,0.));
#10462=DIRECTION('',(0.,-1.,0.));
#10463=DIRECTION('',(0.,0.,-1.));
#10464=DIRECTION('',(0.,0.,-1.));
#10465=DIRECTION('',(-1.,0.,0.));
#10466=DIRECTION('',(-0.905104165452048,-0.425189898376421,0.));
#10467=DIRECTION('',(0.425189898376421,-0.905104165452048,0.));
#10468=DIRECTION('',(0.,0.,-1.));
#10469=DIRECTION('',(-0.425189898376421,0.905104165452048,0.));
#10470=DIRECTION('',(0.995249100668526,-0.0973613250653993,0.));
#10471=DIRECTION('',(0.0973613250653993,0.995249100668526,0.));
#10472=DIRECTION('',(0.,0.,-1.));
#10473=DIRECTION('',(-0.0973613250653993,-0.995249100668526,0.));
#10474=DIRECTION('',(0.,-1.,0.));
#10475=DIRECTION('',(0.,0.,-1.));
#10476=DIRECTION('',(0.,0.,-1.));
#10477=DIRECTION('',(-1.,0.,0.));
#10478=DIRECTION('',(-0.990763000042733,0.13560485885957,0.));
#10479=DIRECTION('',(-0.13560485885957,-0.990763000042733,0.));
#10480=DIRECTION('',(0.,0.,-1.));
#10481=DIRECTION('',(0.13560485885957,0.990763000042733,0.));
#10482=DIRECTION('',(0.,1.,0.));
#10483=DIRECTION('',(0.,0.,1.));
#10484=DIRECTION('',(0.,0.,-1.));
#10485=DIRECTION('',(1.,0.,0.));
#10486=DIRECTION('',(0.900917509354945,0.433990370097867,0.));
#10487=DIRECTION('',(-0.433990370097867,0.900917509354945,0.));
#10488=DIRECTION('',(0.,0.,-1.));
#10489=DIRECTION('',(0.433990370097867,-0.900917509354945,0.));
#10490=DIRECTION('',(-0.992441183032707,0.122721221557809,0.));
#10491=DIRECTION('',(-0.122721221557809,-0.992441183032707,0.));
#10492=DIRECTION('',(0.,0.,-1.));
#10493=DIRECTION('',(0.122721221557809,0.992441183032707,0.));
#10494=DIRECTION('',(0.,1.,0.));
#10495=DIRECTION('',(0.,0.,1.));
#10496=DIRECTION('',(1.,0.,0.));
#10497=DIRECTION('',(0.,0.,-1.));
#10498=DIRECTION('',(1.,0.,0.));
#10499=DIRECTION('',(0.,0.,-1.));
#10500=DIRECTION('',(0.,0.,-1.));
#10501=DIRECTION('',(0.,0.,-1.));
#10502=DIRECTION('',(0.,0.,-1.));
#10503=DIRECTION('',(0.,0.,-1.));
#10504=DIRECTION('',(0.97628246019589,0.21650071111629,0.));
#10505=DIRECTION('',(0.,0.,-1.));
#10506=DIRECTION('',(-1.,0.,0.));
#10507=DIRECTION('',(0.,0.,-1.));
#10508=DIRECTION('',(0.,0.,-1.));
#10509=DIRECTION('',(-1.,0.,0.));
#10510=DIRECTION('',(0.,0.,-1.));
#10511=DIRECTION('',(0.,0.,-1.));
#10512=DIRECTION('',(0.,0.,-1.));
#10513=DIRECTION('',(0.,0.,-1.));
#10514=DIRECTION('',(0.,0.,-1.));
#10515=DIRECTION('',(-0.973311009068118,-0.229490042543903,0.));
#10516=DIRECTION('',(0.,0.,-1.));
#10517=DIRECTION('',(-1.,0.,0.));
#10518=DIRECTION('',(0.,0.,-1.));
#10519=DIRECTION('',(0.,0.,-1.));
#10520=DIRECTION('',(-1.,0.,0.));
#10521=DIRECTION('',(0.,0.,-1.));
#10522=DIRECTION('',(0.,0.,-1.));
#10523=DIRECTION('',(0.,0.,-1.));
#10524=DIRECTION('',(0.,0.,-1.));
#10525=DIRECTION('',(-0.71288205712189,-0.70128394579775,0.));
#10526=DIRECTION('',(0.,0.,-1.));
#10527=DIRECTION('',(0.,0.,-1.));
#10528=DIRECTION('',(-1.,0.,0.));
#10529=DIRECTION('',(0.,0.,-1.));
#10530=DIRECTION('',(0.,0.,-1.));
#10531=DIRECTION('',(0.,0.,-1.));
#10532=DIRECTION('',(-0.69484710026397,0.719157498226051,0.));
#10533=DIRECTION('',(0.,0.,-1.));
#10534=DIRECTION('',(0.,0.,-1.));
#10535=DIRECTION('',(-1.,0.,0.));
#10536=DIRECTION('',(0.,0.,-1.));
#10537=DIRECTION('',(0.,0.,-1.));
#10538=DIRECTION('',(0.,0.,-1.));
#10539=DIRECTION('',(0.718445775476246,0.695582969673882,0.));
#10540=DIRECTION('',(0.,0.,-1.));
#10541=DIRECTION('',(0.,0.,-1.));
#10542=DIRECTION('',(-1.,0.,0.));
#10543=DIRECTION('',(0.,0.,-1.));
#10544=DIRECTION('',(0.,0.,-1.));
#10545=DIRECTION('',(0.,0.,-1.));
#10546=DIRECTION('',(0.700978822209976,-0.713182088118536,0.));
#10547=DIRECTION('',(0.,0.,-1.));
#10548=DIRECTION('',(-1.,0.,0.));
#10549=DIRECTION('',(0.,0.,-1.));
#10550=DIRECTION('',(1.,0.,0.));
#10551=DIRECTION('',(0.984703916227141,0.174236039231069,0.));
#10552=DIRECTION('',(-0.174236039231069,0.984703916227141,0.));
#10553=DIRECTION('',(0.,0.,-1.));
#10554=DIRECTION('',(0.174236039231069,-0.984703916227141,0.));
#10555=DIRECTION('',(0.,0.,-1.));
#10556=DIRECTION('',(0.,-1.,0.));
#10557=DIRECTION('',(0.,0.,-1.));
#10558=DIRECTION('',(0.,0.,-1.));
#10559=DIRECTION('',(-1.,0.,0.));
#10560=DIRECTION('',(-0.984668224048181,-0.174437635130157,0.));
#10561=DIRECTION('',(0.174437635130157,-0.984668224048181,0.));
#10562=DIRECTION('',(0.,0.,-1.));
#10563=DIRECTION('',(-0.174437635130157,0.984668224048181,0.));
#10564=DIRECTION('',(0.,1.,0.));
#10565=DIRECTION('',(0.,0.,1.));
#10566=DIRECTION('',(1.,0.,0.));
#10567=DIRECTION('',(0.,0.,-1.));
#10568=DIRECTION('',(1.,0.,0.));
#10569=DIRECTION('',(0.984703916227141,0.17423603923107,0.));
#10570=DIRECTION('',(-0.17423603923107,0.984703916227141,0.));
#10571=DIRECTION('',(0.,0.,-1.));
#10572=DIRECTION('',(0.17423603923107,-0.984703916227141,0.));
#10573=DIRECTION('',(0.,0.,-1.));
#10574=DIRECTION('',(0.,-1.,0.));
#10575=DIRECTION('',(0.,0.,-1.));
#10576=DIRECTION('',(0.,0.,-1.));
#10577=DIRECTION('',(-1.,0.,0.));
#10578=DIRECTION('',(-0.984668224048181,-0.174437635130157,0.));
#10579=DIRECTION('',(0.174437635130157,-0.984668224048181,0.));
#10580=DIRECTION('',(0.,0.,-1.));
#10581=DIRECTION('',(-0.174437635130157,0.984668224048181,0.));
#10582=DIRECTION('',(0.,1.,0.));
#10583=DIRECTION('',(0.,0.,1.));
#10584=DIRECTION('',(1.,0.,0.));
#10585=DIRECTION('',(0.,0.,-1.));
#10586=DIRECTION('',(1.,0.,0.));
#10587=DIRECTION('',(0.,0.,-1.));
#10588=DIRECTION('',(-0.996947890370498,-0.0780698654143421,0.));
#10589=DIRECTION('',(0.,0.,-1.));
#10590=DIRECTION('',(-1.,0.,0.));
#10591=DIRECTION('',(0.,0.,-1.));
#10592=DIRECTION('',(0.,0.,-1.));
#10593=DIRECTION('',(-1.,0.,0.));
#10594=DIRECTION('',(0.,0.,-1.));
#10595=DIRECTION('',(0.,-1.,0.));
#10596=DIRECTION('',(0.,0.,-1.));
#10597=DIRECTION('',(-1.,0.,0.));
#10598=DIRECTION('',(0.,0.,-1.));
#10599=DIRECTION('',(-1.,0.,0.));
#10600=DIRECTION('',(0.,0.,-1.));
#10601=DIRECTION('',(0.,0.,-1.));
#10602=DIRECTION('',(0.,0.,-1.));
#10603=DIRECTION('',(0.,0.,-1.));
#10604=DIRECTION('',(0.,0.,-1.));
#10605=DIRECTION('',(0.,0.,-1.));
#10606=DIRECTION('',(0.,0.,-1.));
#10607=DIRECTION('',(0.,0.,-1.));
#10608=DIRECTION('',(0.,0.,-1.));
#10609=DIRECTION('',(0.995647521213869,0.093198784866966,0.));
#10610=DIRECTION('',(0.,0.,-1.));
#10611=DIRECTION('',(0.,0.,-1.));
#10612=DIRECTION('',(-1.,0.,0.));
#10613=DIRECTION('',(0.,0.,-1.));
#10614=DIRECTION('',(0.,0.,-1.));
#10615=DIRECTION('',(0.,0.,-1.));
#10616=DIRECTION('',(0.,0.,-1.));
#10617=DIRECTION('',(0.,-1.,0.));
#10618=DIRECTION('',(0.,0.,-1.));
#10619=DIRECTION('',(0.,0.,-1.));
#10620=DIRECTION('',(-1.,0.,0.));
#10621=DIRECTION('',(0.,0.,-1.));
#10622=DIRECTION('',(-0.737504461519066,-0.675342260812599,0.));
#10623=DIRECTION('',(0.,0.,-1.));
#10624=DIRECTION('',(0.,0.,-1.));
#10625=DIRECTION('',(-1.,0.,0.));
#10626=DIRECTION('',(0.,0.,-1.));
#10627=DIRECTION('',(0.,0.,-1.));
#10628=DIRECTION('',(0.,0.,-1.));
#10629=DIRECTION('',(0.,0.,-1.));
#10630=DIRECTION('',(0.997897849267411,0.0648064998860054,0.));
#10631=DIRECTION('',(0.,0.,-1.));
#10632=DIRECTION('',(0.,0.,-1.));
#10633=DIRECTION('',(-1.,0.,0.));
#10634=DIRECTION('',(0.,1.,0.));
#10635=DIRECTION('',(0.,0.,1.));
#10636=DIRECTION('',(0.,0.,-1.));
#10637=DIRECTION('',(1.,0.,0.));
#10638=DIRECTION('',(0.,0.,-1.));
#10639=DIRECTION('',(-0.972104354069279,-0.234548768488667,0.));
#10640=DIRECTION('',(0.,0.,-1.));
#10641=DIRECTION('',(0.,0.,-1.));
#10642=DIRECTION('',(-1.,0.,0.));
#10643=DIRECTION('',(0.,0.,-1.));
#10644=DIRECTION('',(0.,0.,-1.));
#10645=DIRECTION('',(0.,0.,-1.));
#10646=DIRECTION('',(1.,0.,0.));
#10647=DIRECTION('',(0.,0.,-1.));
#10648=DIRECTION('',(0.,0.,-1.));
#10649=DIRECTION('',(0.,0.,-1.));
#10650=DIRECTION('',(0.208480200207259,0.978026587635296,0.));
#10651=DIRECTION('',(0.,0.,-1.));
#10652=DIRECTION('',(0.,0.,-1.));
#10653=DIRECTION('',(-1.,0.,0.));
#10654=DIRECTION('',(0.,0.,-1.));
#10655=DIRECTION('',(0.984686219059106,0.174336026096394,0.));
#10656=DIRECTION('',(-0.174336026096394,0.984686219059106,0.));
#10657=DIRECTION('',(0.,0.,-1.));
#10658=DIRECTION('',(0.174336026096394,-0.984686219059106,0.));
#10659=DIRECTION('',(0.,-1.,0.));
#10660=DIRECTION('',(0.,0.,-1.));
#10661=DIRECTION('',(0.,0.,-1.));
#10662=DIRECTION('',(-1.,0.,0.));
#10663=DIRECTION('',(-0.984668224048181,-0.174437635130157,0.));
#10664=DIRECTION('',(0.174437635130157,-0.984668224048181,0.));
#10665=DIRECTION('',(0.,0.,-1.));
#10666=DIRECTION('',(-0.174437635130157,0.984668224048181,0.));
#10667=DIRECTION('',(0.,1.,0.));
#10668=DIRECTION('',(0.,0.,1.));
#10669=DIRECTION('',(0.,0.,-1.));
#10670=DIRECTION('',(1.,0.,0.));
#10671=DIRECTION('',(0.98473781716872,0.17404433756312,0.));
#10672=DIRECTION('',(-0.17404433756312,0.98473781716872,0.));
#10673=DIRECTION('',(0.,0.,-1.));
#10674=DIRECTION('',(0.17404433756312,-0.98473781716872,0.));
#10675=DIRECTION('',(-1.,0.,0.));
#10676=DIRECTION('',(0.,0.,1.));
#10677=DIRECTION('',(0.,0.,-1.));
#10678=DIRECTION('',(0.,1.,0.));
#10679=DIRECTION('',(0.,0.,-1.));
#10680=DIRECTION('',(0.,0.,-1.));
#10681=DIRECTION('',(0.,0.,-1.));
#10682=DIRECTION('',(0.,0.,-1.));
#10683=DIRECTION('',(0.,0.,-1.));
#10684=DIRECTION('',(-0.995981148261025,-0.0895631191319854,0.));
#10685=DIRECTION('',(0.,0.,-1.));
#10686=DIRECTION('',(0.,0.,-1.));
#10687=DIRECTION('',(-1.,0.,0.));
#10688=DIRECTION('',(-0.98462326604664,-0.174691224621179,0.));
#10689=DIRECTION('',(0.174691224621179,-0.98462326604664,0.));
#10690=DIRECTION('',(0.,0.,-1.));
#10691=DIRECTION('',(-0.174691224621179,0.98462326604664,0.));
#10692=DIRECTION('',(0.,1.,0.));
#10693=DIRECTION('',(0.,0.,1.));
#10694=DIRECTION('',(0.,0.,-1.));
#10695=DIRECTION('',(1.,0.,0.));
#10696=DIRECTION('',(0.984764368036932,0.173894046605458,0.));
#10697=DIRECTION('',(-0.173894046605458,0.984764368036932,0.));
#10698=DIRECTION('',(0.,0.,-1.));
#10699=DIRECTION('',(0.173894046605458,-0.984764368036932,0.));
#10700=DIRECTION('',(0.,0.,-1.));
#10701=DIRECTION('',(-0.996052846201873,-0.0887621967571051,0.));
#10702=DIRECTION('',(0.,0.,-1.));
#10703=DIRECTION('',(0.,0.,-1.));
#10704=DIRECTION('',(-1.,0.,0.));
#10705=DIRECTION('',(0.,0.,-1.));
#10706=DIRECTION('',(1.,0.,0.));
#10707=DIRECTION('',(0.,0.,1.));
#10708=DIRECTION('',(1.,0.,0.));
#10709=DIRECTION('',(0.,0.,1.));
#10710=DIRECTION('',(1.,0.,0.));
#10711=DIRECTION('',(0.,0.,1.));
#10712=DIRECTION('',(1.,0.,0.));
#10713=DIRECTION('',(0.,0.,1.));
#10714=DIRECTION('',(1.,0.,0.));
#10715=DIRECTION('',(0.,0.,1.));
#10716=DIRECTION('',(1.,0.,0.));
#10717=DIRECTION('',(0.,0.,-1.));
#10718=DIRECTION('',(-0.996947890370498,-0.0780698654143421,0.));
#10719=DIRECTION('',(0.,0.,-1.));
#10720=DIRECTION('',(-1.,0.,0.));
#10721=DIRECTION('',(0.,0.,-1.));
#10722=DIRECTION('',(0.,0.,-1.));
#10723=DIRECTION('',(-1.,0.,0.));
#10724=DIRECTION('',(0.,0.,-1.));
#10725=DIRECTION('',(0.,-1.,0.));
#10726=DIRECTION('',(0.,0.,-1.));
#10727=DIRECTION('',(-1.,0.,0.));
#10728=DIRECTION('',(-1.,0.,0.));
#10729=DIRECTION('',(0.,0.,-1.));
#10730=DIRECTION('',(0.,0.,-1.));
#10731=DIRECTION('',(0.,0.,-1.));
#10732=DIRECTION('',(0.,0.,-1.));
#10733=DIRECTION('',(0.,0.,-1.));
#10734=DIRECTION('',(0.,0.,-1.));
#10735=DIRECTION('',(0.,0.,-1.));
#10736=DIRECTION('',(0.,0.,-1.));
#10737=DIRECTION('',(0.,0.,-1.));
#10738=DIRECTION('',(0.,0.,-1.));
#10739=DIRECTION('',(0.995647521213869,0.093198784866966,0.));
#10740=DIRECTION('',(0.,0.,-1.));
#10741=DIRECTION('',(-1.,0.,0.));
#10742=DIRECTION('',(0.,0.,-1.));
#10743=DIRECTION('',(-1.,0.,0.));
#10744=DIRECTION('',(0.,0.,-1.));
#10745=DIRECTION('',(0.,0.,-1.));
#10746=DIRECTION('',(0.,0.,-1.));
#10747=DIRECTION('',(0.,0.,-1.));
#10748=DIRECTION('',(0.,0.,-1.));
#10749=DIRECTION('',(0.,-1.,0.));
#10750=DIRECTION('',(0.,0.,-1.));
#10751=DIRECTION('',(-1.,0.,0.));
#10752=DIRECTION('',(-1.,0.,0.));
#10753=DIRECTION('',(0.,0.,-1.));
#10754=DIRECTION('',(0.,0.,-1.));
#10755=DIRECTION('',(-0.737504461519066,-0.675342260812599,0.));
#10756=DIRECTION('',(0.,0.,-1.));
#10757=DIRECTION('',(-1.,0.,0.));
#10758=DIRECTION('',(0.,0.,-1.));
#10759=DIRECTION('',(-1.,0.,0.));
#10760=DIRECTION('',(0.,0.,-1.));
#10761=DIRECTION('',(0.,0.,-1.));
#10762=DIRECTION('',(0.,0.,-1.));
#10763=DIRECTION('',(0.,0.,-1.));
#10764=DIRECTION('',(0.,0.,-1.));
#10765=DIRECTION('',(0.997897849267411,0.0648064998860054,0.));
#10766=DIRECTION('',(0.,0.,-1.));
#10767=DIRECTION('',(-1.,0.,0.));
#10768=DIRECTION('',(0.,0.,-1.));
#10769=DIRECTION('',(-1.,0.,0.));
#10770=DIRECTION('',(0.,0.,-1.));
#10771=DIRECTION('',(0.,1.,0.));
#10772=DIRECTION('',(0.,0.,1.));
#10773=DIRECTION('',(1.,0.,0.));
#10774=DIRECTION('',(1.,0.,0.));
#10775=DIRECTION('',(0.,0.,-1.));
#10776=DIRECTION('',(0.,0.,-1.));
#10777=DIRECTION('',(-0.972104354069279,-0.234548768488667,0.));
#10778=DIRECTION('',(0.,0.,-1.));
#10779=DIRECTION('',(-1.,0.,0.));
#10780=DIRECTION('',(0.,0.,-1.));
#10781=DIRECTION('',(-1.,0.,0.));
#10782=DIRECTION('',(0.,0.,-1.));
#10783=DIRECTION('',(0.,0.,-1.));
#10784=DIRECTION('',(0.,0.,-1.));
#10785=DIRECTION('',(0.,0.,-1.));
#10786=DIRECTION('',(1.,0.,0.));
#10787=DIRECTION('',(0.,0.,-1.));
#10788=DIRECTION('',(1.,0.,0.));
#10789=DIRECTION('',(0.,0.,1.));
#10790=DIRECTION('',(1.,0.,0.));
#10791=CARTESIAN_POINT('',(0.,0.,0.));
#10792=CARTESIAN_POINT('',(0.0310102706821968,0.00768951186311168,-0.0629195079695377));
#10793=CARTESIAN_POINT('',(0.0310102706821968,0.00768951186311168,-0.0639195079695377));
#10794=CARTESIAN_POINT('',(0.0306775996723494,0.00823088685555211,-0.0629195079695377));
#10795=CARTESIAN_POINT('',(0.0306775996723494,0.00823088685555211,-0.0639195079695377));
#10796=CARTESIAN_POINT('',(0.0302601917071634,0.00865221782792965,-0.0629195079695377));
#10797=CARTESIAN_POINT('',(0.0302601917071634,0.00865221782792965,-0.0639195079695377));
#10798=CARTESIAN_POINT('',(0.0297580467866389,0.00895350478024432,-0.0629195079695377));
#10799=CARTESIAN_POINT('',(0.0297580467866389,0.00895350478024432,-0.0639195079695377));
#10800=CARTESIAN_POINT('',(0.0310102706821968,0.00768951186311168,-0.0639195079695377));
#10801=CARTESIAN_POINT('',(0.0305112641674256,0.00850157435177232,-0.0639195079695377));
#10802=CARTESIAN_POINT('',(0.0297580467866389,0.00895350478024432,-0.0639195079695377));
#10803=CARTESIAN_POINT('',(0.0310102706821968,0.00768951186311168,-0.0639195079695377));
#10804=CARTESIAN_POINT('',(0.0297580467866389,0.00895350478024432,-0.0639195079695377));
#10805=CARTESIAN_POINT('',(0.0297580467866389,0.00895350478024432,-0.0629195079695377));
#10806=CARTESIAN_POINT('',(0.0297580467866389,0.00895350478024432,-0.0629195079695377));
#10807=CARTESIAN_POINT('',(0.0310102706821968,0.00768951186311168,-0.0629195079695377));
#10808=CARTESIAN_POINT('',(0.0305112641674256,0.00850157435177232,-0.0629195079695377));
#10809=CARTESIAN_POINT('',(0.0297580467866389,0.00895350478024432,-0.0629195079695377));
#10810=CARTESIAN_POINT('',(0.0310102706821968,0.00768951186311168,-0.0629195079695377));
#10811=CARTESIAN_POINT('',(0.0310102706821968,0.00768951186311168,-0.0629195079695377));
#10812=CARTESIAN_POINT('',(0.0308737500319292,0.00847215179783534,-0.0629195079695377));
#10813=CARTESIAN_POINT('',(0.0308737500319292,0.00847215179783534,-0.0639195079695377));
#10814=CARTESIAN_POINT('',(0.0307372293816616,0.009254791732559,-0.0639195079695377));
#10815=CARTESIAN_POINT('',(0.0308737500319292,0.00847215179783534,-0.0629195079695377));
#10816=CARTESIAN_POINT('',(0.0307372293816616,0.009254791732559,-0.0629195079695377));
#10817=CARTESIAN_POINT('',(0.0307372293816616,0.009254791732559,-0.0629195079695377));
#10818=CARTESIAN_POINT('',(0.031423363339472,0.00925479173255899,-0.0629195079695377));
#10819=CARTESIAN_POINT('',(0.031423363339472,0.00925479173255899,-0.0639195079695377));
#10820=CARTESIAN_POINT('',(0.0321094972972824,0.00925479173255899,-0.0639195079695377));
#10821=CARTESIAN_POINT('',(0.031423363339472,0.00925479173255899,-0.0629195079695377));
#10822=CARTESIAN_POINT('',(0.0321094972972824,0.00925479173255899,-0.0629195079695377));
#10823=CARTESIAN_POINT('',(0.0321094972972824,0.00925479173255899,-0.0629195079695377));
#10824=CARTESIAN_POINT('',(0.032840353537077,0.0051273958662795,-0.0629195079695377));
#10825=CARTESIAN_POINT('',(0.032840353537077,0.0051273958662795,-0.0639195079695377));
#10826=CARTESIAN_POINT('',(0.0335712097768715,0.001,-0.0639195079695377));
#10827=CARTESIAN_POINT('',(0.032840353537077,0.0051273958662795,-0.0629195079695377));
#10828=CARTESIAN_POINT('',(0.0335712097768715,0.001,-0.0629195079695377));
#10829=CARTESIAN_POINT('',(0.0335712097768715,0.001,-0.0629195079695377));
#10830=CARTESIAN_POINT('',(0.0328850758190612,0.001,-0.0629195079695377));
#10831=CARTESIAN_POINT('',(0.0328850758190612,0.001,-0.0639195079695377));
#10832=CARTESIAN_POINT('',(0.0321989418612508,0.001,-0.0639195079695377));
#10833=CARTESIAN_POINT('',(0.0328850758190612,0.001,-0.0629195079695377));
#10834=CARTESIAN_POINT('',(0.0321989418612508,0.001,-0.0629195079695377));
#10835=CARTESIAN_POINT('',(0.0321989418612508,0.001,-0.0629195079695377));
#10836=CARTESIAN_POINT('',(0.0317999720298654,0.0032443524143128,-0.0629195079695377));
#10837=CARTESIAN_POINT('',(0.0317999720298654,0.0032443524143128,-0.0639195079695377));
#10838=CARTESIAN_POINT('',(0.0314010021984799,0.00548870482862561,-0.0639195079695377));
#10839=CARTESIAN_POINT('',(0.0317999720298654,0.0032443524143128,-0.0629195079695377));
#10840=CARTESIAN_POINT('',(0.0314010021984799,0.00548870482862561,-0.0629195079695377));
#10841=CARTESIAN_POINT('',(0.0314010021984799,0.00548870482862561,-0.0629195079695377));
#10842=CARTESIAN_POINT('',(0.0304453576466068,0.00741764746473399,-0.0629195079695377));
#10843=CARTESIAN_POINT('',(0.0304453576466068,0.00741764746473399,-0.0639195079695377));
#10844=CARTESIAN_POINT('',(0.030922395321105,0.00703554656427242,-0.0629195079695377));
#10845=CARTESIAN_POINT('',(0.030922395321105,0.00703554656427242,-0.0639195079695377));
#10846=CARTESIAN_POINT('',(0.0312409435050627,0.00639256568556962,-0.0629195079695377));
#10847=CARTESIAN_POINT('',(0.0312409435050627,0.00639256568556962,-0.0639195079695377));
#10848=CARTESIAN_POINT('',(0.0314010021984799,0.00548870482862561,-0.0629195079695377));
#10849=CARTESIAN_POINT('',(0.0314010021984799,0.00548870482862561,-0.0639195079695377));
#10850=CARTESIAN_POINT('',(0.0304453576466068,0.00741764746473399,-0.0639195079695377));
#10851=CARTESIAN_POINT('',(0.0311609141583542,0.00684449611404163,-0.0639195079695377));
#10852=CARTESIAN_POINT('',(0.0314010021984799,0.00548870482862561,-0.0639195079695377));
#10853=CARTESIAN_POINT('',(0.0304453576466068,0.00741764746473399,-0.0639195079695377));
#10854=CARTESIAN_POINT('',(0.0304453576466068,0.00741764746473399,-0.0629195079695377));
#10855=CARTESIAN_POINT('',(0.0311609141583542,0.00684449611404163,-0.0629195079695377));
#10856=CARTESIAN_POINT('',(0.0314010021984799,0.00548870482862561,-0.0629195079695377));
#10857=CARTESIAN_POINT('',(0.0304453576466068,0.00741764746473399,-0.0629195079695377));
#10858=CARTESIAN_POINT('',(0.0304453576466068,0.00741764746473399,-0.0629195079695377));
#10859=CARTESIAN_POINT('',(0.0286588201715534,0.00799079881542635,-0.0629195079695377));
#10860=CARTESIAN_POINT('',(0.0286588201715534,0.00799079881542635,-0.0639195079695377));
#10861=CARTESIAN_POINT('',(0.0293728074804241,0.00799079881542635,-0.0629195079695377));
#10862=CARTESIAN_POINT('',(0.0293728074804241,0.00799079881542635,-0.0639195079695377));
#10863=CARTESIAN_POINT('',(0.0299683199721086,0.00779974836519556,-0.0629195079695377));
#10864=CARTESIAN_POINT('',(0.0299683199721086,0.00779974836519556,-0.0639195079695377));
#10865=CARTESIAN_POINT('',(0.0304453576466068,0.00741764746473399,-0.0629195079695377));
#10866=CARTESIAN_POINT('',(0.0304453576466068,0.00741764746473399,-0.0639195079695377));
#10867=CARTESIAN_POINT('',(0.0286588201715534,0.00799079881542635,-0.0639195079695377));
#10868=CARTESIAN_POINT('',(0.0297298011348595,0.00799079881542635,-0.0639195079695377));
#10869=CARTESIAN_POINT('',(0.0304453576466068,0.00741764746473399,-0.0639195079695377));
#10870=CARTESIAN_POINT('',(0.0286588201715534,0.00799079881542635,-0.0639195079695377));
#10871=CARTESIAN_POINT('',(0.0286588201715534,0.00799079881542635,-0.0629195079695377));
#10872=CARTESIAN_POINT('',(0.0297298011348595,0.00799079881542635,-0.0629195079695377));
#10873=CARTESIAN_POINT('',(0.0304453576466068,0.00741764746473399,-0.0629195079695377));
#10874=CARTESIAN_POINT('',(0.0286588201715534,0.00799079881542635,-0.0629195079695377));
#10875=CARTESIAN_POINT('',(0.0286588201715534,0.00799079881542635,-0.0629195079695377));
#10876=CARTESIAN_POINT('',(0.0284787541414591,0.00799079881542635,-0.0629195079695377));
#10877=CARTESIAN_POINT('',(0.0284787541414591,0.00799079881542635,-0.0639195079695377));
#10878=CARTESIAN_POINT('',(0.0282986881113647,0.00799079881542635,-0.0639195079695377));
#10879=CARTESIAN_POINT('',(0.0284787541414591,0.00799079881542635,-0.0629195079695377));
#10880=CARTESIAN_POINT('',(0.0282986881113647,0.00799079881542635,-0.0629195079695377));
#10881=CARTESIAN_POINT('',(0.0282986881113647,0.00799079881542635,-0.0629195079695377));
#10882=CARTESIAN_POINT('',(0.0281704057761996,0.00869811701207134,-0.0629195079695377));
#10883=CARTESIAN_POINT('',(0.0281704057761996,0.00869811701207134,-0.0639195079695377));
#10884=CARTESIAN_POINT('',(0.0280421234410343,0.00940543520871633,-0.0639195079695377));
#10885=CARTESIAN_POINT('',(0.0281704057761996,0.00869811701207134,-0.0629195079695377));
#10886=CARTESIAN_POINT('',(0.0280421234410343,0.00940543520871633,-0.0629195079695377));
#10887=CARTESIAN_POINT('',(0.0280421234410343,0.00940543520871633,-0.0629195079695377));
#10888=CARTESIAN_POINT('',(0.0297580467866389,0.00895350478024432,-0.0629195079695377));
#10889=CARTESIAN_POINT('',(0.0297580467866389,0.00895350478024432,-0.0639195079695377));
#10890=CARTESIAN_POINT('',(0.0292559018661145,0.00925479173255899,-0.0629195079695377));
#10891=CARTESIAN_POINT('',(0.0292559018661145,0.00925479173255899,-0.0639195079695377));
#10892=CARTESIAN_POINT('',(0.0286839274175796,0.00940543520871633,-0.0629195079695377));
#10893=CARTESIAN_POINT('',(0.0286839274175796,0.00940543520871633,-0.0639195079695377));
#10894=CARTESIAN_POINT('',(0.0280421234410343,0.00940543520871633,-0.0629195079695377));
#10895=CARTESIAN_POINT('',(0.0280421234410343,0.00940543520871633,-0.0639195079695377));
#10896=CARTESIAN_POINT('',(0.0297580467866389,0.00895350478024432,-0.0639195079695377));
#10897=CARTESIAN_POINT('',(0.0290048294058523,0.00940543520871633,-0.0639195079695377));
#10898=CARTESIAN_POINT('',(0.0280421234410343,0.00940543520871633,-0.0639195079695377));
#10899=CARTESIAN_POINT('',(0.0297580467866389,0.00895350478024432,-0.0629195079695377));
#10900=CARTESIAN_POINT('',(0.0290048294058523,0.00940543520871633,-0.0629195079695377));
#10901=CARTESIAN_POINT('',(0.0280421234410343,0.00940543520871633,-0.0629195079695377));
#10902=CARTESIAN_POINT('',(0.0449766300941353,0.0155,-0.0629195079695377));
#10903=CARTESIAN_POINT('',(0.0449766300941353,0.0155,-0.0639195079695377));
#10904=CARTESIAN_POINT('',(0.,0.,0.));
#10905=CARTESIAN_POINT('',(0.0129801296296157,0.000910555436031586,-0.0629195079695377));
#10906=CARTESIAN_POINT('',(0.0129801296296157,0.000910555436031586,-0.0639195079695377));
#10907=CARTESIAN_POINT('',(0.0132108024524816,0.000910555436031586,-0.0629195079695377));
#10908=CARTESIAN_POINT('',(0.0132108024524816,0.000910555436031586,-0.0639195079695377));
#10909=CARTESIAN_POINT('',(0.0133991067976783,0.000980777264761177,-0.0629195079695377));
#10910=CARTESIAN_POINT('',(0.0133991067976783,0.000980777264761177,-0.0639195079695377));
#10911=CARTESIAN_POINT('',(0.0135450426652057,0.00112122092222036,-0.0629195079695377));
#10912=CARTESIAN_POINT('',(0.0135450426652057,0.00112122092222036,-0.0639195079695377));
#10913=CARTESIAN_POINT('',(0.0129801296296157,0.000910555436031586,-0.0639195079695377));
#10914=CARTESIAN_POINT('',(0.0133261388639146,0.000910555436031586,-0.0639195079695377));
#10915=CARTESIAN_POINT('',(0.0135450426652057,0.00112122092222036,-0.0639195079695377));
#10916=CARTESIAN_POINT('',(0.0129801296296157,0.000910555436031586,-0.0639195079695377));
#10917=CARTESIAN_POINT('',(0.0135450426652057,0.00112122092222036,-0.0639195079695377));
#10918=CARTESIAN_POINT('',(0.0135450426652057,0.00112122092222036,-0.0629195079695377));
#10919=CARTESIAN_POINT('',(0.0135450426652057,0.00112122092222036,-0.0629195079695377));
#10920=CARTESIAN_POINT('',(0.0129801296296157,0.000910555436031586,-0.0629195079695377));
#10921=CARTESIAN_POINT('',(0.0133261388639146,0.000910555436031586,-0.0629195079695377));
#10922=CARTESIAN_POINT('',(0.0135450426652057,0.00112122092222036,-0.0629195079695377));
#10923=CARTESIAN_POINT('',(0.0129801296296157,0.000910555436031586,-0.0629195079695377));
#10924=CARTESIAN_POINT('',(0.0129801296296157,0.000910555436031586,-0.0629195079695377));
#10925=CARTESIAN_POINT('',(0.0122116125207818,0.00123420352933836,-0.0629195079695377));
#10926=CARTESIAN_POINT('',(0.0122116125207818,0.00123420352933836,-0.0639195079695377));
#10927=CARTESIAN_POINT('',(0.0124320855249496,0.00101843813380051,-0.0629195079695377));
#10928=CARTESIAN_POINT('',(0.0124320855249496,0.00101843813380051,-0.0639195079695377));
#10929=CARTESIAN_POINT('',(0.0126882578945609,0.000910555436031586,-0.0629195079695377));
#10930=CARTESIAN_POINT('',(0.0126882578945609,0.000910555436031586,-0.0639195079695377));
#10931=CARTESIAN_POINT('',(0.0129801296296157,0.000910555436031586,-0.0629195079695377));
#10932=CARTESIAN_POINT('',(0.0129801296296157,0.000910555436031586,-0.0639195079695377));
#10933=CARTESIAN_POINT('',(0.0122116125207818,0.00123420352933836,-0.0639195079695377));
#10934=CARTESIAN_POINT('',(0.0125423220270334,0.000910555436031586,-0.0639195079695377));
#10935=CARTESIAN_POINT('',(0.0129801296296157,0.000910555436031586,-0.0639195079695377));
#10936=CARTESIAN_POINT('',(0.0122116125207818,0.00123420352933836,-0.0639195079695377));
#10937=CARTESIAN_POINT('',(0.0122116125207818,0.00123420352933836,-0.0629195079695377));
#10938=CARTESIAN_POINT('',(0.0125423220270334,0.000910555436031586,-0.0629195079695377));
#10939=CARTESIAN_POINT('',(0.0129801296296157,0.000910555436031586,-0.0629195079695377));
#10940=CARTESIAN_POINT('',(0.0122116125207818,0.00123420352933836,-0.0629195079695377));
#10941=CARTESIAN_POINT('',(0.0122116125207818,0.00123420352933836,-0.0629195079695377));
#10942=CARTESIAN_POINT('',(0.0118809030145301,0.00200978205111715,-0.0629195079695377));
#10943=CARTESIAN_POINT('',(0.0118809030145301,0.00200978205111715,-0.0639195079695377));
#10944=CARTESIAN_POINT('',(0.0118809030145301,0.00170849509880247,-0.0629195079695377));
#10945=CARTESIAN_POINT('',(0.0118809030145301,0.00170849509880247,-0.0639195079695377));
#10946=CARTESIAN_POINT('',(0.011991139516614,0.00144996892487621,-0.0629195079695377));
#10947=CARTESIAN_POINT('',(0.011991139516614,0.00144996892487621,-0.0639195079695377));
#10948=CARTESIAN_POINT('',(0.0122116125207818,0.00123420352933836,-0.0629195079695377));
#10949=CARTESIAN_POINT('',(0.0122116125207818,0.00123420352933836,-0.0639195079695377));
#10950=CARTESIAN_POINT('',(0.0118809030145301,0.00200978205111715,-0.0639195079695377));
#10951=CARTESIAN_POINT('',(0.0118809030145301,0.00155785162264513,-0.0639195079695377));
#10952=CARTESIAN_POINT('',(0.0122116125207818,0.00123420352933836,-0.0639195079695377));
#10953=CARTESIAN_POINT('',(0.0118809030145301,0.00200978205111715,-0.0639195079695377));
#10954=CARTESIAN_POINT('',(0.0118809030145301,0.00200978205111715,-0.0629195079695377));
#10955=CARTESIAN_POINT('',(0.0118809030145301,0.00155785162264513,-0.0629195079695377));
#10956=CARTESIAN_POINT('',(0.0122116125207818,0.00123420352933836,-0.0629195079695377));
#10957=CARTESIAN_POINT('',(0.0118809030145301,0.00200978205111715,-0.0629195079695377));
#10958=CARTESIAN_POINT('',(0.0118809030145301,0.00200978205111715,-0.0629195079695377));
#10959=CARTESIAN_POINT('',(0.0120915685007189,0.0025664567716048,-0.0629195079695377));
#10960=CARTESIAN_POINT('',(0.0120915685007189,0.0025664567716048,-0.0639195079695377));
#10961=CARTESIAN_POINT('',(0.0119511248432597,0.00242601311414562,-0.0629195079695377));
#10962=CARTESIAN_POINT('',(0.0119511248432597,0.00242601311414562,-0.0639195079695377));
#10963=CARTESIAN_POINT('',(0.0118809030145301,0.00224045487398306,-0.0629195079695377));
#10964=CARTESIAN_POINT('',(0.0118809030145301,0.00224045487398306,-0.0639195079695377));
#10965=CARTESIAN_POINT('',(0.0118809030145301,0.00200978205111715,-0.0629195079695377));
#10966=CARTESIAN_POINT('',(0.0118809030145301,0.00200978205111715,-0.0639195079695377));
#10967=CARTESIAN_POINT('',(0.0120915685007189,0.0025664567716048,-0.0639195079695377));
#10968=CARTESIAN_POINT('',(0.0118809030145301,0.00235579128541602,-0.0639195079695377));
#10969=CARTESIAN_POINT('',(0.0118809030145301,0.00200978205111715,-0.0639195079695377));
#10970=CARTESIAN_POINT('',(0.0120915685007189,0.0025664567716048,-0.0639195079695377));
#10971=CARTESIAN_POINT('',(0.0120915685007189,0.0025664567716048,-0.0629195079695377));
#10972=CARTESIAN_POINT('',(0.0118809030145301,0.00235579128541602,-0.0629195079695377));
#10973=CARTESIAN_POINT('',(0.0118809030145301,0.00200978205111715,-0.0629195079695377));
#10974=CARTESIAN_POINT('',(0.0120915685007189,0.0025664567716048,-0.0629195079695377));
#10975=CARTESIAN_POINT('',(0.0120915685007189,0.0025664567716048,-0.0629195079695377));
#10976=CARTESIAN_POINT('',(0.0126482432212066,0.00277712225779357,-0.0629195079695377));
#10977=CARTESIAN_POINT('',(0.0126482432212066,0.00277712225779357,-0.0639195079695377));
#10978=CARTESIAN_POINT('',(0.0124175703983407,0.00277712225779357,-0.0629195079695377));
#10979=CARTESIAN_POINT('',(0.0124175703983407,0.00277712225779357,-0.0639195079695377));
#10980=CARTESIAN_POINT('',(0.0122320121581781,0.00270690042906398,-0.0629195079695377));
#10981=CARTESIAN_POINT('',(0.0122320121581781,0.00270690042906398,-0.0639195079695377));
#10982=CARTESIAN_POINT('',(0.0120915685007189,0.0025664567716048,-0.0629195079695377));
#10983=CARTESIAN_POINT('',(0.0120915685007189,0.0025664567716048,-0.0639195079695377));
#10984=CARTESIAN_POINT('',(0.0126482432212066,0.00277712225779357,-0.0639195079695377));
#10985=CARTESIAN_POINT('',(0.0123022339869077,0.00277712225779357,-0.0639195079695377));
#10986=CARTESIAN_POINT('',(0.0120915685007189,0.0025664567716048,-0.0639195079695377));
#10987=CARTESIAN_POINT('',(0.0126482432212066,0.00277712225779357,-0.0639195079695377));
#10988=CARTESIAN_POINT('',(0.0126482432212066,0.00277712225779357,-0.0629195079695377));
#10989=CARTESIAN_POINT('',(0.0123022339869077,0.00277712225779357,-0.0629195079695377));
#10990=CARTESIAN_POINT('',(0.0120915685007189,0.0025664567716048,-0.0629195079695377));
#10991=CARTESIAN_POINT('',(0.0126482432212066,0.00277712225779357,-0.0629195079695377));
#10992=CARTESIAN_POINT('',(0.0126482432212066,0.00277712225779357,-0.0629195079695377));
#10993=CARTESIAN_POINT('',(0.0126587563308059,0.00169442075394767,-0.0629195079695377));
#10994=CARTESIAN_POINT('',(0.0126587563308059,0.00169442075394767,-0.0639195079695377));
#10995=CARTESIAN_POINT('',(0.0134320600580877,0.0024534741644868,-0.0639195079695377));
#10996=CARTESIAN_POINT('',(0.0126587563308059,0.00169442075394767,-0.0629195079695377));
#10997=CARTESIAN_POINT('',(0.0134320600580877,0.0024534741644868,-0.0629195079695377));
#10998=CARTESIAN_POINT('',(0.0134320600580877,0.0024534741644868,-0.0629195079695377));
#10999=CARTESIAN_POINT('',(0.0137639464664969,0.00167789564270802,-0.0629195079695377));
#11000=CARTESIAN_POINT('',(0.0137639464664969,0.00167789564270802,-0.0639195079695377));
#11001=CARTESIAN_POINT('',(0.0137639464664969,0.00197918259502269,-0.0629195079695377));
#11002=CARTESIAN_POINT('',(0.0137639464664969,0.00197918259502269,-0.0639195079695377));
#11003=CARTESIAN_POINT('',(0.0136533176636938,0.00223770876894895,-0.0629195079695377));
#11004=CARTESIAN_POINT('',(0.0136533176636938,0.00223770876894895,-0.0639195079695377));
#11005=CARTESIAN_POINT('',(0.0134320600580877,0.0024534741644868,-0.0629195079695377));
#11006=CARTESIAN_POINT('',(0.0134320600580877,0.0024534741644868,-0.0639195079695377));
#11007=CARTESIAN_POINT('',(0.0137639464664969,0.00167789564270802,-0.0639195079695377));
#11008=CARTESIAN_POINT('',(0.0137639464664969,0.00212982607118002,-0.0639195079695377));
#11009=CARTESIAN_POINT('',(0.0134320600580877,0.0024534741644868,-0.0639195079695377));
#11010=CARTESIAN_POINT('',(0.0137639464664969,0.00167789564270802,-0.0639195079695377));
#11011=CARTESIAN_POINT('',(0.0137639464664969,0.00167789564270802,-0.0629195079695377));
#11012=CARTESIAN_POINT('',(0.0137639464664969,0.00212982607118002,-0.0629195079695377));
#11013=CARTESIAN_POINT('',(0.0134320600580877,0.0024534741644868,-0.0629195079695377));
#11014=CARTESIAN_POINT('',(0.0137639464664969,0.00167789564270802,-0.0629195079695377));
#11015=CARTESIAN_POINT('',(0.0137639464664969,0.00167789564270802,-0.0629195079695377));
#11016=CARTESIAN_POINT('',(0.0135450426652057,0.00112122092222036,-0.0629195079695377));
#11017=CARTESIAN_POINT('',(0.0135450426652057,0.00112122092222036,-0.0639195079695377));
#11018=CARTESIAN_POINT('',(0.0136909785327331,0.00126166457967954,-0.0629195079695377));
#11019=CARTESIAN_POINT('',(0.0136909785327331,0.00126166457967954,-0.0639195079695377));
#11020=CARTESIAN_POINT('',(0.0137639464664969,0.00144722281984209,-0.0629195079695377));
#11021=CARTESIAN_POINT('',(0.0137639464664969,0.00144722281984209,-0.0639195079695377));
#11022=CARTESIAN_POINT('',(0.0137639464664969,0.00167789564270802,-0.0629195079695377));
#11023=CARTESIAN_POINT('',(0.0137639464664969,0.00167789564270802,-0.0639195079695377));
#11024=CARTESIAN_POINT('',(0.0135450426652057,0.00112122092222036,-0.0639195079695377));
#11025=CARTESIAN_POINT('',(0.0137639464664969,0.00133188640840913,-0.0639195079695377));
#11026=CARTESIAN_POINT('',(0.0137639464664969,0.00167789564270802,-0.0639195079695377));
#11027=CARTESIAN_POINT('',(0.0135450426652057,0.00112122092222036,-0.0629195079695377));
#11028=CARTESIAN_POINT('',(0.0137639464664969,0.00133188640840913,-0.0629195079695377));
#11029=CARTESIAN_POINT('',(0.0137639464664969,0.00167789564270802,-0.0629195079695377));
#11030=CARTESIAN_POINT('',(0.0449766300941353,0.0155,-0.0629195079695377));
#11031=CARTESIAN_POINT('',(0.0449766300941353,0.0155,-0.0639195079695377));
#11032=CARTESIAN_POINT('',(0.,0.,0.));
#11033=CARTESIAN_POINT('',(0.0451248582568447,0.0051273958662795,-0.0629195079695377));
#11034=CARTESIAN_POINT('',(0.0451248582568447,0.0051273958662795,-0.0639195079695377));
#11035=CARTESIAN_POINT('',(0.0431064710567678,0.00925479173255899,-0.0639195079695377));
#11036=CARTESIAN_POINT('',(0.0471432454569215,0.001,-0.0639195079695377));
#11037=CARTESIAN_POINT('',(0.0471432454569215,0.001,-0.0629195079695377));
#11038=CARTESIAN_POINT('',(0.0471432454569215,0.001,-0.0629195079695377));
#11039=CARTESIAN_POINT('',(0.0451248582568447,0.0051273958662795,-0.0629195079695377));
#11040=CARTESIAN_POINT('',(0.0431064710567678,0.00925479173255899,-0.0629195079695377));
#11041=CARTESIAN_POINT('',(0.0431064710567678,0.00925479173255899,-0.0629195079695377));
#11042=CARTESIAN_POINT('',(0.0437843666994759,0.00925479173255899,-0.0629195079695377));
#11043=CARTESIAN_POINT('',(0.0437843666994759,0.00925479173255899,-0.0639195079695377));
#11044=CARTESIAN_POINT('',(0.0444622623421838,0.00925479173255899,-0.0639195079695377));
#11045=CARTESIAN_POINT('',(0.0437843666994759,0.00925479173255899,-0.0629195079695377));
#11046=CARTESIAN_POINT('',(0.0444622623421838,0.00925479173255899,-0.0629195079695377));
#11047=CARTESIAN_POINT('',(0.0444622623421838,0.00925479173255899,-0.0629195079695377));
#11048=CARTESIAN_POINT('',(0.0460063579727966,0.00581235292193238,-0.0629195079695377));
#11049=CARTESIAN_POINT('',(0.0460063579727966,0.00581235292193238,-0.0639195079695377));
#11050=CARTESIAN_POINT('',(0.0475504536034092,0.00236991411130576,-0.0639195079695377));
#11051=CARTESIAN_POINT('',(0.0460063579727966,0.00581235292193238,-0.0629195079695377));
#11052=CARTESIAN_POINT('',(0.0475504536034092,0.00236991411130576,-0.0629195079695377));
#11053=CARTESIAN_POINT('',(0.0475504536034092,0.00236991411130576,-0.0629195079695377));
#11054=CARTESIAN_POINT('',(0.0479423620218498,0.00581235292193238,-0.0629195079695377));
#11055=CARTESIAN_POINT('',(0.0479423620218498,0.00581235292193238,-0.0639195079695377));
#11056=CARTESIAN_POINT('',(0.0483342704402904,0.00925479173255899,-0.0639195079695377));
#11057=CARTESIAN_POINT('',(0.0479423620218498,0.00581235292193238,-0.0629195079695377));
#11058=CARTESIAN_POINT('',(0.0483342704402904,0.00925479173255899,-0.0629195079695377));
#11059=CARTESIAN_POINT('',(0.0483342704402904,0.00925479173255899,-0.0629195079695377));
#11060=CARTESIAN_POINT('',(0.0490415886369354,0.00925479173255899,-0.0629195079695377));
#11061=CARTESIAN_POINT('',(0.0490415886369354,0.00925479173255899,-0.0639195079695377));
#11062=CARTESIAN_POINT('',(0.0497489068335804,0.00925479173255899,-0.0639195079695377));
#11063=CARTESIAN_POINT('',(0.0490415886369354,0.00925479173255899,-0.0629195079695377));
#11064=CARTESIAN_POINT('',(0.0497489068335804,0.00925479173255899,-0.0629195079695377));
#11065=CARTESIAN_POINT('',(0.0497489068335804,0.00925479173255899,-0.0629195079695377));
#11066=CARTESIAN_POINT('',(0.0513765625173741,0.00578999178094027,-0.0629195079695377));
#11067=CARTESIAN_POINT('',(0.0513765625173741,0.00578999178094027,-0.0639195079695377));
#11068=CARTESIAN_POINT('',(0.0530042182011678,0.00232519182932155,-0.0639195079695377));
#11069=CARTESIAN_POINT('',(0.0513765625173741,0.00578999178094027,-0.0629195079695377));
#11070=CARTESIAN_POINT('',(0.0530042182011678,0.00232519182932155,-0.0629195079695377));
#11071=CARTESIAN_POINT('',(0.0530042182011678,0.00232519182932155,-0.0629195079695377));
#11072=CARTESIAN_POINT('',(0.0533431660225218,0.00578999178094028,-0.0629195079695377));
#11073=CARTESIAN_POINT('',(0.0533431660225218,0.00578999178094028,-0.0639195079695377));
#11074=CARTESIAN_POINT('',(0.0536821138438758,0.00925479173255899,-0.0639195079695377));
#11075=CARTESIAN_POINT('',(0.0533431660225218,0.00578999178094028,-0.0629195079695377));
#11076=CARTESIAN_POINT('',(0.0536821138438758,0.00925479173255899,-0.0629195079695377));
#11077=CARTESIAN_POINT('',(0.0536821138438758,0.00925479173255899,-0.0629195079695377));
#11078=CARTESIAN_POINT('',(0.0543823706275759,0.00925479173255899,-0.0629195079695377));
#11079=CARTESIAN_POINT('',(0.0543823706275759,0.00925479173255899,-0.0639195079695377));
#11080=CARTESIAN_POINT('',(0.055082627411276,0.00925479173255899,-0.0639195079695377));
#11081=CARTESIAN_POINT('',(0.0543823706275759,0.00925479173255899,-0.0629195079695377));
#11082=CARTESIAN_POINT('',(0.055082627411276,0.00925479173255899,-0.0629195079695377));
#11083=CARTESIAN_POINT('',(0.055082627411276,0.00925479173255899,-0.0629195079695377));
#11084=CARTESIAN_POINT('',(0.054517714375686,0.0051273958662795,-0.0629195079695377));
#11085=CARTESIAN_POINT('',(0.054517714375686,0.0051273958662795,-0.0639195079695377));
#11086=CARTESIAN_POINT('',(0.053952801340096,0.001,-0.0639195079695377));
#11087=CARTESIAN_POINT('',(0.054517714375686,0.0051273958662795,-0.0629195079695377));
#11088=CARTESIAN_POINT('',(0.053952801340096,0.001,-0.0629195079695377));
#11089=CARTESIAN_POINT('',(0.053952801340096,0.001,-0.0629195079695377));
#11090=CARTESIAN_POINT('',(0.0532443062412935,0.001,-0.0629195079695377));
#11091=CARTESIAN_POINT('',(0.0532443062412935,0.001,-0.0639195079695377));
#11092=CARTESIAN_POINT('',(0.0525358111424911,0.001,-0.0639195079695377));
#11093=CARTESIAN_POINT('',(0.0532443062412935,0.001,-0.0629195079695377));
#11094=CARTESIAN_POINT('',(0.0525358111424911,0.001,-0.0629195079695377));
#11095=CARTESIAN_POINT('',(0.0525358111424911,0.001,-0.0629195079695377));
#11096=CARTESIAN_POINT('',(0.050954054642839,0.00428355701936693,-0.0629195079695377));
#11097=CARTESIAN_POINT('',(0.050954054642839,0.00428355701936693,-0.0639195079695377));
#11098=CARTESIAN_POINT('',(0.049372298143187,0.00756711403873384,-0.0639195079695377));
#11099=CARTESIAN_POINT('',(0.050954054642839,0.00428355701936693,-0.0629195079695377));
#11100=CARTESIAN_POINT('',(0.049372298143187,0.00756711403873384,-0.0629195079695377));
#11101=CARTESIAN_POINT('',(0.049372298143187,0.00756711403873384,-0.0629195079695377));
#11102=CARTESIAN_POINT('',(0.0489662668988567,0.00428355701936693,-0.0629195079695377));
#11103=CARTESIAN_POINT('',(0.0489662668988567,0.00428355701936693,-0.0639195079695377));
#11104=CARTESIAN_POINT('',(0.0485602356545264,0.001,-0.0639195079695377));
#11105=CARTESIAN_POINT('',(0.0489662668988567,0.00428355701936693,-0.0629195079695377));
#11106=CARTESIAN_POINT('',(0.0485602356545264,0.001,-0.0629195079695377));
#11107=CARTESIAN_POINT('',(0.0485602356545264,0.001,-0.0629195079695377));
#11108=CARTESIAN_POINT('',(0.0478517405557239,0.001,-0.0629195079695377));
#11109=CARTESIAN_POINT('',(0.0478517405557239,0.001,-0.0639195079695377));
#11110=CARTESIAN_POINT('',(0.0478517405557239,0.001,-0.0629195079695377));
#11111=CARTESIAN_POINT('',(0.0449766300941353,0.0155,-0.0629195079695377));
#11112=CARTESIAN_POINT('',(0.0449766300941353,0.0155,-0.0639195079695377));
#11113=CARTESIAN_POINT('',(0.,0.,0.));
#11114=CARTESIAN_POINT('',(0.0710414206666937,0.00657380861782141,-0.0629195079695377));
#11115=CARTESIAN_POINT('',(0.0710414206666937,0.00657380861782141,-0.0639195079695377));
#11116=CARTESIAN_POINT('',(0.0700551766587262,0.0121476172356428,-0.0639195079695377));
#11117=CARTESIAN_POINT('',(0.0720276646746613,0.001,-0.0639195079695377));
#11118=CARTESIAN_POINT('',(0.0720276646746613,0.001,-0.0629195079695377));
#11119=CARTESIAN_POINT('',(0.0720276646746613,0.001,-0.0629195079695377));
#11120=CARTESIAN_POINT('',(0.0710414206666937,0.00657380861782141,-0.0629195079695377));
#11121=CARTESIAN_POINT('',(0.0700551766587262,0.0121476172356428,-0.0629195079695377));
#11122=CARTESIAN_POINT('',(0.0700551766587262,0.0121476172356428,-0.0629195079695377));
#11123=CARTESIAN_POINT('',(0.0707401337143791,0.0121476172356428,-0.0629195079695377));
#11124=CARTESIAN_POINT('',(0.0707401337143791,0.0121476172356428,-0.0639195079695377));
#11125=CARTESIAN_POINT('',(0.071425090770032,0.0121476172356428,-0.0639195079695377));
#11126=CARTESIAN_POINT('',(0.0707401337143791,0.0121476172356428,-0.0629195079695377));
#11127=CARTESIAN_POINT('',(0.071425090770032,0.0121476172356428,-0.0629195079695377));
#11128=CARTESIAN_POINT('',(0.071425090770032,0.0121476172356428,-0.0629195079695377));
#11129=CARTESIAN_POINT('',(0.072412511680157,0.00657380861782141,-0.0629195079695377));
#11130=CARTESIAN_POINT('',(0.072412511680157,0.00657380861782141,-0.0639195079695377));
#11131=CARTESIAN_POINT('',(0.073399932590282,0.001,-0.0639195079695377));
#11132=CARTESIAN_POINT('',(0.072412511680157,0.00657380861782141,-0.0629195079695377));
#11133=CARTESIAN_POINT('',(0.073399932590282,0.001,-0.0629195079695377));
#11134=CARTESIAN_POINT('',(0.073399932590282,0.001,-0.0629195079695377));
#11135=CARTESIAN_POINT('',(0.0727137986324717,0.001,-0.0629195079695377));
#11136=CARTESIAN_POINT('',(0.0727137986324717,0.001,-0.0639195079695377));
#11137=CARTESIAN_POINT('',(0.0727137986324717,0.001,-0.0629195079695377));
#11138=CARTESIAN_POINT('',(0.0449766300941353,0.0155,-0.0629195079695377));
#11139=CARTESIAN_POINT('',(0.0449766300941353,0.0155,-0.0639195079695377));
#11140=CARTESIAN_POINT('',(0.,0.,0.));
#11141=CARTESIAN_POINT('',(0.0394157058909132,0.00202390487700689,-0.0629195079695377));
#11142=CARTESIAN_POINT('',(0.0394157058909132,0.00202390487700689,-0.0639195079695377));
#11143=CARTESIAN_POINT('',(0.0387629174942314,0.00202390487700689,-0.0629195079695377));
#11144=CARTESIAN_POINT('',(0.0387629174942314,0.00202390487700689,-0.0639195079695377));
#11145=CARTESIAN_POINT('',(0.0381752510169301,0.00220240170422457,-0.0629195079695377));
#11146=CARTESIAN_POINT('',(0.0381752510169301,0.00220240170422457,-0.0639195079695377));
#11147=CARTESIAN_POINT('',(0.0376527064590093,0.00255939535865992,-0.0629195079695377));
#11148=CARTESIAN_POINT('',(0.0376527064590093,0.00255939535865992,-0.0639195079695377));
#11149=CARTESIAN_POINT('',(0.0394157058909132,0.00202390487700689,-0.0639195079695377));
#11150=CARTESIAN_POINT('',(0.0384365232958905,0.00202390487700689,-0.0639195079695377));
#11151=CARTESIAN_POINT('',(0.0376527064590093,0.00255939535865992,-0.0639195079695377));
#11152=CARTESIAN_POINT('',(0.0394157058909132,0.00202390487700689,-0.0639195079695377));
#11153=CARTESIAN_POINT('',(0.0376527064590093,0.00255939535865992,-0.0639195079695377));
#11154=CARTESIAN_POINT('',(0.0376527064590093,0.00255939535865992,-0.0629195079695377));
#11155=CARTESIAN_POINT('',(0.0376527064590093,0.00255939535865992,-0.0629195079695377));
#11156=CARTESIAN_POINT('',(0.0394157058909132,0.00202390487700689,-0.0629195079695377));
#11157=CARTESIAN_POINT('',(0.0384365232958905,0.00202390487700689,-0.0629195079695377));
#11158=CARTESIAN_POINT('',(0.0376527064590093,0.00255939535865992,-0.0629195079695377));
#11159=CARTESIAN_POINT('',(0.0394157058909132,0.00202390487700689,-0.0629195079695377));
#11160=CARTESIAN_POINT('',(0.0394157058909132,0.00202390487700689,-0.0629195079695377));
#11161=CARTESIAN_POINT('',(0.0410268849445021,0.00263471709673859,-0.0629195079695377));
#11162=CARTESIAN_POINT('',(0.0410268849445021,0.00263471709673859,-0.0639195079695377));
#11163=CARTESIAN_POINT('',(0.0406055539721246,0.00222750895025079,-0.0629195079695377));
#11164=CARTESIAN_POINT('',(0.0406055539721246,0.00222750895025079,-0.0639195079695377));
#11165=CARTESIAN_POINT('',(0.0400684942875949,0.00202390487700689,-0.0629195079695377));
#11166=CARTESIAN_POINT('',(0.0400684942875949,0.00202390487700689,-0.0639195079695377));
#11167=CARTESIAN_POINT('',(0.0394157058909132,0.00202390487700689,-0.0629195079695377));
#11168=CARTESIAN_POINT('',(0.0394157058909132,0.00202390487700689,-0.0639195079695377));
#11169=CARTESIAN_POINT('',(0.0410268849445021,0.00263471709673859,-0.0639195079695377));
#11170=CARTESIAN_POINT('',(0.0403948884859358,0.00202390487700689,-0.0639195079695377));
#11171=CARTESIAN_POINT('',(0.0394157058909132,0.00202390487700689,-0.0639195079695377));
#11172=CARTESIAN_POINT('',(0.0410268849445021,0.00263471709673859,-0.0639195079695377));
#11173=CARTESIAN_POINT('',(0.0410268849445021,0.00263471709673859,-0.0629195079695377));
#11174=CARTESIAN_POINT('',(0.0403948884859358,0.00202390487700689,-0.0629195079695377));
#11175=CARTESIAN_POINT('',(0.0394157058909132,0.00202390487700689,-0.0629195079695377));
#11176=CARTESIAN_POINT('',(0.0410268849445021,0.00263471709673859,-0.0629195079695377));
#11177=CARTESIAN_POINT('',(0.0410268849445021,0.00263471709673859,-0.0629195079695377));
#11178=CARTESIAN_POINT('',(0.0416588814030684,0.00435887875744559,-0.0629195079695377));
#11179=CARTESIAN_POINT('',(0.0416588814030684,0.00435887875744559,-0.0639195079695377));
#11180=CARTESIAN_POINT('',(0.0416588814030684,0.00361664579679539,-0.0629195079695377));
#11181=CARTESIAN_POINT('',(0.0416588814030684,0.00361664579679539,-0.0639195079695377));
#11182=CARTESIAN_POINT('',(0.0414482159168797,0.00304192524322639,-0.0629195079695377));
#11183=CARTESIAN_POINT('',(0.0414482159168797,0.00304192524322639,-0.0639195079695377));
#11184=CARTESIAN_POINT('',(0.0410268849445021,0.00263471709673859,-0.0629195079695377));
#11185=CARTESIAN_POINT('',(0.0410268849445021,0.00263471709673859,-0.0639195079695377));
#11186=CARTESIAN_POINT('',(0.0416588814030684,0.00435887875744559,-0.0639195079695377));
#11187=CARTESIAN_POINT('',(0.0416588814030684,0.00324552931647028,-0.0639195079695377));
#11188=CARTESIAN_POINT('',(0.0410268849445021,0.00263471709673859,-0.0639195079695377));
#11189=CARTESIAN_POINT('',(0.0416588814030684,0.00435887875744559,-0.0639195079695377));
#11190=CARTESIAN_POINT('',(0.0416588814030684,0.00435887875744559,-0.0629195079695377));
#11191=CARTESIAN_POINT('',(0.0416588814030684,0.00324552931647028,-0.0629195079695377));
#11192=CARTESIAN_POINT('',(0.0410268849445021,0.00263471709673859,-0.0629195079695377));
#11193=CARTESIAN_POINT('',(0.0416588814030684,0.00435887875744559,-0.0629195079695377));
#11194=CARTESIAN_POINT('',(0.0416588814030684,0.00435887875744559,-0.0629195079695377));
#11195=CARTESIAN_POINT('',(0.0372461920785517,0.00439404114764532,-0.0629195079695377));
#11196=CARTESIAN_POINT('',(0.0372461920785517,0.00439404114764532,-0.0639195079695377));
#11197=CARTESIAN_POINT('',(0.0412375504306909,0.00627252166550674,-0.0639195079695377));
#11198=CARTESIAN_POINT('',(0.0372461920785517,0.00439404114764532,-0.0629195079695377));
#11199=CARTESIAN_POINT('',(0.0412375504306909,0.00627252166550674,-0.0629195079695377));
#11200=CARTESIAN_POINT('',(0.0412375504306909,0.00627252166550674,-0.0629195079695377));
#11201=CARTESIAN_POINT('',(0.0400477023494794,0.00769657327605656,-0.0629195079695377));
#11202=CARTESIAN_POINT('',(0.0400477023494794,0.00769657327605656,-0.0639195079695377));
#11203=CARTESIAN_POINT('',(0.040560047088702,0.00734036422305953,-0.0629195079695377));
#11204=CARTESIAN_POINT('',(0.040560047088702,0.00734036422305953,-0.0639195079695377));
#11205=CARTESIAN_POINT('',(0.0409566631157725,0.00686568035287625,-0.0629195079695377));
#11206=CARTESIAN_POINT('',(0.0409566631157725,0.00686568035287625,-0.0639195079695377));
#11207=CARTESIAN_POINT('',(0.0412375504306909,0.00627252166550674,-0.0629195079695377));
#11208=CARTESIAN_POINT('',(0.0412375504306909,0.00627252166550674,-0.0639195079695377));
#11209=CARTESIAN_POINT('',(0.0400477023494794,0.00769657327605656,-0.0639195079695377));
#11210=CARTESIAN_POINT('',(0.0408162194583133,0.00716225969656101,-0.0639195079695377));
#11211=CARTESIAN_POINT('',(0.0412375504306909,0.00627252166550674,-0.0639195079695377));
#11212=CARTESIAN_POINT('',(0.0400477023494794,0.00769657327605656,-0.0639195079695377));
#11213=CARTESIAN_POINT('',(0.0400477023494794,0.00769657327605656,-0.0629195079695377));
#11214=CARTESIAN_POINT('',(0.0408162194583133,0.00716225969656101,-0.0629195079695377));
#11215=CARTESIAN_POINT('',(0.0412375504306909,0.00627252166550674,-0.0629195079695377));
#11216=CARTESIAN_POINT('',(0.0400477023494794,0.00769657327605656,-0.0629195079695377));
#11217=CARTESIAN_POINT('',(0.0400477023494794,0.00769657327605656,-0.0629195079695377));
#11218=CARTESIAN_POINT('',(0.0383000026456229,0.00823088685555211,-0.0629195079695377));
#11219=CARTESIAN_POINT('',(0.0383000026456229,0.00823088685555211,-0.0639195079695377));
#11220=CARTESIAN_POINT('',(0.0389527910423046,0.00823088685555211,-0.0629195079695377));
#11221=CARTESIAN_POINT('',(0.0389527910423046,0.00823088685555211,-0.0639195079695377));
#11222=CARTESIAN_POINT('',(0.0395353576102568,0.00805278232905359,-0.0629195079695377));
#11223=CARTESIAN_POINT('',(0.0395353576102568,0.00805278232905359,-0.0639195079695377));
#11224=CARTESIAN_POINT('',(0.0400477023494794,0.00769657327605656,-0.0629195079695377));
#11225=CARTESIAN_POINT('',(0.0400477023494794,0.00769657327605656,-0.0639195079695377));
#11226=CARTESIAN_POINT('',(0.0383000026456229,0.00823088685555211,-0.0639195079695377));
#11227=CARTESIAN_POINT('',(0.0392791852406455,0.00823088685555211,-0.0639195079695377));
#11228=CARTESIAN_POINT('',(0.0400477023494794,0.00769657327605656,-0.0639195079695377));
#11229=CARTESIAN_POINT('',(0.0383000026456229,0.00823088685555211,-0.0639195079695377));
#11230=CARTESIAN_POINT('',(0.0383000026456229,0.00823088685555211,-0.0629195079695377));
#11231=CARTESIAN_POINT('',(0.0392791852406455,0.00823088685555211,-0.0629195079695377));
#11232=CARTESIAN_POINT('',(0.0400477023494794,0.00769657327605656,-0.0629195079695377));
#11233=CARTESIAN_POINT('',(0.0383000026456229,0.00823088685555211,-0.0629195079695377));
#11234=CARTESIAN_POINT('',(0.0383000026456229,0.00823088685555211,-0.0629195079695377));
#11235=CARTESIAN_POINT('',(0.0366441013100497,0.00762125153797789,-0.0629195079695377));
#11236=CARTESIAN_POINT('',(0.0366441013100497,0.00762125153797789,-0.0639195079695377));
#11237=CARTESIAN_POINT('',(0.0370858319198235,0.00802767508302737,-0.0629195079695377));
#11238=CARTESIAN_POINT('',(0.0370858319198235,0.00802767508302737,-0.0639195079695377));
#11239=CARTESIAN_POINT('',(0.0376377990316812,0.00823088685555211,-0.0629195079695377));
#11240=CARTESIAN_POINT('',(0.0376377990316812,0.00823088685555211,-0.0639195079695377));
#11241=CARTESIAN_POINT('',(0.0383000026456229,0.00823088685555211,-0.0629195079695377));
#11242=CARTESIAN_POINT('',(0.0383000026456229,0.00823088685555211,-0.0639195079695377));
#11243=CARTESIAN_POINT('',(0.0366441013100497,0.00762125153797789,-0.0639195079695377));
#11244=CARTESIAN_POINT('',(0.0373066972247105,0.00823088685555211,-0.0639195079695377));
#11245=CARTESIAN_POINT('',(0.0383000026456229,0.00823088685555211,-0.0639195079695377));
#11246=CARTESIAN_POINT('',(0.0366441013100497,0.00762125153797789,-0.0639195079695377));
#11247=CARTESIAN_POINT('',(0.0366441013100497,0.00762125153797789,-0.0629195079695377));
#11248=CARTESIAN_POINT('',(0.0373066972247105,0.00823088685555211,-0.0629195079695377));
#11249=CARTESIAN_POINT('',(0.0383000026456229,0.00823088685555211,-0.0629195079695377));
#11250=CARTESIAN_POINT('',(0.0366441013100497,0.00762125153797789,-0.0629195079695377));
#11251=CARTESIAN_POINT('',(0.0366441013100497,0.00762125153797789,-0.0629195079695377));
#11252=CARTESIAN_POINT('',(0.0359815053953889,0.00586531351901895,-0.0629195079695377));
#11253=CARTESIAN_POINT('',(0.0359815053953889,0.00586531351901895,-0.0639195079695377));
#11254=CARTESIAN_POINT('',(0.0359815053953889,0.0066295153199421,-0.0629195079695377));
#11255=CARTESIAN_POINT('',(0.0359815053953889,0.0066295153199421,-0.0639195079695377));
#11256=CARTESIAN_POINT('',(0.0362023707002758,0.00721482799292841,-0.0629195079695377));
#11257=CARTESIAN_POINT('',(0.0362023707002758,0.00721482799292841,-0.0639195079695377));
#11258=CARTESIAN_POINT('',(0.0366441013100497,0.00762125153797789,-0.0629195079695377));
#11259=CARTESIAN_POINT('',(0.0366441013100497,0.00762125153797789,-0.0639195079695377));
#11260=CARTESIAN_POINT('',(0.0359815053953889,0.00586531351901895,-0.0639195079695377));
#11261=CARTESIAN_POINT('',(0.0359815053953889,0.00701161622040367,-0.0639195079695377));
#11262=CARTESIAN_POINT('',(0.0366441013100497,0.00762125153797789,-0.0639195079695377));
#11263=CARTESIAN_POINT('',(0.0359815053953889,0.00586531351901895,-0.0639195079695377));
#11264=CARTESIAN_POINT('',(0.0359815053953889,0.00586531351901895,-0.0629195079695377));
#11265=CARTESIAN_POINT('',(0.0359815053953889,0.00701161622040367,-0.0629195079695377));
#11266=CARTESIAN_POINT('',(0.0366441013100497,0.00762125153797789,-0.0629195079695377));
#11267=CARTESIAN_POINT('',(0.0359815053953889,0.00586531351901895,-0.0629195079695377));
#11268=CARTESIAN_POINT('',(0.0359815053953889,0.00586531351901895,-0.0629195079695377));
#11269=CARTESIAN_POINT('',(0.0401198623417288,0.00583749612000928,-0.0629195079695377));
#11270=CARTESIAN_POINT('',(0.0401198623417288,0.00583749612000928,-0.0639195079695377));
#11271=CARTESIAN_POINT('',(0.0364251975087585,0.00397520865410738,-0.0639195079695377));
#11272=CARTESIAN_POINT('',(0.0401198623417288,0.00583749612000928,-0.0629195079695377));
#11273=CARTESIAN_POINT('',(0.0364251975087585,0.00397520865410738,-0.0629195079695377));
#11274=CARTESIAN_POINT('',(0.0364251975087585,0.00397520865410738,-0.0629195079695377));
#11275=CARTESIAN_POINT('',(0.0395804721929602,0.000863479349732417,-0.0629195079695377));
#11276=CARTESIAN_POINT('',(0.0395804721929602,0.000863479349732417,-0.0639195079695377));
#11277=CARTESIAN_POINT('',(0.0402740598644346,0.000863479349732417,-0.0629195079695377));
#11278=CARTESIAN_POINT('',(0.0402740598644346,0.000863479349732417,-0.0639195079695377));
#11279=CARTESIAN_POINT('',(0.0408844797834471,0.00100666911222572,-0.0629195079695377));
#11280=CARTESIAN_POINT('',(0.0408844797834471,0.00100666911222572,-0.0639195079695377));
#11281=CARTESIAN_POINT('',(0.0414117319499979,0.00129304863721232,-0.0629195079695377));
#11282=CARTESIAN_POINT('',(0.0414117319499979,0.00129304863721232,-0.0639195079695377));
#11283=CARTESIAN_POINT('',(0.0395804721929602,0.000863479349732417,-0.0639195079695377));
#11284=CARTESIAN_POINT('',(0.0406208537001718,0.000863479349732417,-0.0639195079695377));
#11285=CARTESIAN_POINT('',(0.0414117319499979,0.00129304863721232,-0.0639195079695377));
#11286=CARTESIAN_POINT('',(0.0395804721929602,0.000863479349732417,-0.0639195079695377));
#11287=CARTESIAN_POINT('',(0.0414117319499979,0.00129304863721232,-0.0639195079695377));
#11288=CARTESIAN_POINT('',(0.0414117319499979,0.00129304863721232,-0.0629195079695377));
#11289=CARTESIAN_POINT('',(0.0414117319499979,0.00129304863721232,-0.0629195079695377));
#11290=CARTESIAN_POINT('',(0.0395804721929602,0.000863479349732417,-0.0629195079695377));
#11291=CARTESIAN_POINT('',(0.0406208537001718,0.000863479349732417,-0.0629195079695377));
#11292=CARTESIAN_POINT('',(0.0414117319499979,0.00129304863721232,-0.0629195079695377));
#11293=CARTESIAN_POINT('',(0.0395804721929602,0.000863479349732417,-0.0629195079695377));
#11294=CARTESIAN_POINT('',(0.0395804721929602,0.000863479349732417,-0.0629195079695377));
#11295=CARTESIAN_POINT('',(0.0370348328263327,0.00154137499244043,-0.0629195079695377));
#11296=CARTESIAN_POINT('',(0.0370348328263327,0.00154137499244043,-0.0639195079695377));
#11297=CARTESIAN_POINT('',(0.0377982500258176,0.00108944456396842,-0.0629195079695377));
#11298=CARTESIAN_POINT('',(0.0377982500258176,0.00108944456396842,-0.0639195079695377));
#11299=CARTESIAN_POINT('',(0.0386467964813601,0.000863479349732417,-0.0629195079695377));
#11300=CARTESIAN_POINT('',(0.0386467964813601,0.000863479349732417,-0.0639195079695377));
#11301=CARTESIAN_POINT('',(0.0395804721929602,0.000863479349732417,-0.0629195079695377));
#11302=CARTESIAN_POINT('',(0.0395804721929602,0.000863479349732417,-0.0639195079695377));
#11303=CARTESIAN_POINT('',(0.0370348328263327,0.00154137499244043,-0.0639195079695377));
#11304=CARTESIAN_POINT('',(0.03817995862556,0.000863479349732417,-0.0639195079695377));
#11305=CARTESIAN_POINT('',(0.0395804721929602,0.000863479349732417,-0.0639195079695377));
#11306=CARTESIAN_POINT('',(0.0370348328263327,0.00154137499244043,-0.0639195079695377));
#11307=CARTESIAN_POINT('',(0.0370348328263327,0.00154137499244043,-0.0629195079695377));
#11308=CARTESIAN_POINT('',(0.03817995862556,0.000863479349732417,-0.0629195079695377));
#11309=CARTESIAN_POINT('',(0.0395804721929602,0.000863479349732417,-0.0629195079695377));
#11310=CARTESIAN_POINT('',(0.0370348328263327,0.00154137499244043,-0.0629195079695377));
#11311=CARTESIAN_POINT('',(0.0370348328263327,0.00154137499244043,-0.0629195079695377));
#11312=CARTESIAN_POINT('',(0.0395397701851009,0.00581191233105497,-0.0629195079695377));
#11313=CARTESIAN_POINT('',(0.0395397701851009,0.00581191233105497,-0.0639195079695377));
#11314=CARTESIAN_POINT('',(0.0352271111124447,0.00337969616242291,-0.0639195079695377));
#11315=CARTESIAN_POINT('',(0.0395397701851009,0.00581191233105497,-0.0629195079695377));
#11316=CARTESIAN_POINT('',(0.0352271111124447,0.00337969616242291,-0.0629195079695377));
#11317=CARTESIAN_POINT('',(0.0352271111124447,0.00337969616242291,-0.0629195079695377));
#11318=CARTESIAN_POINT('',(0.0345645151977839,0.00594063525709761,-0.0629195079695377));
#11319=CARTESIAN_POINT('',(0.0345645151977839,0.00594063525709761,-0.0639195079695377));
#11320=CARTESIAN_POINT('',(0.0345645151977839,0.00500695954549746,-0.0629195079695377));
#11321=CARTESIAN_POINT('',(0.0345645151977839,0.00500695954549746,-0.0639195079695377));
#11322=CARTESIAN_POINT('',(0.0347853805026709,0.0041533131806059,-0.0629195079695377));
#11323=CARTESIAN_POINT('',(0.0347853805026709,0.0041533131806059,-0.0639195079695377));
#11324=CARTESIAN_POINT('',(0.0352271111124447,0.00337969616242291,-0.0629195079695377));
#11325=CARTESIAN_POINT('',(0.0352271111124447,0.00337969616242291,-0.0639195079695377));
#11326=CARTESIAN_POINT('',(0.0345645151977839,0.00594063525709761,-0.0639195079695377));
#11327=CARTESIAN_POINT('',(0.0345645151977839,0.00454012168969739,-0.0639195079695377));
#11328=CARTESIAN_POINT('',(0.0352271111124447,0.00337969616242291,-0.0639195079695377));
#11329=CARTESIAN_POINT('',(0.0345645151977839,0.00594063525709761,-0.0639195079695377));
#11330=CARTESIAN_POINT('',(0.0345645151977839,0.00594063525709761,-0.0629195079695377));
#11331=CARTESIAN_POINT('',(0.0345645151977839,0.00454012168969739,-0.0629195079695377));
#11332=CARTESIAN_POINT('',(0.0352271111124447,0.00337969616242291,-0.0629195079695377));
#11333=CARTESIAN_POINT('',(0.0345645151977839,0.00594063525709761,-0.0629195079695377));
#11334=CARTESIAN_POINT('',(0.0345645151977839,0.00594063525709761,-0.0629195079695377));
#11335=CARTESIAN_POINT('',(0.035009384213311,0.00775659528608799,-0.0629195079695377));
#11336=CARTESIAN_POINT('',(0.035009384213311,0.00775659528608799,-0.0639195079695377));
#11337=CARTESIAN_POINT('',(0.0347128048696263,0.00723954293823547,-0.0629195079695377));
#11338=CARTESIAN_POINT('',(0.0347128048696263,0.00723954293823547,-0.0639195079695377));
#11339=CARTESIAN_POINT('',(0.0345645151977839,0.00663422292857201,-0.0629195079695377));
#11340=CARTESIAN_POINT('',(0.0345645151977839,0.00663422292857201,-0.0639195079695377));
#11341=CARTESIAN_POINT('',(0.0345645151977839,0.00594063525709761,-0.0629195079695377));
#11342=CARTESIAN_POINT('',(0.0345645151977839,0.00594063525709761,-0.0639195079695377));
#11343=CARTESIAN_POINT('',(0.035009384213311,0.00775659528608799,-0.0639195079695377));
#11344=CARTESIAN_POINT('',(0.0345645151977839,0.00698101676430921,-0.0639195079695377));
#11345=CARTESIAN_POINT('',(0.0345645151977839,0.00594063525709761,-0.0639195079695377));
#11346=CARTESIAN_POINT('',(0.035009384213311,0.00775659528608799,-0.0639195079695377));
#11347=CARTESIAN_POINT('',(0.035009384213311,0.00775659528608799,-0.0629195079695377));
#11348=CARTESIAN_POINT('',(0.0345645151977839,0.00698101676430921,-0.0629195079695377));
#11349=CARTESIAN_POINT('',(0.0345645151977839,0.00594063525709761,-0.0629195079695377));
#11350=CARTESIAN_POINT('',(0.035009384213311,0.00775659528608799,-0.0629195079695377));
#11351=CARTESIAN_POINT('',(0.035009384213311,0.00775659528608799,-0.0629195079695377));
#11352=CARTESIAN_POINT('',(0.0376837488839276,0.00623135614966111,-0.0629195079695377));
#11353=CARTESIAN_POINT('',(0.0376837488839276,0.00623135614966111,-0.0639195079695377));
#11354=CARTESIAN_POINT('',(0.0362592543045539,0.00896174309534668,-0.0639195079695377));
#11355=CARTESIAN_POINT('',(0.0376837488839276,0.00623135614966111,-0.0629195079695377));
#11356=CARTESIAN_POINT('',(0.0362592543045539,0.00896174309534668,-0.0629195079695377));
#11357=CARTESIAN_POINT('',(0.0362592543045539,0.00896174309534668,-0.0629195079695377));
#11358=CARTESIAN_POINT('',(0.0381046368874813,0.00939131238282658,-0.0629195079695377));
#11359=CARTESIAN_POINT('',(0.0381046368874813,0.00939131238282658,-0.0639195079695377));
#11360=CARTESIAN_POINT('',(0.0374110492160069,0.00939131238282658,-0.0629195079695377));
#11361=CARTESIAN_POINT('',(0.0374110492160069,0.00939131238282658,-0.0639195079695377));
#11362=CARTESIAN_POINT('',(0.0367959216883645,0.00924812262033328,-0.0629195079695377));
#11363=CARTESIAN_POINT('',(0.0367959216883645,0.00924812262033328,-0.0639195079695377));
#11364=CARTESIAN_POINT('',(0.0362592543045539,0.00896174309534668,-0.0629195079695377));
#11365=CARTESIAN_POINT('',(0.0362592543045539,0.00896174309534668,-0.0639195079695377));
#11366=CARTESIAN_POINT('',(0.0381046368874813,0.00939131238282658,-0.0639195079695377));
#11367=CARTESIAN_POINT('',(0.0370642553802697,0.00939131238282658,-0.0639195079695377));
#11368=CARTESIAN_POINT('',(0.0362592543045539,0.00896174309534668,-0.0639195079695377));
#11369=CARTESIAN_POINT('',(0.0381046368874813,0.00939131238282658,-0.0639195079695377));
#11370=CARTESIAN_POINT('',(0.0381046368874813,0.00939131238282658,-0.0629195079695377));
#11371=CARTESIAN_POINT('',(0.0370642553802697,0.00939131238282658,-0.0629195079695377));
#11372=CARTESIAN_POINT('',(0.0362592543045539,0.00896174309534668,-0.0629195079695377));
#11373=CARTESIAN_POINT('',(0.0381046368874813,0.00939131238282658,-0.0629195079695377));
#11374=CARTESIAN_POINT('',(0.0381046368874813,0.00939131238282658,-0.0629195079695377));
#11375=CARTESIAN_POINT('',(0.0406432148411639,0.00871341674011857,-0.0629195079695377));
#11376=CARTESIAN_POINT('',(0.0406432148411639,0.00871341674011857,-0.0639195079695377));
#11377=CARTESIAN_POINT('',(0.039884505250309,0.00916534716859058,-0.0629195079695377));
#11378=CARTESIAN_POINT('',(0.039884505250309,0.00916534716859058,-0.0639195079695377));
#11379=CARTESIAN_POINT('',(0.0390383125990815,0.00939131238282658,-0.0629195079695377));
#11380=CARTESIAN_POINT('',(0.0390383125990815,0.00939131238282658,-0.0639195079695377));
#11381=CARTESIAN_POINT('',(0.0381046368874813,0.00939131238282658,-0.0629195079695377));
#11382=CARTESIAN_POINT('',(0.0381046368874813,0.00939131238282658,-0.0639195079695377));
#11383=CARTESIAN_POINT('',(0.0406432148411639,0.00871341674011857,-0.0639195079695377));
#11384=CARTESIAN_POINT('',(0.0395051504548816,0.00939131238282658,-0.0639195079695377));
#11385=CARTESIAN_POINT('',(0.0381046368874813,0.00939131238282658,-0.0639195079695377));
#11386=CARTESIAN_POINT('',(0.0406432148411639,0.00871341674011857,-0.0639195079695377));
#11387=CARTESIAN_POINT('',(0.0406432148411639,0.00871341674011857,-0.0629195079695377));
#11388=CARTESIAN_POINT('',(0.0395051504548816,0.00939131238282658,-0.0629195079695377));
#11389=CARTESIAN_POINT('',(0.0381046368874813,0.00939131238282658,-0.0629195079695377));
#11390=CARTESIAN_POINT('',(0.0406432148411639,0.00871341674011857,-0.0629195079695377));
#11391=CARTESIAN_POINT('',(0.0406432148411639,0.00871341674011857,-0.0629195079695377));
#11392=CARTESIAN_POINT('',(0.0381831802537545,0.00454831280106372,-0.0629195079695377));
#11393=CARTESIAN_POINT('',(0.0381831802537545,0.00454831280106372,-0.0639195079695377));
#11394=CARTESIAN_POINT('',(0.0424285754140599,0.00686803415719121,-0.0639195079695377));
#11395=CARTESIAN_POINT('',(0.0381831802537545,0.00454831280106372,-0.0629195079695377));
#11396=CARTESIAN_POINT('',(0.0424285754140599,0.00686803415719121,-0.0629195079695377));
#11397=CARTESIAN_POINT('',(0.0424285754140599,0.00686803415719121,-0.0629195079695377));
#11398=CARTESIAN_POINT('',(0.0430758716006734,0.00430003364957164,-0.0629195079695377));
#11399=CARTESIAN_POINT('',(0.0430758716006734,0.00430003364957164,-0.0639195079695377));
#11400=CARTESIAN_POINT('',(0.0430758716006734,0.00523370936117179,-0.0629195079695377));
#11401=CARTESIAN_POINT('',(0.0430758716006734,0.00523370936117179,-0.0639195079695377));
#11402=CARTESIAN_POINT('',(0.0428601062051355,0.00608970953037831,-0.0629195079695377));
#11403=CARTESIAN_POINT('',(0.0428601062051355,0.00608970953037831,-0.0639195079695377));
#11404=CARTESIAN_POINT('',(0.0424285754140599,0.00686803415719121,-0.0629195079695377));
#11405=CARTESIAN_POINT('',(0.0424285754140599,0.00686803415719121,-0.0639195079695377));
#11406=CARTESIAN_POINT('',(0.0430758716006734,0.00430003364957164,-0.0639195079695377));
#11407=CARTESIAN_POINT('',(0.0430758716006734,0.00570054721697186,-0.0639195079695377));
#11408=CARTESIAN_POINT('',(0.0424285754140599,0.00686803415719121,-0.0639195079695377));
#11409=CARTESIAN_POINT('',(0.0430758716006734,0.00430003364957164,-0.0639195079695377));
#11410=CARTESIAN_POINT('',(0.0430758716006734,0.00430003364957164,-0.0629195079695377));
#11411=CARTESIAN_POINT('',(0.0430758716006734,0.00570054721697186,-0.0629195079695377));
#11412=CARTESIAN_POINT('',(0.0424285754140599,0.00686803415719121,-0.0629195079695377));
#11413=CARTESIAN_POINT('',(0.0430758716006734,0.00430003364957164,-0.0629195079695377));
#11414=CARTESIAN_POINT('',(0.0430758716006734,0.00430003364957164,-0.0629195079695377));
#11415=CARTESIAN_POINT('',(0.0426392409002486,0.002498196446471,-0.0629195079695377));
#11416=CARTESIAN_POINT('',(0.0426392409002486,0.002498196446471,-0.0639195079695377));
#11417=CARTESIAN_POINT('',(0.0429303280338651,0.00301524879432353,-0.0629195079695377));
#11418=CARTESIAN_POINT('',(0.0429303280338651,0.00301524879432353,-0.0639195079695377));
#11419=CARTESIAN_POINT('',(0.0430758716006734,0.00361586119535707,-0.0629195079695377));
#11420=CARTESIAN_POINT('',(0.0430758716006734,0.00361586119535707,-0.0639195079695377));
#11421=CARTESIAN_POINT('',(0.0430758716006734,0.00430003364957164,-0.0629195079695377));
#11422=CARTESIAN_POINT('',(0.0430758716006734,0.00430003364957164,-0.0639195079695377));
#11423=CARTESIAN_POINT('',(0.0426392409002486,0.002498196446471,-0.0639195079695377));
#11424=CARTESIAN_POINT('',(0.0430758716006734,0.00327377496824979,-0.0639195079695377));
#11425=CARTESIAN_POINT('',(0.0430758716006734,0.00430003364957164,-0.0639195079695377));
#11426=CARTESIAN_POINT('',(0.0426392409002486,0.002498196446471,-0.0639195079695377));
#11427=CARTESIAN_POINT('',(0.0426392409002486,0.002498196446471,-0.0629195079695377));
#11428=CARTESIAN_POINT('',(0.0430758716006734,0.00327377496824979,-0.0629195079695377));
#11429=CARTESIAN_POINT('',(0.0430758716006734,0.00430003364957164,-0.0629195079695377));
#11430=CARTESIAN_POINT('',(0.0426392409002486,0.002498196446471,-0.0629195079695377));
#11431=CARTESIAN_POINT('',(0.0426392409002486,0.002498196446471,-0.0629195079695377));
#11432=CARTESIAN_POINT('',(0.0399783022305989,0.00398204729197625,-0.0629195079695377));
#11433=CARTESIAN_POINT('',(0.0399783022305989,0.00398204729197625,-0.0639195079695377));
#11434=CARTESIAN_POINT('',(0.0399783022305989,0.00398204729197625,-0.0629195079695377));
#11435=CARTESIAN_POINT('',(0.0376527064590093,0.00255939535865992,-0.0629195079695377));
#11436=CARTESIAN_POINT('',(0.0376527064590093,0.00255939535865992,-0.0639195079695377));
#11437=CARTESIAN_POINT('',(0.0371301619010885,0.00291638901309527,-0.0629195079695377));
#11438=CARTESIAN_POINT('',(0.0371301619010885,0.00291638901309527,-0.0639195079695377));
#11439=CARTESIAN_POINT('',(0.0367209922510049,0.00338832677824443,-0.0629195079695377));
#11440=CARTESIAN_POINT('',(0.0367209922510049,0.00338832677824443,-0.0639195079695377));
#11441=CARTESIAN_POINT('',(0.0364251975087585,0.00397520865410738,-0.0629195079695377));
#11442=CARTESIAN_POINT('',(0.0364251975087585,0.00397520865410738,-0.0639195079695377));
#11443=CARTESIAN_POINT('',(0.0376527064590093,0.00255939535865992,-0.0639195079695377));
#11444=CARTESIAN_POINT('',(0.0368688896221281,0.00309488584031295,-0.0639195079695377));
#11445=CARTESIAN_POINT('',(0.0364251975087585,0.00397520865410738,-0.0639195079695377));
#11446=CARTESIAN_POINT('',(0.0376527064590093,0.00255939535865992,-0.0629195079695377));
#11447=CARTESIAN_POINT('',(0.0368688896221281,0.00309488584031295,-0.0629195079695377));
#11448=CARTESIAN_POINT('',(0.0364251975087585,0.00397520865410738,-0.0629195079695377));
#11449=CARTESIAN_POINT('',(0.0449766300941353,0.0155,-0.0629195079695377));
#11450=CARTESIAN_POINT('',(0.0449766300941353,0.0155,-0.0639195079695377));
#11451=CARTESIAN_POINT('',(0.,0.,0.));
#11452=CARTESIAN_POINT('',(0.0205338289387184,0.00579710743147713,-0.0629195079695377));
#11453=CARTESIAN_POINT('',(0.0205338289387184,0.00579710743147713,-0.0639195079695377));
#11454=CARTESIAN_POINT('',(0.017031026855659,0.00514269559432673,-0.0639195079695377));
#11455=CARTESIAN_POINT('',(0.0169698279434702,0.00582059123703474,-0.0639195079695377));
#11456=CARTESIAN_POINT('',(0.0169698279434702,0.00582059123703474,-0.0629195079695377));
#11457=CARTESIAN_POINT('',(0.0169698279434702,0.00582059123703474,-0.0629195079695377));
#11458=CARTESIAN_POINT('',(0.0205338289387184,0.00579710743147713,-0.0629195079695377));
#11459=CARTESIAN_POINT('',(0.017031026855659,0.00514269559432673,-0.0629195079695377));
#11460=CARTESIAN_POINT('',(0.017031026855659,0.00514269559432673,-0.0629195079695377));
#11461=CARTESIAN_POINT('',(0.0177006841832647,0.00350797849758814,-0.0629195079695377));
#11462=CARTESIAN_POINT('',(0.0177006841832647,0.00350797849758814,-0.0639195079695377));
#11463=CARTESIAN_POINT('',(0.0173640901662257,0.00397481635338822,-0.0629195079695377));
#11464=CARTESIAN_POINT('',(0.0173640901662257,0.00397481635338822,-0.0639195079695377));
#11465=CARTESIAN_POINT('',(0.0171408710570238,0.00451972205230108,-0.0629195079695377));
#11466=CARTESIAN_POINT('',(0.0171408710570238,0.00451972205230108,-0.0639195079695377));
#11467=CARTESIAN_POINT('',(0.017031026855659,0.00514269559432673,-0.0629195079695377));
#11468=CARTESIAN_POINT('',(0.017031026855659,0.00514269559432673,-0.0639195079695377));
#11469=CARTESIAN_POINT('',(0.0177006841832647,0.00350797849758814,-0.0639195079695377));
#11470=CARTESIAN_POINT('',(0.0171957931577062,0.00420823528128826,-0.0639195079695377));
#11471=CARTESIAN_POINT('',(0.017031026855659,0.00514269559432673,-0.0639195079695377));
#11472=CARTESIAN_POINT('',(0.0177006841832647,0.00350797849758814,-0.0639195079695377));
#11473=CARTESIAN_POINT('',(0.0177006841832647,0.00350797849758814,-0.0629195079695377));
#11474=CARTESIAN_POINT('',(0.0171957931577062,0.00420823528128826,-0.0629195079695377));
#11475=CARTESIAN_POINT('',(0.017031026855659,0.00514269559432673,-0.0629195079695377));
#11476=CARTESIAN_POINT('',(0.0177006841832647,0.00350797849758814,-0.0629195079695377));
#11477=CARTESIAN_POINT('',(0.0177006841832647,0.00350797849758814,-0.0629195079695377));
#11478=CARTESIAN_POINT('',(0.0189058319925234,0.00243817443643957,-0.0629195079695377));
#11479=CARTESIAN_POINT('',(0.0189058319925234,0.00243817443643957,-0.0639195079695377));
#11480=CARTESIAN_POINT('',(0.0184389941367233,0.00268453928807188,-0.0629195079695377));
#11481=CARTESIAN_POINT('',(0.0184389941367233,0.00268453928807188,-0.0639195079695377));
#11482=CARTESIAN_POINT('',(0.0180372782003038,0.00304114064178807,-0.0629195079695377));
#11483=CARTESIAN_POINT('',(0.0180372782003038,0.00304114064178807,-0.0639195079695377));
#11484=CARTESIAN_POINT('',(0.0177006841832647,0.00350797849758814,-0.0629195079695377));
#11485=CARTESIAN_POINT('',(0.0177006841832647,0.00350797849758814,-0.0639195079695377));
#11486=CARTESIAN_POINT('',(0.0189058319925234,0.00243817443643957,-0.0639195079695377));
#11487=CARTESIAN_POINT('',(0.0182055752088233,0.00280772171388803,-0.0639195079695377));
#11488=CARTESIAN_POINT('',(0.0177006841832647,0.00350797849758814,-0.0639195079695377));
#11489=CARTESIAN_POINT('',(0.0189058319925234,0.00243817443643957,-0.0639195079695377));
#11490=CARTESIAN_POINT('',(0.0189058319925234,0.00243817443643957,-0.0629195079695377));
#11491=CARTESIAN_POINT('',(0.0182055752088233,0.00280772171388803,-0.0629195079695377));
#11492=CARTESIAN_POINT('',(0.0177006841832647,0.00350797849758814,-0.0629195079695377));
#11493=CARTESIAN_POINT('',(0.0189058319925234,0.00243817443643957,-0.0629195079695377));
#11494=CARTESIAN_POINT('',(0.0189058319925234,0.00243817443643957,-0.0629195079695377));
#11495=CARTESIAN_POINT('',(0.0203767692003349,0.00517292782967866,-0.0629195079695377));
#11496=CARTESIAN_POINT('',(0.0203767692003349,0.00517292782967866,-0.0639195079695377));
#11497=CARTESIAN_POINT('',(0.0203757827872149,0.0020686271589911,-0.0639195079695377));
#11498=CARTESIAN_POINT('',(0.0203767692003349,0.00517292782967866,-0.0629195079695377));
#11499=CARTESIAN_POINT('',(0.0203757827872149,0.0020686271589911,-0.0629195079695377));
#11500=CARTESIAN_POINT('',(0.0203757827872149,0.0020686271589911,-0.0629195079695377));
#11501=CARTESIAN_POINT('',(0.0220328610249456,0.00270886193265978,-0.0629195079695377));
#11502=CARTESIAN_POINT('',(0.0220328610249456,0.00270886193265978,-0.0639195079695377));
#11503=CARTESIAN_POINT('',(0.0216013302338699,0.00228203875021399,-0.0629195079695377));
#11504=CARTESIAN_POINT('',(0.0216013302338699,0.00228203875021399,-0.0639195079695377));
#11505=CARTESIAN_POINT('',(0.021048970821293,0.0020686271589911,-0.0629195079695377));
#11506=CARTESIAN_POINT('',(0.021048970821293,0.0020686271589911,-0.0639195079695377));
#11507=CARTESIAN_POINT('',(0.0203757827872149,0.0020686271589911,-0.0629195079695377));
#11508=CARTESIAN_POINT('',(0.0203757827872149,0.0020686271589911,-0.0639195079695377));
#11509=CARTESIAN_POINT('',(0.0220328610249456,0.00270886193265978,-0.0639195079695377));
#11510=CARTESIAN_POINT('',(0.021385564838332,0.0020686271589911,-0.0639195079695377));
#11511=CARTESIAN_POINT('',(0.0203757827872149,0.0020686271589911,-0.0639195079695377));
#11512=CARTESIAN_POINT('',(0.0220328610249456,0.00270886193265978,-0.0639195079695377));
#11513=CARTESIAN_POINT('',(0.0220328610249456,0.00270886193265978,-0.0629195079695377));
#11514=CARTESIAN_POINT('',(0.021385564838332,0.0020686271589911,-0.0629195079695377));
#11515=CARTESIAN_POINT('',(0.0203757827872149,0.0020686271589911,-0.0629195079695377));
#11516=CARTESIAN_POINT('',(0.0220328610249456,0.00270886193265978,-0.0629195079695377));
#11517=CARTESIAN_POINT('',(0.0220328610249456,0.00270886193265978,-0.0629195079695377));
#11518=CARTESIAN_POINT('',(0.0226801572115591,0.00446479995161872,-0.0629195079695377));
#11519=CARTESIAN_POINT('',(0.0226801572115591,0.00446479995161872,-0.0639195079695377));
#11520=CARTESIAN_POINT('',(0.0226801572115591,0.00372099778809188,-0.0629195079695377));
#11521=CARTESIAN_POINT('',(0.0226801572115591,0.00372099778809188,-0.0639195079695377));
#11522=CARTESIAN_POINT('',(0.0224643918160213,0.00313568511510556,-0.0629195079695377));
#11523=CARTESIAN_POINT('',(0.0224643918160213,0.00313568511510556,-0.0639195079695377));
#11524=CARTESIAN_POINT('',(0.0220328610249456,0.00270886193265978,-0.0629195079695377));
#11525=CARTESIAN_POINT('',(0.0220328610249456,0.00270886193265978,-0.0639195079695377));
#11526=CARTESIAN_POINT('',(0.0226801572115591,0.00446479995161872,-0.0639195079695377));
#11527=CARTESIAN_POINT('',(0.0226801572115591,0.00334909670632846,-0.0639195079695377));
#11528=CARTESIAN_POINT('',(0.0220328610249456,0.00270886193265978,-0.0639195079695377));
#11529=CARTESIAN_POINT('',(0.0226801572115591,0.00446479995161872,-0.0639195079695377));
#11530=CARTESIAN_POINT('',(0.0226801572115591,0.00446479995161872,-0.0629195079695377));
#11531=CARTESIAN_POINT('',(0.0226801572115591,0.00334909670632846,-0.0629195079695377));
#11532=CARTESIAN_POINT('',(0.0220328610249456,0.00270886193265978,-0.0629195079695377));
#11533=CARTESIAN_POINT('',(0.0226801572115591,0.00446479995161872,-0.0629195079695377));
#11534=CARTESIAN_POINT('',(0.0226801572115591,0.00446479995161872,-0.0629195079695377));
#11535=CARTESIAN_POINT('',(0.0190309031175758,0.00449552445815279,-0.0629195079695377));
#11536=CARTESIAN_POINT('',(0.0190309031175758,0.00449552445815279,-0.0639195079695377));
#11537=CARTESIAN_POINT('',(0.0226189582993702,0.00515681842021648,-0.0639195079695377));
#11538=CARTESIAN_POINT('',(0.0190309031175758,0.00449552445815279,-0.0629195079695377));
#11539=CARTESIAN_POINT('',(0.0226189582993702,0.00515681842021648,-0.0629195079695377));
#11540=CARTESIAN_POINT('',(0.0226189582993702,0.00515681842021648,-0.0629195079695377));
#11541=CARTESIAN_POINT('',(0.0219575392868669,0.00678447410401019,-0.0629195079695377));
#11542=CARTESIAN_POINT('',(0.0219575392868669,0.00678447410401019,-0.0639195079695377));
#11543=CARTESIAN_POINT('',(0.0222886410938377,0.00632234385684003,-0.0629195079695377));
#11544=CARTESIAN_POINT('',(0.0222886410938377,0.00632234385684003,-0.0639195079695377));
#11545=CARTESIAN_POINT('',(0.0225091140980055,0.00577979196224213,-0.0629195079695377));
#11546=CARTESIAN_POINT('',(0.0225091140980055,0.00577979196224213,-0.0639195079695377));
#11547=CARTESIAN_POINT('',(0.0226189582993702,0.00515681842021648,-0.0629195079695377));
#11548=CARTESIAN_POINT('',(0.0226189582993702,0.00515681842021648,-0.0639195079695377));
#11549=CARTESIAN_POINT('',(0.0219575392868669,0.00678447410401019,-0.0639195079695377));
#11550=CARTESIAN_POINT('',(0.0224541919973231,0.00609127873325495,-0.0639195079695377));
#11551=CARTESIAN_POINT('',(0.0226189582993702,0.00515681842021648,-0.0639195079695377));
#11552=CARTESIAN_POINT('',(0.0219575392868669,0.00678447410401019,-0.0639195079695377));
#11553=CARTESIAN_POINT('',(0.0219575392868669,0.00678447410401019,-0.0629195079695377));
#11554=CARTESIAN_POINT('',(0.0224541919973231,0.00609127873325495,-0.0629195079695377));
#11555=CARTESIAN_POINT('',(0.0226189582993702,0.00515681842021648,-0.0629195079695377));
#11556=CARTESIAN_POINT('',(0.0219575392868669,0.00678447410401019,-0.0629195079695377));
#11557=CARTESIAN_POINT('',(0.0219575392868669,0.00678447410401019,-0.0629195079695377));
#11558=CARTESIAN_POINT('',(0.0207594528905531,0.00783897843711154,-0.0629195079695377));
#11559=CARTESIAN_POINT('',(0.0207594528905531,0.00783897843711154,-0.0639195079695377));
#11560=CARTESIAN_POINT('',(0.0212270753477915,0.00759810579554747,-0.0629195079695377));
#11561=CARTESIAN_POINT('',(0.0212270753477915,0.00759810579554747,-0.0639195079695377));
#11562=CARTESIAN_POINT('',(0.0216264374798961,0.00724660435118035,-0.0629195079695377));
#11563=CARTESIAN_POINT('',(0.0216264374798961,0.00724660435118035,-0.0639195079695377));
#11564=CARTESIAN_POINT('',(0.0219575392868669,0.00678447410401019,-0.0629195079695377));
#11565=CARTESIAN_POINT('',(0.0219575392868669,0.00678447410401019,-0.0639195079695377));
#11566=CARTESIAN_POINT('',(0.0207594528905531,0.00783897843711154,-0.0639195079695377));
#11567=CARTESIAN_POINT('',(0.0214608865764107,0.00747766947476543,-0.0639195079695377));
#11568=CARTESIAN_POINT('',(0.0219575392868669,0.00678447410401019,-0.0639195079695377));
#11569=CARTESIAN_POINT('',(0.0207594528905531,0.00783897843711154,-0.0639195079695377));
#11570=CARTESIAN_POINT('',(0.0207594528905531,0.00783897843711154,-0.0629195079695377));
#11571=CARTESIAN_POINT('',(0.0214608865764107,0.00747766947476543,-0.0629195079695377));
#11572=CARTESIAN_POINT('',(0.0219575392868669,0.00678447410401019,-0.0629195079695377));
#11573=CARTESIAN_POINT('',(0.0207594528905531,0.00783897843711154,-0.0629195079695377));
#11574=CARTESIAN_POINT('',(0.0207594528905531,0.00783897843711154,-0.0629195079695377));
#11575=CARTESIAN_POINT('',(0.0192894181180131,0.00503703366544656,-0.0629195079695377));
#11576=CARTESIAN_POINT('',(0.0192894181180131,0.00503703366544656,-0.0639195079695377));
#11577=CARTESIAN_POINT('',(0.0192906789980191,0.00820028739945765,-0.0639195079695377));
#11578=CARTESIAN_POINT('',(0.0192894181180131,0.00503703366544656,-0.0629195079695377));
#11579=CARTESIAN_POINT('',(0.0192906789980191,0.00820028739945765,-0.0629195079695377));
#11580=CARTESIAN_POINT('',(0.0192906789980191,0.00820028739945765,-0.0629195079695377));
#11581=CARTESIAN_POINT('',(0.017625362445186,0.00756005262578897,-0.0629195079695377));
#11582=CARTESIAN_POINT('',(0.017625362445186,0.00756005262578897,-0.0639195079695377));
#11583=CARTESIAN_POINT('',(0.01806238544633,0.00798687580823476,-0.0629195079695377));
#11584=CARTESIAN_POINT('',(0.01806238544633,0.00798687580823476,-0.0639195079695377));
#11585=CARTESIAN_POINT('',(0.018617490963941,0.00820028739945765,-0.0629195079695377));
#11586=CARTESIAN_POINT('',(0.018617490963941,0.00820028739945765,-0.0639195079695377));
#11587=CARTESIAN_POINT('',(0.0192906789980191,0.00820028739945765,-0.0629195079695377));
#11588=CARTESIAN_POINT('',(0.0192906789980191,0.00820028739945765,-0.0639195079695377));
#11589=CARTESIAN_POINT('',(0.017625362445186,0.00756005262578897,-0.0639195079695377));
#11590=CARTESIAN_POINT('',(0.018280896946902,0.00820028739945765,-0.0639195079695377));
#11591=CARTESIAN_POINT('',(0.0192906789980191,0.00820028739945765,-0.0639195079695377));
#11592=CARTESIAN_POINT('',(0.017625362445186,0.00756005262578897,-0.0639195079695377));
#11593=CARTESIAN_POINT('',(0.017625362445186,0.00756005262578897,-0.0629195079695377));
#11594=CARTESIAN_POINT('',(0.018280896946902,0.00820028739945765,-0.0629195079695377));
#11595=CARTESIAN_POINT('',(0.0192906789980191,0.00820028739945765,-0.0629195079695377));
#11596=CARTESIAN_POINT('',(0.017625362445186,0.00756005262578897,-0.0629195079695377));
#11597=CARTESIAN_POINT('',(0.017625362445186,0.00756005262578897,-0.0629195079695377));
#11598=CARTESIAN_POINT('',(0.0240359484969751,0.00515681842021648,-0.0629195079695377));
#11599=CARTESIAN_POINT('',(0.0240359484969751,0.00515681842021648,-0.0639195079695377));
#11600=CARTESIAN_POINT('',(0.0238853050208178,0.00600104956784821,-0.0629195079695377));
#11601=CARTESIAN_POINT('',(0.0238853050208178,0.00600104956784821,-0.0639195079695377));
#11602=CARTESIAN_POINT('',(0.0235816642641882,0.00674210562634094,-0.0629195079695377));
#11603=CARTESIAN_POINT('',(0.0235816642641882,0.00674210562634094,-0.0639195079695377));
#11604=CARTESIAN_POINT('',(0.0231250262270863,0.00737998659569466,-0.0629195079695377));
#11605=CARTESIAN_POINT('',(0.0231250262270863,0.00737998659569466,-0.0639195079695377));
#11606=CARTESIAN_POINT('',(0.0240359484969751,0.00515681842021648,-0.0639195079695377));
#11607=CARTESIAN_POINT('',(0.0238099832827391,0.00642316514166408,-0.0639195079695377));
#11608=CARTESIAN_POINT('',(0.0231250262270863,0.00737998659569466,-0.0639195079695377));
#11609=CARTESIAN_POINT('',(0.0240359484969751,0.00515681842021648,-0.0639195079695377));
#11610=CARTESIAN_POINT('',(0.0231250262270863,0.00737998659569466,-0.0639195079695377));
#11611=CARTESIAN_POINT('',(0.0231250262270863,0.00737998659569466,-0.0629195079695377));
#11612=CARTESIAN_POINT('',(0.0231250262270863,0.00737998659569466,-0.0629195079695377));
#11613=CARTESIAN_POINT('',(0.0240359484969751,0.00515681842021648,-0.0629195079695377));
#11614=CARTESIAN_POINT('',(0.0238099832827391,0.00642316514166408,-0.0629195079695377));
#11615=CARTESIAN_POINT('',(0.0231250262270863,0.00737998659569466,-0.0629195079695377));
#11616=CARTESIAN_POINT('',(0.0240359484969751,0.00515681842021648,-0.0629195079695377));
#11617=CARTESIAN_POINT('',(0.0240359484969751,0.00515681842021648,-0.0629195079695377));
#11618=CARTESIAN_POINT('',(0.0192621567155843,0.00422639434548286,-0.0629195079695378));
#11619=CARTESIAN_POINT('',(0.0192621567155843,0.00422639434548286,-0.0639195079695377));
#11620=CARTESIAN_POINT('',(0.0241253930609436,0.00423883473738272,-0.0639195079695377));
#11621=CARTESIAN_POINT('',(0.0192621567155843,0.00422639434548286,-0.0629195079695377));
#11622=CARTESIAN_POINT('',(0.0241253930609436,0.00423883473738272,-0.0629195079695377));
#11623=CARTESIAN_POINT('',(0.0241253930609436,0.00423883473738272,-0.0629195079695377));
#11624=CARTESIAN_POINT('',(0.0237111235015109,0.00246053557743167,-0.0629195079695377));
#11625=CARTESIAN_POINT('',(0.0237111235015109,0.00246053557743167,-0.0639195079695377));
#11626=CARTESIAN_POINT('',(0.0239873032077994,0.00297288031665427,-0.0629195079695377));
#11627=CARTESIAN_POINT('',(0.0239873032077994,0.00297288031665427,-0.0639195079695377));
#11628=CARTESIAN_POINT('',(0.0241253930609436,0.00356564670330462,-0.0629195079695377));
#11629=CARTESIAN_POINT('',(0.0241253930609436,0.00356564670330462,-0.0639195079695377));
#11630=CARTESIAN_POINT('',(0.0241253930609436,0.00423883473738272,-0.0629195079695377));
#11631=CARTESIAN_POINT('',(0.0241253930609436,0.00423883473738272,-0.0639195079695377));
#11632=CARTESIAN_POINT('',(0.0237111235015109,0.00246053557743167,-0.0639195079695377));
#11633=CARTESIAN_POINT('',(0.0241253930609436,0.00322905268626557,-0.0639195079695377));
#11634=CARTESIAN_POINT('',(0.0241253930609436,0.00423883473738272,-0.0639195079695377));
#11635=CARTESIAN_POINT('',(0.0237111235015109,0.00246053557743167,-0.0639195079695377));
#11636=CARTESIAN_POINT('',(0.0237111235015109,0.00246053557743167,-0.0629195079695377));
#11637=CARTESIAN_POINT('',(0.0241253930609436,0.00322905268626557,-0.0629195079695377));
#11638=CARTESIAN_POINT('',(0.0241253930609436,0.00423883473738272,-0.0629195079695377));
#11639=CARTESIAN_POINT('',(0.0237111235015109,0.00246053557743167,-0.0629195079695377));
#11640=CARTESIAN_POINT('',(0.0237111235015109,0.00246053557743167,-0.0629195079695377));
#11641=CARTESIAN_POINT('',(0.0225589362893388,0.00127774890916509,-0.0629195079695377));
#11642=CARTESIAN_POINT('',(0.0225589362893388,0.00127774890916509,-0.0639195079695377));
#11643=CARTESIAN_POINT('',(0.0230508813911651,0.00155392861545354,-0.0629195079695377));
#11644=CARTESIAN_POINT('',(0.0230508813911651,0.00155392861545354,-0.0639195079695377));
#11645=CARTESIAN_POINT('',(0.0234349437952225,0.00194819083820907,-0.0629195079695377));
#11646=CARTESIAN_POINT('',(0.0234349437952225,0.00194819083820907,-0.0639195079695377));
#11647=CARTESIAN_POINT('',(0.0237111235015109,0.00246053557743167,-0.0629195079695377));
#11648=CARTESIAN_POINT('',(0.0237111235015109,0.00246053557743167,-0.0639195079695377));
#11649=CARTESIAN_POINT('',(0.0225589362893388,0.00127774890916509,-0.0639195079695377));
#11650=CARTESIAN_POINT('',(0.0232968539420783,0.00169201846859776,-0.0639195079695377));
#11651=CARTESIAN_POINT('',(0.0237111235015109,0.00246053557743167,-0.0639195079695377));
#11652=CARTESIAN_POINT('',(0.0225589362893388,0.00127774890916509,-0.0639195079695377));
#11653=CARTESIAN_POINT('',(0.0225589362893388,0.00127774890916509,-0.0629195079695377));
#11654=CARTESIAN_POINT('',(0.0232968539420783,0.00169201846859776,-0.0629195079695377));
#11655=CARTESIAN_POINT('',(0.0237111235015109,0.00246053557743167,-0.0629195079695377));
#11656=CARTESIAN_POINT('',(0.0225589362893388,0.00127774890916509,-0.0629195079695377));
#11657=CARTESIAN_POINT('',(0.0225589362893388,0.00127774890916509,-0.0629195079695377));
#11658=CARTESIAN_POINT('',(0.0208583126717813,0.000863479349732419,-0.0629195079695377));
#11659=CARTESIAN_POINT('',(0.0208583126717813,0.000863479349732419,-0.0639195079695377));
#11660=CARTESIAN_POINT('',(0.0215001166483267,0.000863479349732418,-0.0629195079695377));
#11661=CARTESIAN_POINT('',(0.0215001166483267,0.000863479349732418,-0.0639195079695377));
#11662=CARTESIAN_POINT('',(0.0220669911875125,0.00100156920287664,-0.0629195079695377));
#11663=CARTESIAN_POINT('',(0.0220669911875125,0.00100156920287664,-0.0639195079695377));
#11664=CARTESIAN_POINT('',(0.0225589362893388,0.00127774890916509,-0.0629195079695377));
#11665=CARTESIAN_POINT('',(0.0225589362893388,0.00127774890916509,-0.0639195079695377));
#11666=CARTESIAN_POINT('',(0.0208583126717813,0.000863479349732419,-0.0639195079695377));
#11667=CARTESIAN_POINT('',(0.0218210186365993,0.000863479349732418,-0.0639195079695377));
#11668=CARTESIAN_POINT('',(0.0225589362893388,0.00127774890916509,-0.0639195079695377));
#11669=CARTESIAN_POINT('',(0.0208583126717813,0.000863479349732419,-0.0639195079695377));
#11670=CARTESIAN_POINT('',(0.0208583126717813,0.000863479349732419,-0.0629195079695377));
#11671=CARTESIAN_POINT('',(0.0218210186365993,0.000863479349732418,-0.0629195079695377));
#11672=CARTESIAN_POINT('',(0.0225589362893388,0.00127774890916509,-0.0629195079695377));
#11673=CARTESIAN_POINT('',(0.0208583126717813,0.000863479349732419,-0.0629195079695377));
#11674=CARTESIAN_POINT('',(0.0208583126717813,0.000863479349732419,-0.0629195079695377));
#11675=CARTESIAN_POINT('',(0.0188987705795785,0.00133894782135401,-0.0629195079695377));
#11676=CARTESIAN_POINT('',(0.0188987705795785,0.00133894782135401,-0.0639195079695377));
#11677=CARTESIAN_POINT('',(0.0194911446655097,0.00102196884027295,-0.0629195079695377));
#11678=CARTESIAN_POINT('',(0.0194911446655097,0.00102196884027295,-0.0639195079695377));
#11679=CARTESIAN_POINT('',(0.0201443253629107,0.000863479349732419,-0.0629195079695377));
#11680=CARTESIAN_POINT('',(0.0201443253629107,0.000863479349732419,-0.0639195079695377));
#11681=CARTESIAN_POINT('',(0.0208583126717813,0.000863479349732419,-0.0629195079695377));
#11682=CARTESIAN_POINT('',(0.0208583126717813,0.000863479349732419,-0.0639195079695377));
#11683=CARTESIAN_POINT('',(0.0188987705795785,0.00133894782135401,-0.0639195079695377));
#11684=CARTESIAN_POINT('',(0.0197873317084753,0.000863479349732419,-0.0639195079695377));
#11685=CARTESIAN_POINT('',(0.0208583126717813,0.000863479349732419,-0.0639195079695377));
#11686=CARTESIAN_POINT('',(0.0188987705795785,0.00133894782135401,-0.0639195079695377));
#11687=CARTESIAN_POINT('',(0.0188987705795785,0.00133894782135401,-0.0629195079695377));
#11688=CARTESIAN_POINT('',(0.0197873317084753,0.000863479349732419,-0.0629195079695377));
#11689=CARTESIAN_POINT('',(0.0208583126717813,0.000863479349732419,-0.0629195079695377));
#11690=CARTESIAN_POINT('',(0.0188987705795785,0.00133894782135401,-0.0629195079695377));
#11691=CARTESIAN_POINT('',(0.0188987705795785,0.00133894782135401,-0.0629195079695377));
#11692=CARTESIAN_POINT('',(0.017482957284131,0.00255115704355757,-0.0629195079695377));
#11693=CARTESIAN_POINT('',(0.017482957284131,0.00255115704355757,-0.0639195079695377));
#11694=CARTESIAN_POINT('',(0.0178344587284982,0.00205999654316959,-0.0629195079695377));
#11695=CARTESIAN_POINT('',(0.0178344587284982,0.00205999654316959,-0.0639195079695377));
#11696=CARTESIAN_POINT('',(0.0183063964936473,0.00165592680243507,-0.0629195079695377));
#11697=CARTESIAN_POINT('',(0.0183063964936473,0.00165592680243507,-0.0639195079695377));
#11698=CARTESIAN_POINT('',(0.0188987705795785,0.00133894782135401,-0.0629195079695377));
#11699=CARTESIAN_POINT('',(0.0188987705795785,0.00133894782135401,-0.0639195079695377));
#11700=CARTESIAN_POINT('',(0.017482957284131,0.00255115704355757,-0.0639195079695377));
#11701=CARTESIAN_POINT('',(0.0180102094506817,0.0018144162929756,-0.0639195079695377));
#11702=CARTESIAN_POINT('',(0.0188987705795785,0.00133894782135401,-0.0639195079695377));
#11703=CARTESIAN_POINT('',(0.017482957284131,0.00255115704355757,-0.0639195079695377));
#11704=CARTESIAN_POINT('',(0.017482957284131,0.00255115704355757,-0.0629195079695377));
#11705=CARTESIAN_POINT('',(0.0180102094506817,0.0018144162929756,-0.0629195079695377));
#11706=CARTESIAN_POINT('',(0.0188987705795785,0.00133894782135401,-0.0629195079695377));
#11707=CARTESIAN_POINT('',(0.017482957284131,0.00255115704355757,-0.0629195079695377));
#11708=CARTESIAN_POINT('',(0.017482957284131,0.00255115704355757,-0.0629195079695377));
#11709=CARTESIAN_POINT('',(0.0176265393473435,0.00177557852177879,-0.0629195079695377));
#11710=CARTESIAN_POINT('',(0.0176265393473435,0.00177557852177879,-0.0639195079695377));
#11711=CARTESIAN_POINT('',(0.017770121410556,0.001,-0.0639195079695377));
#11712=CARTESIAN_POINT('',(0.0176265393473435,0.00177557852177879,-0.0629195079695377));
#11713=CARTESIAN_POINT('',(0.017770121410556,0.001,-0.0629195079695377));
#11714=CARTESIAN_POINT('',(0.017770121410556,0.001,-0.0629195079695377));
#11715=CARTESIAN_POINT('',(0.0170769260398008,0.001,-0.0629195079695377));
#11716=CARTESIAN_POINT('',(0.0170769260398008,0.001,-0.0639195079695377));
#11717=CARTESIAN_POINT('',(0.0163837306690455,0.001,-0.0639195079695377));
#11718=CARTESIAN_POINT('',(0.0170769260398008,0.001,-0.0629195079695377));
#11719=CARTESIAN_POINT('',(0.0163837306690455,0.001,-0.0629195079695377));
#11720=CARTESIAN_POINT('',(0.0163837306690455,0.001,-0.0629195079695377));
#11721=CARTESIAN_POINT('',(0.0153963097589205,0.00657380861782142,-0.0629195079695377));
#11722=CARTESIAN_POINT('',(0.0153963097589205,0.00657380861782142,-0.0639195079695377));
#11723=CARTESIAN_POINT('',(0.0144088888487954,0.0121476172356428,-0.0639195079695377));
#11724=CARTESIAN_POINT('',(0.0153963097589205,0.00657380861782142,-0.0629195079695377));
#11725=CARTESIAN_POINT('',(0.0144088888487954,0.0121476172356428,-0.0629195079695377));
#11726=CARTESIAN_POINT('',(0.0144088888487954,0.0121476172356428,-0.0629195079695377));
#11727=CARTESIAN_POINT('',(0.0151020842195507,0.0121476172356428,-0.0629195079695377));
#11728=CARTESIAN_POINT('',(0.0151020842195507,0.0121476172356428,-0.0639195079695377));
#11729=CARTESIAN_POINT('',(0.0157952795903059,0.0121476172356428,-0.0639195079695377));
#11730=CARTESIAN_POINT('',(0.0151020842195507,0.0121476172356428,-0.0629195079695377));
#11731=CARTESIAN_POINT('',(0.0157952795903059,0.0121476172356428,-0.0629195079695377));
#11732=CARTESIAN_POINT('',(0.0157952795903059,0.0121476172356428,-0.0629195079695377));
#11733=CARTESIAN_POINT('',(0.0161801265958016,0.00996328683136146,-0.0629195079695377));
#11734=CARTESIAN_POINT('',(0.0161801265958016,0.00996328683136146,-0.0639195079695377));
#11735=CARTESIAN_POINT('',(0.0165649736012973,0.0077789564270801,-0.0639195079695377));
#11736=CARTESIAN_POINT('',(0.0161801265958016,0.00996328683136146,-0.0629195079695377));
#11737=CARTESIAN_POINT('',(0.0165649736012973,0.0077789564270801,-0.0629195079695377));
#11738=CARTESIAN_POINT('',(0.0165649736012973,0.0077789564270801,-0.0629195079695377));
#11739=CARTESIAN_POINT('',(0.0176336007602884,0.00894644336729945,-0.0629195079695377));
#11740=CARTESIAN_POINT('',(0.0176336007602884,0.00894644336729945,-0.0639195079695377));
#11741=CARTESIAN_POINT('',(0.0171314558397639,0.0086498640236147,-0.0629195079695377));
#11742=CARTESIAN_POINT('',(0.0171314558397639,0.0086498640236147,-0.0639195079695377));
#11743=CARTESIAN_POINT('',(0.0167752467867669,0.00826070171020825,-0.0629195079695377));
#11744=CARTESIAN_POINT('',(0.0167752467867669,0.00826070171020825,-0.0639195079695377));
#11745=CARTESIAN_POINT('',(0.0165649736012973,0.0077789564270801,-0.0629195079695377));
#11746=CARTESIAN_POINT('',(0.0165649736012973,0.0077789564270801,-0.0639195079695377));
#11747=CARTESIAN_POINT('',(0.0176336007602884,0.00894644336729945,-0.0639195079695377));
#11748=CARTESIAN_POINT('',(0.0168803833795017,0.00850157435177232,-0.0639195079695377));
#11749=CARTESIAN_POINT('',(0.0165649736012973,0.0077789564270801,-0.0639195079695377));
#11750=CARTESIAN_POINT('',(0.0176336007602884,0.00894644336729945,-0.0639195079695377));
#11751=CARTESIAN_POINT('',(0.0176336007602884,0.00894644336729945,-0.0629195079695377));
#11752=CARTESIAN_POINT('',(0.0168803833795017,0.00850157435177232,-0.0629195079695377));
#11753=CARTESIAN_POINT('',(0.0165649736012973,0.0077789564270801,-0.0629195079695377));
#11754=CARTESIAN_POINT('',(0.0176336007602884,0.00894644336729945,-0.0629195079695377));
#11755=CARTESIAN_POINT('',(0.0176336007602884,0.00894644336729945,-0.0629195079695377));
#11756=CARTESIAN_POINT('',(0.0193354012800033,0.00939131238282658,-0.0629195079695377));
#11757=CARTESIAN_POINT('',(0.0193354012800033,0.00939131238282658,-0.0639195079695377));
#11758=CARTESIAN_POINT('',(0.0187030125207178,0.00939131238282658,-0.0629195079695377));
#11759=CARTESIAN_POINT('',(0.0187030125207178,0.00939131238282658,-0.0639195079695377));
#11760=CARTESIAN_POINT('',(0.0181357456808129,0.0092430227109842,-0.0629195079695377));
#11761=CARTESIAN_POINT('',(0.0181357456808129,0.0092430227109842,-0.0639195079695377));
#11762=CARTESIAN_POINT('',(0.0176336007602884,0.00894644336729945,-0.0629195079695377));
#11763=CARTESIAN_POINT('',(0.0176336007602884,0.00894644336729945,-0.0639195079695377));
#11764=CARTESIAN_POINT('',(0.0193354012800033,0.00939131238282658,-0.0639195079695377));
#11765=CARTESIAN_POINT('',(0.0183868181410751,0.00939131238282658,-0.0639195079695377));
#11766=CARTESIAN_POINT('',(0.0176336007602884,0.00894644336729945,-0.0639195079695377));
#11767=CARTESIAN_POINT('',(0.0193354012800033,0.00939131238282658,-0.0639195079695377));
#11768=CARTESIAN_POINT('',(0.0193354012800033,0.00939131238282658,-0.0629195079695377));
#11769=CARTESIAN_POINT('',(0.0183868181410751,0.00939131238282658,-0.0629195079695377));
#11770=CARTESIAN_POINT('',(0.0176336007602884,0.00894644336729945,-0.0629195079695377));
#11771=CARTESIAN_POINT('',(0.0193354012800033,0.00939131238282658,-0.0629195079695377));
#11772=CARTESIAN_POINT('',(0.0193354012800033,0.00939131238282658,-0.0629195079695377));
#11773=CARTESIAN_POINT('',(0.0193469484237668,0.00495474316075944,-0.0629195079695377));
#11774=CARTESIAN_POINT('',(0.0193469484237668,0.00495474316075944,-0.0639195079695377));
#11775=CARTESIAN_POINT('',(0.0214455868483635,0.00886406021627591,-0.0639195079695377));
#11776=CARTESIAN_POINT('',(0.0193469484237668,0.00495474316075944,-0.0629195079695377));
#11777=CARTESIAN_POINT('',(0.0214455868483635,0.00886406021627591,-0.0629195079695377));
#11778=CARTESIAN_POINT('',(0.0214455868483635,0.00886406021627591,-0.0629195079695377));
#11779=CARTESIAN_POINT('',(0.0231250262270863,0.00737998659569466,-0.0629195079695377));
#11780=CARTESIAN_POINT('',(0.0231250262270863,0.00737998659569466,-0.0639195079695377));
#11781=CARTESIAN_POINT('',(0.0226683881899844,0.00801786756504837,-0.0629195079695377));
#11782=CARTESIAN_POINT('',(0.0226683881899844,0.00801786756504837,-0.0639195079695377));
#11783=CARTESIAN_POINT('',(0.0221085750637434,0.00851255877190879,-0.0629195079695377));
#11784=CARTESIAN_POINT('',(0.0221085750637434,0.00851255877190879,-0.0639195079695377));
#11785=CARTESIAN_POINT('',(0.0214455868483635,0.00886406021627591,-0.0629195079695377));
#11786=CARTESIAN_POINT('',(0.0214455868483635,0.00886406021627591,-0.0639195079695377));
#11787=CARTESIAN_POINT('',(0.0231250262270863,0.00737998659569466,-0.0639195079695377));
#11788=CARTESIAN_POINT('',(0.0224400691714334,0.00833680804972523,-0.0639195079695377));
#11789=CARTESIAN_POINT('',(0.0214455868483635,0.00886406021627591,-0.0639195079695377));
#11790=CARTESIAN_POINT('',(0.0231250262270863,0.00737998659569466,-0.0629195079695377));
#11791=CARTESIAN_POINT('',(0.0224400691714334,0.00833680804972523,-0.0629195079695377));
#11792=CARTESIAN_POINT('',(0.0214455868483635,0.00886406021627591,-0.0629195079695377));
#11793=CARTESIAN_POINT('',(0.0169698279434702,0.00582059123703474,-0.0629195079695377));
#11794=CARTESIAN_POINT('',(0.0169698279434702,0.00582059123703474,-0.0639195079695377));
#11795=CARTESIAN_POINT('',(0.0169698279434702,0.00655340898042511,-0.0629195079695377));
#11796=CARTESIAN_POINT('',(0.0169698279434702,0.00655340898042511,-0.0639195079695377));
#11797=CARTESIAN_POINT('',(0.0171883394440421,0.00713322944334319,-0.0629195079695377));
#11798=CARTESIAN_POINT('',(0.0171883394440421,0.00713322944334319,-0.0639195079695377));
#11799=CARTESIAN_POINT('',(0.017625362445186,0.00756005262578897,-0.0629195079695377));
#11800=CARTESIAN_POINT('',(0.017625362445186,0.00756005262578897,-0.0639195079695377));
#11801=CARTESIAN_POINT('',(0.0169698279434702,0.00582059123703474,-0.0639195079695377));
#11802=CARTESIAN_POINT('',(0.0169698279434702,0.0069198178521203,-0.0639195079695377));
#11803=CARTESIAN_POINT('',(0.017625362445186,0.00756005262578897,-0.0639195079695377));
#11804=CARTESIAN_POINT('',(0.0169698279434702,0.00582059123703474,-0.0629195079695377));
#11805=CARTESIAN_POINT('',(0.0169698279434702,0.0069198178521203,-0.0629195079695377));
#11806=CARTESIAN_POINT('',(0.017625362445186,0.00756005262578897,-0.0629195079695377));
#11807=CARTESIAN_POINT('',(0.0449766300941353,0.0155,-0.0629195079695377));
#11808=CARTESIAN_POINT('',(0.0449766300941353,0.0155,-0.0639195079695377));
#11809=CARTESIAN_POINT('',(0.,0.,0.));
#11810=CARTESIAN_POINT('',(0.0658983582385097,0.00202390487700689,-0.0629195079695377));
#11811=CARTESIAN_POINT('',(0.0658983582385097,0.00202390487700689,-0.0639195079695377));
#11812=CARTESIAN_POINT('',(0.0652455698418279,0.00202390487700689,-0.0629195079695377));
#11813=CARTESIAN_POINT('',(0.0652455698418279,0.00202390487700689,-0.0639195079695377));
#11814=CARTESIAN_POINT('',(0.0646579033645266,0.00220240170422457,-0.0629195079695377));
#11815=CARTESIAN_POINT('',(0.0646579033645266,0.00220240170422457,-0.0639195079695377));
#11816=CARTESIAN_POINT('',(0.0641353588066059,0.00255939535865992,-0.0629195079695377));
#11817=CARTESIAN_POINT('',(0.0641353588066059,0.00255939535865992,-0.0639195079695377));
#11818=CARTESIAN_POINT('',(0.0658983582385097,0.00202390487700689,-0.0639195079695377));
#11819=CARTESIAN_POINT('',(0.064919175643487,0.00202390487700689,-0.0639195079695377));
#11820=CARTESIAN_POINT('',(0.0641353588066059,0.00255939535865992,-0.0639195079695377));
#11821=CARTESIAN_POINT('',(0.0658983582385097,0.00202390487700689,-0.0639195079695377));
#11822=CARTESIAN_POINT('',(0.0641353588066059,0.00255939535865992,-0.0639195079695377));
#11823=CARTESIAN_POINT('',(0.0641353588066059,0.00255939535865992,-0.0629195079695377));
#11824=CARTESIAN_POINT('',(0.0641353588066059,0.00255939535865992,-0.0629195079695377));
#11825=CARTESIAN_POINT('',(0.0658983582385097,0.00202390487700689,-0.0629195079695377));
#11826=CARTESIAN_POINT('',(0.064919175643487,0.00202390487700689,-0.0629195079695377));
#11827=CARTESIAN_POINT('',(0.0641353588066059,0.00255939535865992,-0.0629195079695377));
#11828=CARTESIAN_POINT('',(0.0658983582385097,0.00202390487700689,-0.0629195079695377));
#11829=CARTESIAN_POINT('',(0.0658983582385097,0.00202390487700689,-0.0629195079695377));
#11830=CARTESIAN_POINT('',(0.0675095372920987,0.00263471709673858,-0.0629195079695377));
#11831=CARTESIAN_POINT('',(0.0675095372920987,0.00263471709673858,-0.0639195079695377));
#11832=CARTESIAN_POINT('',(0.0670882063197212,0.00222750895025079,-0.0629195079695377));
#11833=CARTESIAN_POINT('',(0.0670882063197212,0.00222750895025079,-0.0639195079695377));
#11834=CARTESIAN_POINT('',(0.0665511466351915,0.00202390487700689,-0.0629195079695377));
#11835=CARTESIAN_POINT('',(0.0665511466351915,0.00202390487700689,-0.0639195079695377));
#11836=CARTESIAN_POINT('',(0.0658983582385097,0.00202390487700689,-0.0629195079695377));
#11837=CARTESIAN_POINT('',(0.0658983582385097,0.00202390487700689,-0.0639195079695377));
#11838=CARTESIAN_POINT('',(0.0675095372920987,0.00263471709673858,-0.0639195079695377));
#11839=CARTESIAN_POINT('',(0.0668775408335324,0.00202390487700689,-0.0639195079695377));
#11840=CARTESIAN_POINT('',(0.0658983582385097,0.00202390487700689,-0.0639195079695377));
#11841=CARTESIAN_POINT('',(0.0675095372920987,0.00263471709673858,-0.0639195079695377));
#11842=CARTESIAN_POINT('',(0.0675095372920987,0.00263471709673858,-0.0629195079695377));
#11843=CARTESIAN_POINT('',(0.0668775408335324,0.00202390487700689,-0.0629195079695377));
#11844=CARTESIAN_POINT('',(0.0658983582385097,0.00202390487700689,-0.0629195079695377));
#11845=CARTESIAN_POINT('',(0.0675095372920987,0.00263471709673858,-0.0629195079695377));
#11846=CARTESIAN_POINT('',(0.0675095372920987,0.00263471709673858,-0.0629195079695377));
#11847=CARTESIAN_POINT('',(0.068141533750665,0.00435887875744559,-0.0629195079695377));
#11848=CARTESIAN_POINT('',(0.068141533750665,0.00435887875744559,-0.0639195079695377));
#11849=CARTESIAN_POINT('',(0.068141533750665,0.00361664579679539,-0.0629195079695377));
#11850=CARTESIAN_POINT('',(0.068141533750665,0.00361664579679539,-0.0639195079695377));
#11851=CARTESIAN_POINT('',(0.0679308682644762,0.00304192524322639,-0.0629195079695377));
#11852=CARTESIAN_POINT('',(0.0679308682644762,0.00304192524322639,-0.0639195079695377));
#11853=CARTESIAN_POINT('',(0.0675095372920987,0.00263471709673858,-0.0629195079695377));
#11854=CARTESIAN_POINT('',(0.0675095372920987,0.00263471709673858,-0.0639195079695377));
#11855=CARTESIAN_POINT('',(0.068141533750665,0.00435887875744559,-0.0639195079695377));
#11856=CARTESIAN_POINT('',(0.068141533750665,0.00324552931647028,-0.0639195079695377));
#11857=CARTESIAN_POINT('',(0.0675095372920987,0.00263471709673858,-0.0639195079695377));
#11858=CARTESIAN_POINT('',(0.068141533750665,0.00435887875744559,-0.0639195079695377));
#11859=CARTESIAN_POINT('',(0.068141533750665,0.00435887875744559,-0.0629195079695377));
#11860=CARTESIAN_POINT('',(0.068141533750665,0.00324552931647028,-0.0629195079695377));
#11861=CARTESIAN_POINT('',(0.0675095372920987,0.00263471709673858,-0.0629195079695377));
#11862=CARTESIAN_POINT('',(0.068141533750665,0.00435887875744559,-0.0629195079695377));
#11863=CARTESIAN_POINT('',(0.068141533750665,0.00435887875744559,-0.0629195079695377));
#11864=CARTESIAN_POINT('',(0.0637288444261481,0.00439404114764536,-0.0629195079695377));
#11865=CARTESIAN_POINT('',(0.0637288444261481,0.00439404114764536,-0.0639195079695377));
#11866=CARTESIAN_POINT('',(0.0677202027782875,0.00627252166550674,-0.0639195079695377));
#11867=CARTESIAN_POINT('',(0.0637288444261481,0.00439404114764536,-0.0629195079695377));
#11868=CARTESIAN_POINT('',(0.0677202027782875,0.00627252166550674,-0.0629195079695377));
#11869=CARTESIAN_POINT('',(0.0677202027782875,0.00627252166550674,-0.0629195079695377));
#11870=CARTESIAN_POINT('',(0.066530354697076,0.00769657327605655,-0.0629195079695377));
#11871=CARTESIAN_POINT('',(0.066530354697076,0.00769657327605655,-0.0639195079695377));
#11872=CARTESIAN_POINT('',(0.0670426994362986,0.00734036422305952,-0.0629195079695377));
#11873=CARTESIAN_POINT('',(0.0670426994362986,0.00734036422305952,-0.0639195079695377));
#11874=CARTESIAN_POINT('',(0.0674393154633691,0.00686568035287625,-0.0629195079695377));
#11875=CARTESIAN_POINT('',(0.0674393154633691,0.00686568035287625,-0.0639195079695377));
#11876=CARTESIAN_POINT('',(0.0677202027782875,0.00627252166550674,-0.0629195079695377));
#11877=CARTESIAN_POINT('',(0.0677202027782875,0.00627252166550674,-0.0639195079695377));
#11878=CARTESIAN_POINT('',(0.066530354697076,0.00769657327605655,-0.0639195079695377));
#11879=CARTESIAN_POINT('',(0.0672988718059099,0.00716225969656101,-0.0639195079695377));
#11880=CARTESIAN_POINT('',(0.0677202027782875,0.00627252166550674,-0.0639195079695377));
#11881=CARTESIAN_POINT('',(0.066530354697076,0.00769657327605655,-0.0639195079695377));
#11882=CARTESIAN_POINT('',(0.066530354697076,0.00769657327605655,-0.0629195079695377));
#11883=CARTESIAN_POINT('',(0.0672988718059099,0.00716225969656101,-0.0629195079695377));
#11884=CARTESIAN_POINT('',(0.0677202027782875,0.00627252166550674,-0.0629195079695377));
#11885=CARTESIAN_POINT('',(0.066530354697076,0.00769657327605655,-0.0629195079695377));
#11886=CARTESIAN_POINT('',(0.066530354697076,0.00769657327605655,-0.0629195079695377));
#11887=CARTESIAN_POINT('',(0.0647826549932195,0.0082308868555521,-0.0629195079695377));
#11888=CARTESIAN_POINT('',(0.0647826549932195,0.0082308868555521,-0.0639195079695377));
#11889=CARTESIAN_POINT('',(0.0654354433899012,0.0082308868555521,-0.0629195079695377));
#11890=CARTESIAN_POINT('',(0.0654354433899012,0.0082308868555521,-0.0639195079695377));
#11891=CARTESIAN_POINT('',(0.0660180099578534,0.00805278232905358,-0.0629195079695377));
#11892=CARTESIAN_POINT('',(0.0660180099578534,0.00805278232905358,-0.0639195079695377));
#11893=CARTESIAN_POINT('',(0.066530354697076,0.00769657327605655,-0.0629195079695377));
#11894=CARTESIAN_POINT('',(0.066530354697076,0.00769657327605655,-0.0639195079695377));
#11895=CARTESIAN_POINT('',(0.0647826549932195,0.0082308868555521,-0.0639195079695377));
#11896=CARTESIAN_POINT('',(0.0657618375882421,0.0082308868555521,-0.0639195079695377));
#11897=CARTESIAN_POINT('',(0.066530354697076,0.00769657327605655,-0.0639195079695377));
#11898=CARTESIAN_POINT('',(0.0647826549932195,0.0082308868555521,-0.0639195079695377));
#11899=CARTESIAN_POINT('',(0.0647826549932195,0.0082308868555521,-0.0629195079695377));
#11900=CARTESIAN_POINT('',(0.0657618375882421,0.0082308868555521,-0.0629195079695377));
#11901=CARTESIAN_POINT('',(0.066530354697076,0.00769657327605655,-0.0629195079695377));
#11902=CARTESIAN_POINT('',(0.0647826549932195,0.0082308868555521,-0.0629195079695377));
#11903=CARTESIAN_POINT('',(0.0647826549932195,0.0082308868555521,-0.0629195079695377));
#11904=CARTESIAN_POINT('',(0.0631267536576462,0.00762125153797789,-0.0629195079695377));
#11905=CARTESIAN_POINT('',(0.0631267536576462,0.00762125153797789,-0.0639195079695377));
#11906=CARTESIAN_POINT('',(0.0635684842674201,0.00802767508302736,-0.0629195079695377));
#11907=CARTESIAN_POINT('',(0.0635684842674201,0.00802767508302736,-0.0639195079695377));
#11908=CARTESIAN_POINT('',(0.0641204513792778,0.0082308868555521,-0.0629195079695377));
#11909=CARTESIAN_POINT('',(0.0641204513792778,0.0082308868555521,-0.0639195079695377));
#11910=CARTESIAN_POINT('',(0.0647826549932195,0.0082308868555521,-0.0629195079695377));
#11911=CARTESIAN_POINT('',(0.0647826549932195,0.0082308868555521,-0.0639195079695377));
#11912=CARTESIAN_POINT('',(0.0631267536576462,0.00762125153797789,-0.0639195079695377));
#11913=CARTESIAN_POINT('',(0.063789349572307,0.0082308868555521,-0.0639195079695377));
#11914=CARTESIAN_POINT('',(0.0647826549932195,0.0082308868555521,-0.0639195079695377));
#11915=CARTESIAN_POINT('',(0.0631267536576462,0.00762125153797789,-0.0639195079695377));
#11916=CARTESIAN_POINT('',(0.0631267536576462,0.00762125153797789,-0.0629195079695377));
#11917=CARTESIAN_POINT('',(0.063789349572307,0.0082308868555521,-0.0629195079695377));
#11918=CARTESIAN_POINT('',(0.0647826549932195,0.0082308868555521,-0.0629195079695377));
#11919=CARTESIAN_POINT('',(0.0631267536576462,0.00762125153797789,-0.0629195079695377));
#11920=CARTESIAN_POINT('',(0.0631267536576462,0.00762125153797789,-0.0629195079695377));
#11921=CARTESIAN_POINT('',(0.0624641577429855,0.00586531351901895,-0.0629195079695377));
#11922=CARTESIAN_POINT('',(0.0624641577429855,0.00586531351901895,-0.0639195079695377));
#11923=CARTESIAN_POINT('',(0.0624641577429855,0.0066295153199421,-0.0629195079695377));
#11924=CARTESIAN_POINT('',(0.0624641577429855,0.0066295153199421,-0.0639195079695377));
#11925=CARTESIAN_POINT('',(0.0626850230478724,0.00721482799292841,-0.0629195079695377));
#11926=CARTESIAN_POINT('',(0.0626850230478724,0.00721482799292841,-0.0639195079695377));
#11927=CARTESIAN_POINT('',(0.0631267536576462,0.00762125153797789,-0.0629195079695377));
#11928=CARTESIAN_POINT('',(0.0631267536576462,0.00762125153797789,-0.0639195079695377));
#11929=CARTESIAN_POINT('',(0.0624641577429855,0.00586531351901895,-0.0639195079695377));
#11930=CARTESIAN_POINT('',(0.0624641577429855,0.00701161622040367,-0.0639195079695377));
#11931=CARTESIAN_POINT('',(0.0631267536576462,0.00762125153797789,-0.0639195079695377));
#11932=CARTESIAN_POINT('',(0.0624641577429855,0.00586531351901895,-0.0639195079695377));
#11933=CARTESIAN_POINT('',(0.0624641577429855,0.00586531351901895,-0.0629195079695377));
#11934=CARTESIAN_POINT('',(0.0624641577429855,0.00701161622040367,-0.0629195079695377));
#11935=CARTESIAN_POINT('',(0.0631267536576462,0.00762125153797789,-0.0629195079695377));
#11936=CARTESIAN_POINT('',(0.0624641577429855,0.00586531351901895,-0.0629195079695377));
#11937=CARTESIAN_POINT('',(0.0624641577429855,0.00586531351901895,-0.0629195079695377));
#11938=CARTESIAN_POINT('',(0.0666025146893282,0.00583749612000993,-0.0629195079695377));
#11939=CARTESIAN_POINT('',(0.0666025146893282,0.00583749612000993,-0.0639195079695377));
#11940=CARTESIAN_POINT('',(0.0629078498563551,0.00397520865410738,-0.0639195079695377));
#11941=CARTESIAN_POINT('',(0.0666025146893282,0.00583749612000993,-0.0629195079695377));
#11942=CARTESIAN_POINT('',(0.0629078498563551,0.00397520865410738,-0.0629195079695377));
#11943=CARTESIAN_POINT('',(0.0629078498563551,0.00397520865410738,-0.0629195079695377));
#11944=CARTESIAN_POINT('',(0.0660631245405568,0.000863479349732416,-0.0629195079695377));
#11945=CARTESIAN_POINT('',(0.0660631245405568,0.000863479349732416,-0.0639195079695377));
#11946=CARTESIAN_POINT('',(0.0667567122120312,0.000863479349732416,-0.0629195079695377));
#11947=CARTESIAN_POINT('',(0.0667567122120312,0.000863479349732416,-0.0639195079695377));
#11948=CARTESIAN_POINT('',(0.0673671321310437,0.00100666911222572,-0.0629195079695377));
#11949=CARTESIAN_POINT('',(0.0673671321310437,0.00100666911222572,-0.0639195079695377));
#11950=CARTESIAN_POINT('',(0.0678943842975944,0.00129304863721232,-0.0629195079695377));
#11951=CARTESIAN_POINT('',(0.0678943842975944,0.00129304863721232,-0.0639195079695377));
#11952=CARTESIAN_POINT('',(0.0660631245405568,0.000863479349732416,-0.0639195079695377));
#11953=CARTESIAN_POINT('',(0.0671035060477684,0.000863479349732416,-0.0639195079695377));
#11954=CARTESIAN_POINT('',(0.0678943842975944,0.00129304863721232,-0.0639195079695377));
#11955=CARTESIAN_POINT('',(0.0660631245405568,0.000863479349732416,-0.0639195079695377));
#11956=CARTESIAN_POINT('',(0.0678943842975944,0.00129304863721232,-0.0639195079695377));
#11957=CARTESIAN_POINT('',(0.0678943842975944,0.00129304863721232,-0.0629195079695377));
#11958=CARTESIAN_POINT('',(0.0678943842975944,0.00129304863721232,-0.0629195079695377));
#11959=CARTESIAN_POINT('',(0.0660631245405568,0.000863479349732416,-0.0629195079695377));
#11960=CARTESIAN_POINT('',(0.0671035060477684,0.000863479349732416,-0.0629195079695377));
#11961=CARTESIAN_POINT('',(0.0678943842975944,0.00129304863721232,-0.0629195079695377));
#11962=CARTESIAN_POINT('',(0.0660631245405568,0.000863479349732416,-0.0629195079695377));
#11963=CARTESIAN_POINT('',(0.0660631245405568,0.000863479349732416,-0.0629195079695377));
#11964=CARTESIAN_POINT('',(0.0635174851739293,0.00154137499244043,-0.0629195079695377));
#11965=CARTESIAN_POINT('',(0.0635174851739293,0.00154137499244043,-0.0639195079695377));
#11966=CARTESIAN_POINT('',(0.0642809023734142,0.00108944456396842,-0.0629195079695377));
#11967=CARTESIAN_POINT('',(0.0642809023734142,0.00108944456396842,-0.0639195079695377));
#11968=CARTESIAN_POINT('',(0.0651294488289567,0.000863479349732416,-0.0629195079695377));
#11969=CARTESIAN_POINT('',(0.0651294488289567,0.000863479349732416,-0.0639195079695377));
#11970=CARTESIAN_POINT('',(0.0660631245405568,0.000863479349732416,-0.0629195079695377));
#11971=CARTESIAN_POINT('',(0.0660631245405568,0.000863479349732416,-0.0639195079695377));
#11972=CARTESIAN_POINT('',(0.0635174851739293,0.00154137499244043,-0.0639195079695377));
#11973=CARTESIAN_POINT('',(0.0646626109731566,0.000863479349732416,-0.0639195079695377));
#11974=CARTESIAN_POINT('',(0.0660631245405568,0.000863479349732416,-0.0639195079695377));
#11975=CARTESIAN_POINT('',(0.0635174851739293,0.00154137499244043,-0.0639195079695377));
#11976=CARTESIAN_POINT('',(0.0635174851739293,0.00154137499244043,-0.0629195079695377));
#11977=CARTESIAN_POINT('',(0.0646626109731566,0.000863479349732416,-0.0629195079695377));
#11978=CARTESIAN_POINT('',(0.0660631245405568,0.000863479349732416,-0.0629195079695377));
#11979=CARTESIAN_POINT('',(0.0635174851739293,0.00154137499244043,-0.0629195079695377));
#11980=CARTESIAN_POINT('',(0.0635174851739293,0.00154137499244043,-0.0629195079695377));
#11981=CARTESIAN_POINT('',(0.0660224225326987,0.00581191233105607,-0.0629195079695377));
#11982=CARTESIAN_POINT('',(0.0660224225326987,0.00581191233105607,-0.0639195079695377));
#11983=CARTESIAN_POINT('',(0.0617097634600413,0.00337969616242291,-0.0639195079695377));
#11984=CARTESIAN_POINT('',(0.0660224225326987,0.00581191233105607,-0.0629195079695377));
#11985=CARTESIAN_POINT('',(0.0617097634600413,0.00337969616242291,-0.0629195079695377));
#11986=CARTESIAN_POINT('',(0.0617097634600413,0.00337969616242291,-0.0629195079695377));
#11987=CARTESIAN_POINT('',(0.0610471675453805,0.00594063525709761,-0.0629195079695377));
#11988=CARTESIAN_POINT('',(0.0610471675453805,0.00594063525709761,-0.0639195079695377));
#11989=CARTESIAN_POINT('',(0.0610471675453805,0.00500695954549746,-0.0629195079695377));
#11990=CARTESIAN_POINT('',(0.0610471675453805,0.00500695954549746,-0.0639195079695377));
#11991=CARTESIAN_POINT('',(0.0612680328502674,0.0041533131806059,-0.0629195079695377));
#11992=CARTESIAN_POINT('',(0.0612680328502674,0.0041533131806059,-0.0639195079695377));
#11993=CARTESIAN_POINT('',(0.0617097634600413,0.00337969616242291,-0.0629195079695377));
#11994=CARTESIAN_POINT('',(0.0617097634600413,0.00337969616242291,-0.0639195079695377));
#11995=CARTESIAN_POINT('',(0.0610471675453805,0.00594063525709761,-0.0639195079695377));
#11996=CARTESIAN_POINT('',(0.0610471675453805,0.00454012168969739,-0.0639195079695377));
#11997=CARTESIAN_POINT('',(0.0617097634600413,0.00337969616242291,-0.0639195079695377));
#11998=CARTESIAN_POINT('',(0.0610471675453805,0.00594063525709761,-0.0639195079695377));
#11999=CARTESIAN_POINT('',(0.0610471675453805,0.00594063525709761,-0.0629195079695377));
#12000=CARTESIAN_POINT('',(0.0610471675453805,0.00454012168969739,-0.0629195079695377));
#12001=CARTESIAN_POINT('',(0.0617097634600413,0.00337969616242291,-0.0629195079695377));
#12002=CARTESIAN_POINT('',(0.0610471675453805,0.00594063525709761,-0.0629195079695377));
#12003=CARTESIAN_POINT('',(0.0610471675453805,0.00594063525709761,-0.0629195079695377));
#12004=CARTESIAN_POINT('',(0.0614920365609077,0.00775659528608799,-0.0629195079695377));
#12005=CARTESIAN_POINT('',(0.0614920365609077,0.00775659528608799,-0.0639195079695377));
#12006=CARTESIAN_POINT('',(0.0611954572172229,0.00723954293823547,-0.0629195079695377));
#12007=CARTESIAN_POINT('',(0.0611954572172229,0.00723954293823547,-0.0639195079695377));
#12008=CARTESIAN_POINT('',(0.0610471675453805,0.00663422292857201,-0.0629195079695377));
#12009=CARTESIAN_POINT('',(0.0610471675453805,0.00663422292857201,-0.0639195079695377));
#12010=CARTESIAN_POINT('',(0.0610471675453805,0.00594063525709761,-0.0629195079695377));
#12011=CARTESIAN_POINT('',(0.0610471675453805,0.00594063525709761,-0.0639195079695377));
#12012=CARTESIAN_POINT('',(0.0614920365609077,0.00775659528608799,-0.0639195079695377));
#12013=CARTESIAN_POINT('',(0.0610471675453805,0.00698101676430921,-0.0639195079695377));
#12014=CARTESIAN_POINT('',(0.0610471675453805,0.00594063525709761,-0.0639195079695377));
#12015=CARTESIAN_POINT('',(0.0614920365609077,0.00775659528608799,-0.0639195079695377));
#12016=CARTESIAN_POINT('',(0.0614920365609077,0.00775659528608799,-0.0629195079695377));
#12017=CARTESIAN_POINT('',(0.0610471675453805,0.00698101676430921,-0.0629195079695377));
#12018=CARTESIAN_POINT('',(0.0610471675453805,0.00594063525709761,-0.0629195079695377));
#12019=CARTESIAN_POINT('',(0.0614920365609077,0.00775659528608799,-0.0629195079695377));
#12020=CARTESIAN_POINT('',(0.0614920365609077,0.00775659528608799,-0.0629195079695377));
#12021=CARTESIAN_POINT('',(0.0641664012315241,0.00623135614966141,-0.0629195079695377));
#12022=CARTESIAN_POINT('',(0.0641664012315241,0.00623135614966141,-0.0639195079695377));
#12023=CARTESIAN_POINT('',(0.0627419066521505,0.00896174309534668,-0.0639195079695377));
#12024=CARTESIAN_POINT('',(0.0641664012315241,0.00623135614966141,-0.0629195079695377));
#12025=CARTESIAN_POINT('',(0.0627419066521505,0.00896174309534668,-0.0629195079695377));
#12026=CARTESIAN_POINT('',(0.0627419066521505,0.00896174309534668,-0.0629195079695377));
#12027=CARTESIAN_POINT('',(0.0645872892350779,0.00939131238282658,-0.0629195079695377));
#12028=CARTESIAN_POINT('',(0.0645872892350779,0.00939131238282658,-0.0639195079695377));
#12029=CARTESIAN_POINT('',(0.0638937015636035,0.00939131238282658,-0.0629195079695377));
#12030=CARTESIAN_POINT('',(0.0638937015636035,0.00939131238282658,-0.0639195079695377));
#12031=CARTESIAN_POINT('',(0.063278574035961,0.00924812262033328,-0.0629195079695377));
#12032=CARTESIAN_POINT('',(0.063278574035961,0.00924812262033328,-0.0639195079695377));
#12033=CARTESIAN_POINT('',(0.0627419066521505,0.00896174309534668,-0.0629195079695377));
#12034=CARTESIAN_POINT('',(0.0627419066521505,0.00896174309534668,-0.0639195079695377));
#12035=CARTESIAN_POINT('',(0.0645872892350779,0.00939131238282658,-0.0639195079695377));
#12036=CARTESIAN_POINT('',(0.0635469077278663,0.00939131238282658,-0.0639195079695377));
#12037=CARTESIAN_POINT('',(0.0627419066521505,0.00896174309534668,-0.0639195079695377));
#12038=CARTESIAN_POINT('',(0.0645872892350779,0.00939131238282658,-0.0639195079695377));
#12039=CARTESIAN_POINT('',(0.0645872892350779,0.00939131238282658,-0.0629195079695377));
#12040=CARTESIAN_POINT('',(0.0635469077278663,0.00939131238282658,-0.0629195079695377));
#12041=CARTESIAN_POINT('',(0.0627419066521505,0.00896174309534668,-0.0629195079695377));
#12042=CARTESIAN_POINT('',(0.0645872892350779,0.00939131238282658,-0.0629195079695377));
#12043=CARTESIAN_POINT('',(0.0645872892350779,0.00939131238282658,-0.0629195079695377));
#12044=CARTESIAN_POINT('',(0.0671258671887605,0.00871341674011857,-0.0629195079695377));
#12045=CARTESIAN_POINT('',(0.0671258671887605,0.00871341674011857,-0.0639195079695377));
#12046=CARTESIAN_POINT('',(0.0663671575979056,0.00916534716859058,-0.0629195079695377));
#12047=CARTESIAN_POINT('',(0.0663671575979056,0.00916534716859058,-0.0639195079695377));
#12048=CARTESIAN_POINT('',(0.065520964946678,0.00939131238282658,-0.0629195079695377));
#12049=CARTESIAN_POINT('',(0.065520964946678,0.00939131238282658,-0.0639195079695377));
#12050=CARTESIAN_POINT('',(0.0645872892350779,0.00939131238282658,-0.0629195079695377));
#12051=CARTESIAN_POINT('',(0.0645872892350779,0.00939131238282658,-0.0639195079695377));
#12052=CARTESIAN_POINT('',(0.0671258671887605,0.00871341674011857,-0.0639195079695377));
#12053=CARTESIAN_POINT('',(0.0659878028024781,0.00939131238282658,-0.0639195079695377));
#12054=CARTESIAN_POINT('',(0.0645872892350779,0.00939131238282658,-0.0639195079695377));
#12055=CARTESIAN_POINT('',(0.0671258671887605,0.00871341674011857,-0.0639195079695377));
#12056=CARTESIAN_POINT('',(0.0671258671887605,0.00871341674011857,-0.0629195079695377));
#12057=CARTESIAN_POINT('',(0.0659878028024781,0.00939131238282658,-0.0629195079695377));
#12058=CARTESIAN_POINT('',(0.0645872892350779,0.00939131238282658,-0.0629195079695377));
#12059=CARTESIAN_POINT('',(0.0671258671887605,0.00871341674011857,-0.0629195079695377));
#12060=CARTESIAN_POINT('',(0.0671258671887605,0.00871341674011857,-0.0629195079695377));
#12061=CARTESIAN_POINT('',(0.0646658326013514,0.00454831280106415,-0.0629195079695377));
#12062=CARTESIAN_POINT('',(0.0646658326013514,0.00454831280106415,-0.0639195079695377));
#12063=CARTESIAN_POINT('',(0.0689112277616564,0.00686803415719121,-0.0639195079695377));
#12064=CARTESIAN_POINT('',(0.0646658326013514,0.00454831280106415,-0.0629195079695377));
#12065=CARTESIAN_POINT('',(0.0689112277616564,0.00686803415719121,-0.0629195079695377));
#12066=CARTESIAN_POINT('',(0.0689112277616564,0.00686803415719121,-0.0629195079695377));
#12067=CARTESIAN_POINT('',(0.06955852394827,0.00430003364957163,-0.0629195079695377));
#12068=CARTESIAN_POINT('',(0.06955852394827,0.00430003364957163,-0.0639195079695377));
#12069=CARTESIAN_POINT('',(0.06955852394827,0.00523370936117178,-0.0629195079695377));
#12070=CARTESIAN_POINT('',(0.06955852394827,0.00523370936117178,-0.0639195079695377));
#12071=CARTESIAN_POINT('',(0.0693427585527321,0.00608970953037831,-0.0629195079695377));
#12072=CARTESIAN_POINT('',(0.0693427585527321,0.00608970953037831,-0.0639195079695377));
#12073=CARTESIAN_POINT('',(0.0689112277616564,0.00686803415719121,-0.0629195079695377));
#12074=CARTESIAN_POINT('',(0.0689112277616564,0.00686803415719121,-0.0639195079695377));
#12075=CARTESIAN_POINT('',(0.06955852394827,0.00430003364957163,-0.0639195079695377));
#12076=CARTESIAN_POINT('',(0.06955852394827,0.00570054721697186,-0.0639195079695377));
#12077=CARTESIAN_POINT('',(0.0689112277616564,0.00686803415719121,-0.0639195079695377));
#12078=CARTESIAN_POINT('',(0.06955852394827,0.00430003364957163,-0.0639195079695377));
#12079=CARTESIAN_POINT('',(0.06955852394827,0.00430003364957163,-0.0629195079695377));
#12080=CARTESIAN_POINT('',(0.06955852394827,0.00570054721697186,-0.0629195079695377));
#12081=CARTESIAN_POINT('',(0.0689112277616564,0.00686803415719121,-0.0629195079695377));
#12082=CARTESIAN_POINT('',(0.06955852394827,0.00430003364957163,-0.0629195079695377));
#12083=CARTESIAN_POINT('',(0.06955852394827,0.00430003364957163,-0.0629195079695377));
#12084=CARTESIAN_POINT('',(0.0691218932478452,0.002498196446471,-0.0629195079695377));
#12085=CARTESIAN_POINT('',(0.0691218932478452,0.002498196446471,-0.0639195079695377));
#12086=CARTESIAN_POINT('',(0.0694129803814617,0.00301524879432352,-0.0629195079695377));
#12087=CARTESIAN_POINT('',(0.0694129803814617,0.00301524879432352,-0.0639195079695377));
#12088=CARTESIAN_POINT('',(0.06955852394827,0.00361586119535707,-0.0629195079695377));
#12089=CARTESIAN_POINT('',(0.06955852394827,0.00361586119535707,-0.0639195079695377));
#12090=CARTESIAN_POINT('',(0.06955852394827,0.00430003364957163,-0.0629195079695377));
#12091=CARTESIAN_POINT('',(0.06955852394827,0.00430003364957163,-0.0639195079695377));
#12092=CARTESIAN_POINT('',(0.0691218932478452,0.002498196446471,-0.0639195079695377));
#12093=CARTESIAN_POINT('',(0.06955852394827,0.00327377496824979,-0.0639195079695377));
#12094=CARTESIAN_POINT('',(0.06955852394827,0.00430003364957163,-0.0639195079695377));
#12095=CARTESIAN_POINT('',(0.0691218932478452,0.002498196446471,-0.0639195079695377));
#12096=CARTESIAN_POINT('',(0.0691218932478452,0.002498196446471,-0.0629195079695377));
#12097=CARTESIAN_POINT('',(0.06955852394827,0.00327377496824979,-0.0629195079695377));
#12098=CARTESIAN_POINT('',(0.06955852394827,0.00430003364957163,-0.0629195079695377));
#12099=CARTESIAN_POINT('',(0.0691218932478452,0.002498196446471,-0.0629195079695377));
#12100=CARTESIAN_POINT('',(0.0691218932478452,0.002498196446471,-0.0629195079695377));
#12101=CARTESIAN_POINT('',(0.0664609545781952,0.00398204729197667,-0.0629195079695377));
#12102=CARTESIAN_POINT('',(0.0664609545781952,0.00398204729197667,-0.0639195079695377));
#12103=CARTESIAN_POINT('',(0.0664609545781952,0.00398204729197667,-0.0629195079695377));
#12104=CARTESIAN_POINT('',(0.0641353588066059,0.00255939535865992,-0.0629195079695377));
#12105=CARTESIAN_POINT('',(0.0641353588066059,0.00255939535865992,-0.0639195079695377));
#12106=CARTESIAN_POINT('',(0.0636128142486852,0.00291638901309527,-0.0629195079695377));
#12107=CARTESIAN_POINT('',(0.0636128142486852,0.00291638901309527,-0.0639195079695377));
#12108=CARTESIAN_POINT('',(0.0632036445986016,0.00338832677824443,-0.0629195079695377));
#12109=CARTESIAN_POINT('',(0.0632036445986016,0.00338832677824443,-0.0639195079695377));
#12110=CARTESIAN_POINT('',(0.0629078498563551,0.00397520865410738,-0.0629195079695377));
#12111=CARTESIAN_POINT('',(0.0629078498563551,0.00397520865410738,-0.0639195079695377));
#12112=CARTESIAN_POINT('',(0.0641353588066059,0.00255939535865992,-0.0639195079695377));
#12113=CARTESIAN_POINT('',(0.0633515419697248,0.00309488584031295,-0.0639195079695377));
#12114=CARTESIAN_POINT('',(0.0629078498563551,0.00397520865410738,-0.0639195079695377));
#12115=CARTESIAN_POINT('',(0.0641353588066059,0.00255939535865992,-0.0629195079695377));
#12116=CARTESIAN_POINT('',(0.0633515419697248,0.00309488584031295,-0.0629195079695377));
#12117=CARTESIAN_POINT('',(0.0629078498563551,0.00397520865410738,-0.0629195079695377));
#12118=CARTESIAN_POINT('',(0.0449766300941353,0.0155,-0.0629195079695377));
#12119=CARTESIAN_POINT('',(0.0449766300941353,0.0155,-0.0639195079695377));
#12120=CARTESIAN_POINT('',(0.,0.,0.));
#12121=CARTESIAN_POINT('',(0.0255941669534776,0.00657380861782142,-0.0629195079695377));
#12122=CARTESIAN_POINT('',(0.0255941669534776,0.00657380861782142,-0.0639195079695377));
#12123=CARTESIAN_POINT('',(0.02460792294551,0.0121476172356428,-0.0639195079695377));
#12124=CARTESIAN_POINT('',(0.0265804109614452,0.001,-0.0639195079695377));
#12125=CARTESIAN_POINT('',(0.0265804109614452,0.001,-0.0629195079695377));
#12126=CARTESIAN_POINT('',(0.0265804109614452,0.001,-0.0629195079695377));
#12127=CARTESIAN_POINT('',(0.0255941669534776,0.00657380861782142,-0.0629195079695377));
#12128=CARTESIAN_POINT('',(0.02460792294551,0.0121476172356428,-0.0629195079695377));
#12129=CARTESIAN_POINT('',(0.02460792294551,0.0121476172356428,-0.0629195079695377));
#12130=CARTESIAN_POINT('',(0.0252928800011629,0.0121476172356428,-0.0629195079695377));
#12131=CARTESIAN_POINT('',(0.0252928800011629,0.0121476172356428,-0.0639195079695377));
#12132=CARTESIAN_POINT('',(0.0259778370568158,0.0121476172356428,-0.0639195079695377));
#12133=CARTESIAN_POINT('',(0.0252928800011629,0.0121476172356428,-0.0629195079695377));
#12134=CARTESIAN_POINT('',(0.0259778370568158,0.0121476172356428,-0.0629195079695377));
#12135=CARTESIAN_POINT('',(0.0259778370568158,0.0121476172356428,-0.0629195079695377));
#12136=CARTESIAN_POINT('',(0.0269652579669408,0.00657380861782142,-0.0629195079695377));
#12137=CARTESIAN_POINT('',(0.0269652579669408,0.00657380861782142,-0.0639195079695377));
#12138=CARTESIAN_POINT('',(0.0279526788770659,0.001,-0.0639195079695377));
#12139=CARTESIAN_POINT('',(0.0269652579669408,0.00657380861782142,-0.0629195079695377));
#12140=CARTESIAN_POINT('',(0.0279526788770659,0.001,-0.0629195079695377));
#12141=CARTESIAN_POINT('',(0.0279526788770659,0.001,-0.0629195079695377));
#12142=CARTESIAN_POINT('',(0.0272665449192555,0.001,-0.0629195079695377));
#12143=CARTESIAN_POINT('',(0.0272665449192555,0.001,-0.0639195079695377));
#12144=CARTESIAN_POINT('',(0.0272665449192555,0.001,-0.0629195079695377));
#12145=CARTESIAN_POINT('',(0.0449766300941353,0.0155,-0.0629195079695377));
#12146=CARTESIAN_POINT('',(0.0449766300941353,0.0155,-0.0639195079695377));
#12147=CARTESIAN_POINT('',(0.,0.,0.));
#12148=CARTESIAN_POINT('',(0.0904956133298246,0.00940543520871633,-0.0629195079695377));
#12149=CARTESIAN_POINT('',(0.0904956133298246,0.00940543520871633,-0.0639195079695377));
#12150=CARTESIAN_POINT('',(0.0896717818195892,0.00940543520871633,-0.0629195079695377));
#12151=CARTESIAN_POINT('',(0.0896717818195892,0.00940543520871633,-0.0639195079695377));
#12152=CARTESIAN_POINT('',(0.0890087936042093,0.00917711619016537,-0.0629195079695377));
#12153=CARTESIAN_POINT('',(0.0890087936042093,0.00917711619016537,-0.0639195079695377));
#12154=CARTESIAN_POINT('',(0.0885066486836848,0.00872047815306344,-0.0629195079695377));
#12155=CARTESIAN_POINT('',(0.0885066486836848,0.00872047815306344,-0.0639195079695377));
#12156=CARTESIAN_POINT('',(0.0904956133298246,0.00940543520871633,-0.0639195079695377));
#12157=CARTESIAN_POINT('',(0.0892598660644715,0.00940543520871633,-0.0639195079695377));
#12158=CARTESIAN_POINT('',(0.0885066486836848,0.00872047815306344,-0.0639195079695377));
#12159=CARTESIAN_POINT('',(0.0904956133298246,0.00940543520871633,-0.0639195079695377));
#12160=CARTESIAN_POINT('',(0.0885066486836848,0.00872047815306344,-0.0639195079695377));
#12161=CARTESIAN_POINT('',(0.0885066486836848,0.00872047815306344,-0.0629195079695377));
#12162=CARTESIAN_POINT('',(0.0885066486836848,0.00872047815306344,-0.0629195079695377));
#12163=CARTESIAN_POINT('',(0.0904956133298246,0.00940543520871633,-0.0629195079695377));
#12164=CARTESIAN_POINT('',(0.0892598660644715,0.00940543520871633,-0.0629195079695377));
#12165=CARTESIAN_POINT('',(0.0885066486836848,0.00872047815306344,-0.0629195079695377));
#12166=CARTESIAN_POINT('',(0.0904956133298246,0.00940543520871633,-0.0629195079695377));
#12167=CARTESIAN_POINT('',(0.0904956133298246,0.00940543520871633,-0.0629195079695377));
#12168=CARTESIAN_POINT('',(0.0905095280644368,0.00538210801155788,-0.0629195079695377));
#12169=CARTESIAN_POINT('',(0.0905095280644368,0.00538210801155788,-0.0639195079695377));
#12170=CARTESIAN_POINT('',(0.0921597529805002,0.00905118765931509,-0.0639195079695377));
#12171=CARTESIAN_POINT('',(0.0905095280644368,0.00538210801155788,-0.0629195079695377));
#12172=CARTESIAN_POINT('',(0.0921597529805002,0.00905118765931509,-0.0629195079695377));
#12173=CARTESIAN_POINT('',(0.0921597529805002,0.00905118765931509,-0.0629195079695377));
#12174=CARTESIAN_POINT('',(0.0934637605709871,0.00806612055350502,-0.0629195079695377));
#12175=CARTESIAN_POINT('',(0.0934637605709871,0.00806612055350502,-0.0639195079695377));
#12176=CARTESIAN_POINT('',(0.0931216743438798,0.00848666692444425,-0.0629195079695377));
#12177=CARTESIAN_POINT('',(0.0931216743438798,0.00848666692444425,-0.0639195079695377));
#12178=CARTESIAN_POINT('',(0.0926870051470509,0.00881502262638094,-0.0629195079695377));
#12179=CARTESIAN_POINT('',(0.0926870051470509,0.00881502262638094,-0.0639195079695377));
#12180=CARTESIAN_POINT('',(0.0921597529805002,0.00905118765931509,-0.0629195079695377));
#12181=CARTESIAN_POINT('',(0.0921597529805002,0.00905118765931509,-0.0639195079695377));
#12182=CARTESIAN_POINT('',(0.0934637605709871,0.00806612055350502,-0.0639195079695377));
#12183=CARTESIAN_POINT('',(0.0929506312303262,0.00869694010991386,-0.0639195079695377));
#12184=CARTESIAN_POINT('',(0.0921597529805002,0.00905118765931509,-0.0639195079695377));
#12185=CARTESIAN_POINT('',(0.0934637605709871,0.00806612055350502,-0.0639195079695377));
#12186=CARTESIAN_POINT('',(0.0934637605709871,0.00806612055350502,-0.0629195079695377));
#12187=CARTESIAN_POINT('',(0.0929506312303262,0.00869694010991386,-0.0629195079695377));
#12188=CARTESIAN_POINT('',(0.0921597529805002,0.00905118765931509,-0.0629195079695377));
#12189=CARTESIAN_POINT('',(0.0934637605709871,0.00806612055350502,-0.0629195079695377));
#12190=CARTESIAN_POINT('',(0.0934637605709871,0.00806612055350502,-0.0629195079695377));
#12191=CARTESIAN_POINT('',(0.093102451608641,0.0101068688945739,-0.0629195079695377));
#12192=CARTESIAN_POINT('',(0.093102451608641,0.0101068688945739,-0.0639195079695377));
#12193=CARTESIAN_POINT('',(0.0927411426462949,0.0121476172356428,-0.0639195079695377));
#12194=CARTESIAN_POINT('',(0.093102451608641,0.0101068688945739,-0.0629195079695377));
#12195=CARTESIAN_POINT('',(0.0927411426462949,0.0121476172356428,-0.0629195079695377));
#12196=CARTESIAN_POINT('',(0.0927411426462949,0.0121476172356428,-0.0629195079695377));
#12197=CARTESIAN_POINT('',(0.0934260997019478,0.0121476172356428,-0.0629195079695377));
#12198=CARTESIAN_POINT('',(0.0934260997019478,0.0121476172356428,-0.0639195079695377));
#12199=CARTESIAN_POINT('',(0.0941110567576007,0.0121476172356428,-0.0639195079695377));
#12200=CARTESIAN_POINT('',(0.0934260997019478,0.0121476172356428,-0.0629195079695377));
#12201=CARTESIAN_POINT('',(0.0941110567576007,0.0121476172356428,-0.0629195079695377));
#12202=CARTESIAN_POINT('',(0.0941110567576007,0.0121476172356428,-0.0629195079695377));
#12203=CARTESIAN_POINT('',(0.0950984776677257,0.00657380861782141,-0.0629195079695377));
#12204=CARTESIAN_POINT('',(0.0950984776677257,0.00657380861782141,-0.0639195079695377));
#12205=CARTESIAN_POINT('',(0.0960858985778508,0.001,-0.0639195079695377));
#12206=CARTESIAN_POINT('',(0.0950984776677257,0.00657380861782141,-0.0629195079695377));
#12207=CARTESIAN_POINT('',(0.0960858985778508,0.001,-0.0629195079695377));
#12208=CARTESIAN_POINT('',(0.0960858985778508,0.001,-0.0629195079695377));
#12209=CARTESIAN_POINT('',(0.0953997646200404,0.001,-0.0629195079695377));
#12210=CARTESIAN_POINT('',(0.0953997646200404,0.001,-0.0639195079695377));
#12211=CARTESIAN_POINT('',(0.09471363066223,0.001,-0.0639195079695377));
#12212=CARTESIAN_POINT('',(0.0953997646200404,0.001,-0.0629195079695377));
#12213=CARTESIAN_POINT('',(0.09471363066223,0.001,-0.0629195079695377));
#12214=CARTESIAN_POINT('',(0.09471363066223,0.001,-0.0629195079695377));
#12215=CARTESIAN_POINT('',(0.0943075994178997,0.00329731301139937,-0.0629195079695377));
#12216=CARTESIAN_POINT('',(0.0943075994178997,0.00329731301139937,-0.0639195079695377));
#12217=CARTESIAN_POINT('',(0.0939015681735694,0.00559462602279873,-0.0639195079695377));
#12218=CARTESIAN_POINT('',(0.0943075994178997,0.00329731301139937,-0.0629195079695377));
#12219=CARTESIAN_POINT('',(0.0939015681735694,0.00559462602279873,-0.0629195079695377));
#12220=CARTESIAN_POINT('',(0.0939015681735694,0.00559462602279873,-0.0629195079695377));
#12221=CARTESIAN_POINT('',(0.0939015681735694,0.0055793262947515,-0.0629195079695377));
#12222=CARTESIAN_POINT('',(0.0939015681735694,0.0055793262947515,-0.0639195079695377));
#12223=CARTESIAN_POINT('',(0.0939015681735694,0.00556402656670427,-0.0639195079695377));
#12224=CARTESIAN_POINT('',(0.0939015681735694,0.0055793262947515,-0.0629195079695377));
#12225=CARTESIAN_POINT('',(0.0939015681735694,0.00556402656670427,-0.0629195079695377));
#12226=CARTESIAN_POINT('',(0.0939015681735694,0.00556402656670427,-0.0629195079695377));
#12227=CARTESIAN_POINT('',(0.0929141472634444,0.00753886838695434,-0.0629195079695377));
#12228=CARTESIAN_POINT('',(0.0929141472634444,0.00753886838695434,-0.0639195079695377));
#12229=CARTESIAN_POINT('',(0.0934217843940371,0.00708693795848233,-0.0629195079695377));
#12230=CARTESIAN_POINT('',(0.0934217843940371,0.00708693795848233,-0.0639195079695377));
#12231=CARTESIAN_POINT('',(0.093750924697412,0.00642865735173231,-0.0629195079695377));
#12232=CARTESIAN_POINT('',(0.093750924697412,0.00642865735173231,-0.0639195079695377));
#12233=CARTESIAN_POINT('',(0.0939015681735694,0.00556402656670427,-0.0629195079695377));
#12234=CARTESIAN_POINT('',(0.0939015681735694,0.00556402656670427,-0.0639195079695377));
#12235=CARTESIAN_POINT('',(0.0929141472634444,0.00753886838695434,-0.0639195079695377));
#12236=CARTESIAN_POINT('',(0.0936756029593334,0.00686097274424633,-0.0639195079695377));
#12237=CARTESIAN_POINT('',(0.0939015681735694,0.00556402656670427,-0.0639195079695377));
#12238=CARTESIAN_POINT('',(0.0929141472634444,0.00753886838695434,-0.0639195079695377));
#12239=CARTESIAN_POINT('',(0.0929141472634444,0.00753886838695434,-0.0629195079695377));
#12240=CARTESIAN_POINT('',(0.0936756029593334,0.00686097274424633,-0.0629195079695377));
#12241=CARTESIAN_POINT('',(0.0939015681735694,0.00556402656670427,-0.0629195079695377));
#12242=CARTESIAN_POINT('',(0.0929141472634444,0.00753886838695434,-0.0629195079695377));
#12243=CARTESIAN_POINT('',(0.0929141472634444,0.00753886838695434,-0.0629195079695377));
#12244=CARTESIAN_POINT('',(0.0910675877783595,0.00821676402966235,-0.0629195079695377));
#12245=CARTESIAN_POINT('',(0.0910675877783595,0.00821676402966235,-0.0639195079695377));
#12246=CARTESIAN_POINT('',(0.09179099030449,0.00821676402966235,-0.0629195079695377));
#12247=CARTESIAN_POINT('',(0.09179099030449,0.00821676402966235,-0.0639195079695377));
#12248=CARTESIAN_POINT('',(0.0924065101328517,0.00799079881542635,-0.0629195079695377));
#12249=CARTESIAN_POINT('',(0.0924065101328517,0.00799079881542635,-0.0639195079695377));
#12250=CARTESIAN_POINT('',(0.0929141472634444,0.00753886838695434,-0.0629195079695377));
#12251=CARTESIAN_POINT('',(0.0929141472634444,0.00753886838695434,-0.0639195079695377));
#12252=CARTESIAN_POINT('',(0.0910675877783595,0.00821676402966235,-0.0639195079695377));
#12253=CARTESIAN_POINT('',(0.0921526915675553,0.00821676402966235,-0.0639195079695377));
#12254=CARTESIAN_POINT('',(0.0929141472634444,0.00753886838695434,-0.0639195079695377));
#12255=CARTESIAN_POINT('',(0.0910675877783595,0.00821676402966235,-0.0639195079695377));
#12256=CARTESIAN_POINT('',(0.0910675877783595,0.00821676402966235,-0.0629195079695377));
#12257=CARTESIAN_POINT('',(0.0921526915675553,0.00821676402966235,-0.0629195079695377));
#12258=CARTESIAN_POINT('',(0.0929141472634444,0.00753886838695434,-0.0629195079695377));
#12259=CARTESIAN_POINT('',(0.0910675877783595,0.00821676402966235,-0.0629195079695377));
#12260=CARTESIAN_POINT('',(0.0910675877783595,0.00821676402966235,-0.0629195079695377));
#12261=CARTESIAN_POINT('',(0.0896600127980144,0.00773423414509589,-0.0629195079695377));
#12262=CARTESIAN_POINT('',(0.0896600127980144,0.00773423414509589,-0.0639195079695377));
#12263=CARTESIAN_POINT('',(0.0899958222136151,0.00805592073480686,-0.0629195079695377));
#12264=CARTESIAN_POINT('',(0.0899958222136151,0.00805592073480686,-0.0639195079695377));
#12265=CARTESIAN_POINT('',(0.0904650138737302,0.00821676402966235,-0.0629195079695377));
#12266=CARTESIAN_POINT('',(0.0904650138737302,0.00821676402966235,-0.0639195079695377));
#12267=CARTESIAN_POINT('',(0.0910675877783595,0.00821676402966235,-0.0629195079695377));
#12268=CARTESIAN_POINT('',(0.0910675877783595,0.00821676402966235,-0.0639195079695377));
#12269=CARTESIAN_POINT('',(0.0896600127980144,0.00773423414509589,-0.0639195079695377));
#12270=CARTESIAN_POINT('',(0.0901637269214155,0.00821676402966235,-0.0639195079695377));
#12271=CARTESIAN_POINT('',(0.0910675877783595,0.00821676402966235,-0.0639195079695377));
#12272=CARTESIAN_POINT('',(0.0896600127980144,0.00773423414509589,-0.0639195079695377));
#12273=CARTESIAN_POINT('',(0.0896600127980144,0.00773423414509589,-0.0629195079695377));
#12274=CARTESIAN_POINT('',(0.0901637269214155,0.00821676402966235,-0.0629195079695377));
#12275=CARTESIAN_POINT('',(0.0910675877783595,0.00821676402966235,-0.0629195079695377));
#12276=CARTESIAN_POINT('',(0.0896600127980144,0.00773423414509589,-0.0629195079695377));
#12277=CARTESIAN_POINT('',(0.0896600127980144,0.00773423414509589,-0.0629195079695377));
#12278=CARTESIAN_POINT('',(0.0891562986746133,0.00633372057769566,-0.0629195079695377));
#12279=CARTESIAN_POINT('',(0.0891562986746133,0.00633372057769566,-0.0639195079695377));
#12280=CARTESIAN_POINT('',(0.0891562986746133,0.00694570969958483,-0.0629195079695377));
#12281=CARTESIAN_POINT('',(0.0891562986746133,0.00694570969958483,-0.0639195079695377));
#12282=CARTESIAN_POINT('',(0.0893242033824137,0.00741254755538491,-0.0629195079695377));
#12283=CARTESIAN_POINT('',(0.0893242033824137,0.00741254755538491,-0.0639195079695377));
#12284=CARTESIAN_POINT('',(0.0896600127980144,0.00773423414509589,-0.0629195079695377));
#12285=CARTESIAN_POINT('',(0.0896600127980144,0.00773423414509589,-0.0639195079695377));
#12286=CARTESIAN_POINT('',(0.0891562986746133,0.00633372057769566,-0.0639195079695377));
#12287=CARTESIAN_POINT('',(0.0891562986746133,0.00725170426052942,-0.0639195079695377));
#12288=CARTESIAN_POINT('',(0.0896600127980144,0.00773423414509589,-0.0639195079695377));
#12289=CARTESIAN_POINT('',(0.0891562986746133,0.00633372057769566,-0.0639195079695377));
#12290=CARTESIAN_POINT('',(0.0891562986746133,0.00633372057769566,-0.0629195079695377));
#12291=CARTESIAN_POINT('',(0.0891562986746133,0.00725170426052942,-0.0629195079695377));
#12292=CARTESIAN_POINT('',(0.0896600127980144,0.00773423414509589,-0.0629195079695377));
#12293=CARTESIAN_POINT('',(0.0891562986746133,0.00633372057769566,-0.0629195079695377));
#12294=CARTESIAN_POINT('',(0.0891562986746133,0.00633372057769566,-0.0629195079695377));
#12295=CARTESIAN_POINT('',(0.0927735717343863,0.00631755446594808,-0.0629195079695377));
#12296=CARTESIAN_POINT('',(0.0927735717343863,0.00631755446594808,-0.0639195079695377));
#12297=CARTESIAN_POINT('',(0.0892150385195843,0.00566992860383315,-0.0639195079695377));
#12298=CARTESIAN_POINT('',(0.0927735717343863,0.00631755446594808,-0.0629195079695377));
#12299=CARTESIAN_POINT('',(0.0892150385195843,0.00566992860383315,-0.0629195079695377));
#12300=CARTESIAN_POINT('',(0.0892151437824873,0.0056699477608774,-0.0629195079695377));
#12301=CARTESIAN_POINT('',(0.08962941334192,0.0033349738804387,-0.0629195079695377));
#12302=CARTESIAN_POINT('',(0.08962941334192,0.0033349738804387,-0.0639195079695377));
#12303=CARTESIAN_POINT('',(0.0900436829013526,0.001,-0.0639195079695377));
#12304=CARTESIAN_POINT('',(0.08962941334192,0.0033349738804387,-0.0629195079695377));
#12305=CARTESIAN_POINT('',(0.0900436829013526,0.001,-0.0629195079695377));
#12306=CARTESIAN_POINT('',(0.0900436829013526,0.001,-0.0629195079695377));
#12307=CARTESIAN_POINT('',(0.0893657872586446,0.001,-0.0629195079695377));
#12308=CARTESIAN_POINT('',(0.0893657872586446,0.001,-0.0639195079695377));
#12309=CARTESIAN_POINT('',(0.0886878916159366,0.001,-0.0639195079695377));
#12310=CARTESIAN_POINT('',(0.0893657872586446,0.001,-0.0629195079695377));
#12311=CARTESIAN_POINT('',(0.0886878916159366,0.001,-0.0629195079695377));
#12312=CARTESIAN_POINT('',(0.0886878916159366,0.001,-0.0629195079695377));
#12313=CARTESIAN_POINT('',(0.0882583223284567,0.00343265675950947,-0.0629195079695377));
#12314=CARTESIAN_POINT('',(0.0882583223284567,0.00343265675950947,-0.0639195079695377));
#12315=CARTESIAN_POINT('',(0.0878284307560967,0.00586525535791518,-0.0639195079695377));
#12316=CARTESIAN_POINT('',(0.0882583223284567,0.00343265675950947,-0.0629195079695377));
#12317=CARTESIAN_POINT('',(0.0878284307560967,0.00586525535791518,-0.0629195082195377));
#12318=CARTESIAN_POINT('',(0.0878287530409768,0.00586531351901895,-0.0629195079695377));
#12319=CARTESIAN_POINT('',(0.0924252264429865,0.00669481556199754,-0.0629195079695378));
#12320=CARTESIAN_POINT('',(0.0924252264429865,0.00669481556199754,-0.0639195079695377));
#12321=CARTESIAN_POINT('',(0.0877534313028981,0.0067385749198685,-0.0639195079695377));
#12322=CARTESIAN_POINT('',(0.0924252264429865,0.00669481556199754,-0.0629195079695377));
#12323=CARTESIAN_POINT('',(0.0877534313028981,0.0067385749198685,-0.0629195079695377));
#12324=CARTESIAN_POINT('',(0.0877534313028981,0.0067385749198685,-0.0629195079695377));
#12325=CARTESIAN_POINT('',(0.0885066486836848,0.00872047815306344,-0.0629195079695377));
#12326=CARTESIAN_POINT('',(0.0885066486836848,0.00872047815306344,-0.0639195079695377));
#12327=CARTESIAN_POINT('',(0.0880045037631603,0.00826384011596152,-0.0629195079695377));
#12328=CARTESIAN_POINT('',(0.0880045037631603,0.00826384011596152,-0.0639195079695377));
#12329=CARTESIAN_POINT('',(0.0877534313028981,0.00760320570489654,-0.0629195079695377));
#12330=CARTESIAN_POINT('',(0.0877534313028981,0.00760320570489654,-0.0639195079695377));
#12331=CARTESIAN_POINT('',(0.0877534313028981,0.0067385749198685,-0.0629195079695377));
#12332=CARTESIAN_POINT('',(0.0877534313028981,0.0067385749198685,-0.0639195079695377));
#12333=CARTESIAN_POINT('',(0.0885066486836848,0.00872047815306344,-0.0639195079695377));
#12334=CARTESIAN_POINT('',(0.0877534313028981,0.00803552109741056,-0.0639195079695377));
#12335=CARTESIAN_POINT('',(0.0877534313028981,0.0067385749198685,-0.0639195079695377));
#12336=CARTESIAN_POINT('',(0.0885066486836848,0.00872047815306344,-0.0629195079695377));
#12337=CARTESIAN_POINT('',(0.0877534313028981,0.00803552109741056,-0.0629195079695377));
#12338=CARTESIAN_POINT('',(0.0877534313028981,0.0067385749198685,-0.0629195079695377));
#12339=CARTESIAN_POINT('',(0.0449766300941353,0.0155,-0.0629195079695377));
#12340=CARTESIAN_POINT('',(0.0449766300941353,0.0155,-0.0639195079695377));
#12341=CARTESIAN_POINT('',(0.,0.,0.));
#12342=CARTESIAN_POINT('',(0.0111794693286726,0.00773423414509589,-0.0629195079695377));
#12343=CARTESIAN_POINT('',(0.0111794693286726,0.00773423414509589,-0.0639195079695377));
#12344=CARTESIAN_POINT('',(0.0104333133608307,0.0115003210490293,-0.0639195079695377));
#12345=CARTESIAN_POINT('',(0.0119256252965144,0.0039681472411625,-0.0639195079695377));
#12346=CARTESIAN_POINT('',(0.0119256252965144,0.0039681472411625,-0.0629195079695377));
#12347=CARTESIAN_POINT('',(0.0119256252965144,0.0039681472411625,-0.0629195079695377));
#12348=CARTESIAN_POINT('',(0.0111794693286726,0.00773423414509589,-0.0629195079695377));
#12349=CARTESIAN_POINT('',(0.0104333133608307,0.0115003210490293,-0.0629195079695377));
#12350=CARTESIAN_POINT('',(0.0104333133608307,0.0115003210490293,-0.0629195079695377));
#12351=CARTESIAN_POINT('',(0.0111641696006253,0.0115003210490293,-0.0629195079695377));
#12352=CARTESIAN_POINT('',(0.0111641696006253,0.0115003210490293,-0.0639195079695377));
#12353=CARTESIAN_POINT('',(0.0118950258404199,0.0115003210490293,-0.0639195079695377));
#12354=CARTESIAN_POINT('',(0.0111641696006253,0.0115003210490293,-0.0629195079695377));
#12355=CARTESIAN_POINT('',(0.0118950258404199,0.0115003210490293,-0.0629195079695377));
#12356=CARTESIAN_POINT('',(0.0118950258404199,0.0115003210490293,-0.0629195079695377));
#12357=CARTESIAN_POINT('',(0.012482300017002,0.00773423414509589,-0.0629195079695377));
#12358=CARTESIAN_POINT('',(0.012482300017002,0.00773423414509589,-0.0639195079695377));
#12359=CARTESIAN_POINT('',(0.0130695741935841,0.0039681472411625,-0.0639195079695377));
#12360=CARTESIAN_POINT('',(0.012482300017002,0.00773423414509589,-0.0629195079695377));
#12361=CARTESIAN_POINT('',(0.0130695741935841,0.0039681472411625,-0.0629195079695377));
#12362=CARTESIAN_POINT('',(0.0130695741935841,0.0039681472411625,-0.0629195079695377));
#12363=CARTESIAN_POINT('',(0.0124975997450492,0.0039681472411625,-0.0629195079695377));
#12364=CARTESIAN_POINT('',(0.0124975997450492,0.0039681472411625,-0.0639195079695377));
#12365=CARTESIAN_POINT('',(0.0124975997450492,0.0039681472411625,-0.0629195079695377));
#12366=CARTESIAN_POINT('',(0.0449766300941353,0.0155,-0.0629195079695377));
#12367=CARTESIAN_POINT('',(0.0449766300941353,0.0155,-0.0639195079695377));
#12368=CARTESIAN_POINT('',(0.,0.,0.));
#12369=CARTESIAN_POINT('',(0.0747463086584382,0.00657380861782141,-0.0629195079695377));
#12370=CARTESIAN_POINT('',(0.0747463086584382,0.00657380861782141,-0.0639195079695377));
#12371=CARTESIAN_POINT('',(0.0737600646504707,0.0121476172356428,-0.0639195079695377));
#12372=CARTESIAN_POINT('',(0.0757325526664058,0.001,-0.0639195079695377));
#12373=CARTESIAN_POINT('',(0.0757325526664058,0.001,-0.0629195079695377));
#12374=CARTESIAN_POINT('',(0.0757325526664058,0.001,-0.0629195079695377));
#12375=CARTESIAN_POINT('',(0.0747463086584382,0.00657380861782141,-0.0629195079695377));
#12376=CARTESIAN_POINT('',(0.0737600646504707,0.0121476172356428,-0.0629195079695377));
#12377=CARTESIAN_POINT('',(0.0737600646504707,0.0121476172356428,-0.0629195079695377));
#12378=CARTESIAN_POINT('',(0.0744450217061235,0.0121476172356428,-0.0629195079695377));
#12379=CARTESIAN_POINT('',(0.0744450217061235,0.0121476172356428,-0.0639195079695377));
#12380=CARTESIAN_POINT('',(0.0751299787617764,0.0121476172356428,-0.0639195079695377));
#12381=CARTESIAN_POINT('',(0.0744450217061235,0.0121476172356428,-0.0629195079695377));
#12382=CARTESIAN_POINT('',(0.0751299787617764,0.0121476172356428,-0.0629195079695377));
#12383=CARTESIAN_POINT('',(0.0751299787617764,0.0121476172356428,-0.0629195079695377));
#12384=CARTESIAN_POINT('',(0.0761173996719015,0.00657380861782141,-0.0629195079695377));
#12385=CARTESIAN_POINT('',(0.0761173996719015,0.00657380861782141,-0.0639195079695377));
#12386=CARTESIAN_POINT('',(0.0771048205820265,0.001,-0.0639195079695377));
#12387=CARTESIAN_POINT('',(0.0761173996719015,0.00657380861782141,-0.0629195079695377));
#12388=CARTESIAN_POINT('',(0.0771048205820265,0.001,-0.0629195079695377));
#12389=CARTESIAN_POINT('',(0.0771048205820265,0.001,-0.0629195079695377));
#12390=CARTESIAN_POINT('',(0.0764186866242161,0.001,-0.0629195079695377));
#12391=CARTESIAN_POINT('',(0.0764186866242161,0.001,-0.0639195079695377));
#12392=CARTESIAN_POINT('',(0.0764186866242161,0.001,-0.0629195079695377));
#12393=CARTESIAN_POINT('',(0.0449766300941353,0.0155,-0.0629195079695377));
#12394=CARTESIAN_POINT('',(0.0449766300941353,0.0155,-0.0639195079695377));
#12395=CARTESIAN_POINT('',(0.,0.,0.));
#12396=CARTESIAN_POINT('',(0.0449766300941353,-0.003,-0.0639195079695377));
#12397=CARTESIAN_POINT('',(0.0813981596525106,0.00939131238282658,-0.0639195079695377));
#12398=CARTESIAN_POINT('',(0.080357778145299,0.00939131238282658,-0.0639195079695377));
#12399=CARTESIAN_POINT('',(0.0795974993515674,0.00899234255144113,-0.0639195079695377));
#12400=CARTESIAN_POINT('',(0.0813981596525106,0.00939131238282658,-0.0639195079695377));
#12401=CARTESIAN_POINT('',(0.0795974993515674,0.00899234255144113,-0.0639195079695377));
#12402=CARTESIAN_POINT('',(0.0795974993515674,0.00899234255144113,-0.0639195079695377));
#12403=CARTESIAN_POINT('',(0.0788372205578359,0.00859337272005569,-0.0639195079695377));
#12404=CARTESIAN_POINT('',(0.0784370738242929,0.00787781620830835,-0.0639195079695377));
#12405=CARTESIAN_POINT('',(0.0784370738242929,0.00787781620830835,-0.0639195079695377));
#12406=CARTESIAN_POINT('',(0.0784370738242929,0.00787781620830835,-0.0639195079695377));
#12407=CARTESIAN_POINT('',(0.07803692709075,0.007162259696561,-0.0639195079695377));
#12408=CARTESIAN_POINT('',(0.07803692709075,0.00624192220941228,-0.0639195079695377));
#12409=CARTESIAN_POINT('',(0.07803692709075,0.00624192220941228,-0.0639195079695377));
#12410=CARTESIAN_POINT('',(0.07803692709075,0.00624192220941228,-0.0639195079695377));
#12411=CARTESIAN_POINT('',(0.07803692709075,0.00592651243120786,-0.0639195079695377));
#12412=CARTESIAN_POINT('',(0.0781122488288287,0.00547458200273585,-0.0639195079695377));
#12413=CARTESIAN_POINT('',(0.0781122488288287,0.00547458200273585,-0.0639195079695377));
#12414=CARTESIAN_POINT('',(0.0833337845782447,0.00631497491895741,-0.0639195079695377));
#12415=CARTESIAN_POINT('',(0.078310285861287,0.00466016570976026,-0.0639195079695377));
#12416=CARTESIAN_POINT('',(0.0816088251386993,0.00466016570976026,-0.0639195079695377));
#12417=CARTESIAN_POINT('',(0.0849071621431771,0.00466016570976026,-0.0639195079695377));
#12418=CARTESIAN_POINT('',(0.0797295084408977,0.00406288214710832,-0.0639195079695377));
#12419=CARTESIAN_POINT('',(0.0849382813422079,0.00422471191149296,-0.0639195079695377));
#12420=CARTESIAN_POINT('',(0.0849382813422079,0.00422471191149296,-0.0639195079695377));
#12421=CARTESIAN_POINT('',(0.0849382813422079,0.00318433040428137,-0.0639195079695377));
#12422=CARTESIAN_POINT('',(0.084312169394429,0.00260411764064412,-0.0639195079695377));
#12423=CARTESIAN_POINT('',(0.084312169394429,0.00260411764064412,-0.0639195079695377));
#12424=CARTESIAN_POINT('',(0.084312169394429,0.00260411764064412,-0.0639195079695377));
#12425=CARTESIAN_POINT('',(0.0836860574466501,0.00202390487700689,-0.0639195079695377));
#12426=CARTESIAN_POINT('',(0.0826786291998479,0.00202390487700689,-0.0639195079695377));
#12427=CARTESIAN_POINT('',(0.0826786291998479,0.00202390487700689,-0.0639195079695377));
#12428=CARTESIAN_POINT('',(0.0826786291998479,0.00202390487700689,-0.0639195079695377));
#12429=CARTESIAN_POINT('',(0.0817888911687936,0.00202390487700689,-0.0639195079695377));
#12430=CARTESIAN_POINT('',(0.0811180569390305,0.00243817443643956,-0.0639195079695377));
#12431=CARTESIAN_POINT('',(0.0811180569390305,0.00243817443643956,-0.0639195079695377));
#12432=CARTESIAN_POINT('',(0.0825121759874413,0.00473901218151545,-0.0639195079695377));
#12433=CARTESIAN_POINT('',(0.080101251361524,0.00354681626878496,-0.0639195079695377));
#12434=CARTESIAN_POINT('',(0.079363295822229,0.00354681626878496,-0.0639195079695377));
#12435=CARTESIAN_POINT('',(0.0786253781694896,0.00354681626878496,-0.0639195079695377));
#12436=CARTESIAN_POINT('',(0.0786253781694896,0.00354681626878496,-0.0639195079695377));
#12437=CARTESIAN_POINT('',(0.07916675316193,0.00235579128541602,-0.0639195079695377));
#12438=CARTESIAN_POINT('',(0.0802895178201652,0.00160963531757421,-0.0639195079695377));
#12439=CARTESIAN_POINT('',(0.0802895178201652,0.00160963531757421,-0.0639195079695377));
#12440=CARTESIAN_POINT('',(0.0802895178201652,0.00160963531757421,-0.0639195079695377));
#12441=CARTESIAN_POINT('',(0.0814122824784003,0.000863479349732415,-0.0639195079695377));
#12442=CARTESIAN_POINT('',(0.0828881177838792,0.000863479349732415,-0.0639195079695377));
#12443=CARTESIAN_POINT('',(0.0828881177838792,0.000863479349732415,-0.0639195079695377));
#12444=CARTESIAN_POINT('',(0.0828881177838792,0.000863479349732415,-0.0639195079695377));
#12445=CARTESIAN_POINT('',(0.0844392748274368,0.000863479349732415,-0.0639195079695377));
#12446=CARTESIAN_POINT('',(0.0853807965534201,0.00176027879373155,-0.0639195079695377));
#12447=CARTESIAN_POINT('',(0.0853807965534201,0.00176027879373155,-0.0639195079695377));
#12448=CARTESIAN_POINT('',(0.0853807965534201,0.00176027879373155,-0.0639195079695377));
#12449=CARTESIAN_POINT('',(0.0863223182794035,0.00265707823773069,-0.0639195079695377));
#12450=CARTESIAN_POINT('',(0.0863223182794035,0.00420823528128826,-0.0639195079695377));
#12451=CARTESIAN_POINT('',(0.0863223182794035,0.00420823528128826,-0.0639195079695377));
#12452=CARTESIAN_POINT('',(0.0810271579549544,0.00416718744543495,-0.0639195079695377));
#12453=CARTESIAN_POINT('',(0.086232873715435,0.00514269559432673,-0.0639195079695377));
#12454=CARTESIAN_POINT('',(0.086232873715435,0.00514269559432673,-0.0639195079695377));
#12455=CARTESIAN_POINT('',(0.086006908501199,0.00642316514166408,-0.0639195079695377));
#12456=CARTESIAN_POINT('',(0.0853137131304438,0.00738704800863953,-0.0639195079695377));
#12457=CARTESIAN_POINT('',(0.0853137131304438,0.00738704800863953,-0.0639195079695377));
#12458=CARTESIAN_POINT('',(0.0853137131304438,0.00738704800863953,-0.0639195079695377));
#12459=CARTESIAN_POINT('',(0.0846205177596886,0.00835093087561498,-0.0639195079695377));
#12460=CARTESIAN_POINT('',(0.0836036742956265,0.00887112162922078,-0.0639195079695377));
#12461=CARTESIAN_POINT('',(0.0836036742956265,0.00887112162922078,-0.0639195079695377));
#12462=CARTESIAN_POINT('',(0.0836036742956265,0.00887112162922078,-0.0639195079695377));
#12463=CARTESIAN_POINT('',(0.0825868308315645,0.00939131238282658,-0.0639195079695377));
#12464=CARTESIAN_POINT('',(0.0813981596525106,0.00939131238282658,-0.0639195079695377));
#12465=CARTESIAN_POINT('',(0.0710414206666937,0.00657380861782141,-0.0639195079695377));
#12466=CARTESIAN_POINT('',(0.0700551766587262,0.0121476172356428,-0.0639195079695377));
#12467=CARTESIAN_POINT('',(0.0720276646746613,0.001,-0.0639195079695377));
#12468=CARTESIAN_POINT('',(0.0727137986324717,0.001,-0.0639195079695377));
#12469=CARTESIAN_POINT('',(0.073399932590282,0.001,-0.0639195079695377));
#12470=CARTESIAN_POINT('',(0.072412511680157,0.00657380861782141,-0.0639195079695377));
#12471=CARTESIAN_POINT('',(0.071425090770032,0.0121476172356428,-0.0639195079695377));
#12472=CARTESIAN_POINT('',(0.0707401337143791,0.0121476172356428,-0.0639195079695377));
#12473=CARTESIAN_POINT('',(0.0451248582568447,0.0051273958662795,-0.0639195079695377));
#12474=CARTESIAN_POINT('',(0.0431064710567678,0.00925479173255899,-0.0639195079695377));
#12475=CARTESIAN_POINT('',(0.0471432454569215,0.001,-0.0639195079695377));
#12476=CARTESIAN_POINT('',(0.0478517405557239,0.001,-0.0639195079695377));
#12477=CARTESIAN_POINT('',(0.0485602356545264,0.001,-0.0639195079695377));
#12478=CARTESIAN_POINT('',(0.0489662668988567,0.00428355701936693,-0.0639195079695377));
#12479=CARTESIAN_POINT('',(0.049372298143187,0.00756711403873384,-0.0639195079695377));
#12480=CARTESIAN_POINT('',(0.050954054642839,0.00428355701936693,-0.0639195079695377));
#12481=CARTESIAN_POINT('',(0.0525358111424911,0.001,-0.0639195079695377));
#12482=CARTESIAN_POINT('',(0.0532443062412935,0.001,-0.0639195079695377));
#12483=CARTESIAN_POINT('',(0.053952801340096,0.001,-0.0639195079695377));
#12484=CARTESIAN_POINT('',(0.054517714375686,0.0051273958662795,-0.0639195079695377));
#12485=CARTESIAN_POINT('',(0.055082627411276,0.00925479173255899,-0.0639195079695377));
#12486=CARTESIAN_POINT('',(0.0543823706275759,0.00925479173255899,-0.0639195079695377));
#12487=CARTESIAN_POINT('',(0.0536821138438758,0.00925479173255899,-0.0639195079695377));
#12488=CARTESIAN_POINT('',(0.0533431660225218,0.00578999178094028,-0.0639195079695377));
#12489=CARTESIAN_POINT('',(0.0530042182011678,0.00232519182932155,-0.0639195079695377));
#12490=CARTESIAN_POINT('',(0.0513765625173741,0.00578999178094027,-0.0639195079695377));
#12491=CARTESIAN_POINT('',(0.0497489068335804,0.00925479173255899,-0.0639195079695377));
#12492=CARTESIAN_POINT('',(0.0490415886369354,0.00925479173255899,-0.0639195079695377));
#12493=CARTESIAN_POINT('',(0.0483342704402904,0.00925479173255899,-0.0639195079695377));
#12494=CARTESIAN_POINT('',(0.0479423620218498,0.00581235292193238,-0.0639195079695377));
#12495=CARTESIAN_POINT('',(0.0475504536034092,0.00236991411130576,-0.0639195079695377));
#12496=CARTESIAN_POINT('',(0.0460063579727966,0.00581235292193238,-0.0639195079695377));
#12497=CARTESIAN_POINT('',(0.0444622623421838,0.00925479173255899,-0.0639195079695377));
#12498=CARTESIAN_POINT('',(0.0437843666994759,0.00925479173255899,-0.0639195079695377));
#12499=CARTESIAN_POINT('',(0.0310102706821968,0.00768951186311168,-0.0639195079695377));
#12500=CARTESIAN_POINT('',(0.0305112641674256,0.00850157435177232,-0.0639195079695377));
#12501=CARTESIAN_POINT('',(0.0297580467866389,0.00895350478024432,-0.0639195079695377));
#12502=CARTESIAN_POINT('',(0.0310102706821968,0.00768951186311168,-0.0639195079695377));
#12503=CARTESIAN_POINT('',(0.0297580467866389,0.00895350478024432,-0.0639195079695377));
#12504=CARTESIAN_POINT('',(0.0297580467866389,0.00895350478024432,-0.0639195079695377));
#12505=CARTESIAN_POINT('',(0.0290048294058523,0.00940543520871633,-0.0639195079695377));
#12506=CARTESIAN_POINT('',(0.0280421234410343,0.00940543520871633,-0.0639195079695377));
#12507=CARTESIAN_POINT('',(0.0280421234410343,0.00940543520871633,-0.0639195079695377));
#12508=CARTESIAN_POINT('',(0.0281704057761996,0.00869811701207134,-0.0639195079695377));
#12509=CARTESIAN_POINT('',(0.0282986881113647,0.00799079881542635,-0.0639195079695377));
#12510=CARTESIAN_POINT('',(0.0284787541414591,0.00799079881542635,-0.0639195079695377));
#12511=CARTESIAN_POINT('',(0.0286588201715534,0.00799079881542635,-0.0639195079695377));
#12512=CARTESIAN_POINT('',(0.0286588201715534,0.00799079881542635,-0.0639195079695377));
#12513=CARTESIAN_POINT('',(0.0297298011348595,0.00799079881542635,-0.0639195079695377));
#12514=CARTESIAN_POINT('',(0.0304453576466068,0.00741764746473399,-0.0639195079695377));
#12515=CARTESIAN_POINT('',(0.0304453576466068,0.00741764746473399,-0.0639195079695377));
#12516=CARTESIAN_POINT('',(0.0304453576466068,0.00741764746473399,-0.0639195079695377));
#12517=CARTESIAN_POINT('',(0.0311609141583542,0.00684449611404163,-0.0639195079695377));
#12518=CARTESIAN_POINT('',(0.0314010021984799,0.00548870482862561,-0.0639195079695377));
#12519=CARTESIAN_POINT('',(0.0314010021984799,0.00548870482862561,-0.0639195079695377));
#12520=CARTESIAN_POINT('',(0.0317999720298654,0.0032443524143128,-0.0639195079695377));
#12521=CARTESIAN_POINT('',(0.0321989418612508,0.001,-0.0639195079695377));
#12522=CARTESIAN_POINT('',(0.0328850758190612,0.001,-0.0639195079695377));
#12523=CARTESIAN_POINT('',(0.0335712097768715,0.001,-0.0639195079695377));
#12524=CARTESIAN_POINT('',(0.032840353537077,0.0051273958662795,-0.0639195079695377));
#12525=CARTESIAN_POINT('',(0.0321094972972824,0.00925479173255899,-0.0639195079695377));
#12526=CARTESIAN_POINT('',(0.031423363339472,0.00925479173255899,-0.0639195079695377));
#12527=CARTESIAN_POINT('',(0.0307372293816616,0.009254791732559,-0.0639195079695377));
#12528=CARTESIAN_POINT('',(0.0308737500319292,0.00847215179783534,-0.0639195079695377));
#12529=CARTESIAN_POINT('',(0.0129801296296157,0.000910555436031586,-0.0639195079695377));
#12530=CARTESIAN_POINT('',(0.0133261388639146,0.000910555436031586,-0.0639195079695377));
#12531=CARTESIAN_POINT('',(0.0135450426652057,0.00112122092222036,-0.0639195079695377));
#12532=CARTESIAN_POINT('',(0.0129801296296157,0.000910555436031586,-0.0639195079695377));
#12533=CARTESIAN_POINT('',(0.0135450426652057,0.00112122092222036,-0.0639195079695377));
#12534=CARTESIAN_POINT('',(0.0135450426652057,0.00112122092222036,-0.0639195079695377));
#12535=CARTESIAN_POINT('',(0.0137639464664969,0.00133188640840913,-0.0639195079695377));
#12536=CARTESIAN_POINT('',(0.0137639464664969,0.00167789564270802,-0.0639195079695377));
#12537=CARTESIAN_POINT('',(0.0137639464664969,0.00167789564270802,-0.0639195079695377));
#12538=CARTESIAN_POINT('',(0.0137639464664969,0.00167789564270802,-0.0639195079695377));
#12539=CARTESIAN_POINT('',(0.0137639464664969,0.00212982607118002,-0.0639195079695377));
#12540=CARTESIAN_POINT('',(0.0134320600580877,0.0024534741644868,-0.0639195079695377));
#12541=CARTESIAN_POINT('',(0.0134320600580877,0.0024534741644868,-0.0639195079695377));
#12542=CARTESIAN_POINT('',(0.0126587563308059,0.00169442075394767,-0.0639195079695377));
#12543=CARTESIAN_POINT('',(0.0126482432212066,0.00277712225779357,-0.0639195079695377));
#12544=CARTESIAN_POINT('',(0.0126482432212066,0.00277712225779357,-0.0639195079695377));
#12545=CARTESIAN_POINT('',(0.0123022339869077,0.00277712225779357,-0.0639195079695377));
#12546=CARTESIAN_POINT('',(0.0120915685007189,0.0025664567716048,-0.0639195079695377));
#12547=CARTESIAN_POINT('',(0.0120915685007189,0.0025664567716048,-0.0639195079695377));
#12548=CARTESIAN_POINT('',(0.0120915685007189,0.0025664567716048,-0.0639195079695377));
#12549=CARTESIAN_POINT('',(0.0118809030145301,0.00235579128541602,-0.0639195079695377));
#12550=CARTESIAN_POINT('',(0.0118809030145301,0.00200978205111715,-0.0639195079695377));
#12551=CARTESIAN_POINT('',(0.0118809030145301,0.00200978205111715,-0.0639195079695377));
#12552=CARTESIAN_POINT('',(0.0118809030145301,0.00200978205111715,-0.0639195079695377));
#12553=CARTESIAN_POINT('',(0.0118809030145301,0.00155785162264513,-0.0639195079695377));
#12554=CARTESIAN_POINT('',(0.0122116125207818,0.00123420352933836,-0.0639195079695377));
#12555=CARTESIAN_POINT('',(0.0122116125207818,0.00123420352933836,-0.0639195079695377));
#12556=CARTESIAN_POINT('',(0.0122116125207818,0.00123420352933836,-0.0639195079695377));
#12557=CARTESIAN_POINT('',(0.0125423220270334,0.000910555436031586,-0.0639195079695377));
#12558=CARTESIAN_POINT('',(0.0129801296296157,0.000910555436031586,-0.0639195079695377));
#12559=CARTESIAN_POINT('',(0.0240359484969751,0.00515681842021648,-0.0639195079695377));
#12560=CARTESIAN_POINT('',(0.0238099832827391,0.00642316514166408,-0.0639195079695377));
#12561=CARTESIAN_POINT('',(0.0231250262270863,0.00737998659569466,-0.0639195079695377));
#12562=CARTESIAN_POINT('',(0.0240359484969751,0.00515681842021648,-0.0639195079695377));
#12563=CARTESIAN_POINT('',(0.0231250262270863,0.00737998659569466,-0.0639195079695377));
#12564=CARTESIAN_POINT('',(0.0231250262270863,0.00737998659569466,-0.0639195079695377));
#12565=CARTESIAN_POINT('',(0.0224400691714334,0.00833680804972523,-0.0639195079695377));
#12566=CARTESIAN_POINT('',(0.0214455868483635,0.00886406021627591,-0.0639195079695377));
#12567=CARTESIAN_POINT('',(0.0214455868483635,0.00886406021627591,-0.0639195079695377));
#12568=CARTESIAN_POINT('',(0.0193469484237668,0.00495474316075944,-0.0639195079695377));
#12569=CARTESIAN_POINT('',(0.0193354012800033,0.00939131238282658,-0.0639195079695377));
#12570=CARTESIAN_POINT('',(0.0193354012800033,0.00939131238282658,-0.0639195079695377));
#12571=CARTESIAN_POINT('',(0.0183868181410751,0.00939131238282658,-0.0639195079695377));
#12572=CARTESIAN_POINT('',(0.0176336007602884,0.00894644336729945,-0.0639195079695377));
#12573=CARTESIAN_POINT('',(0.0176336007602884,0.00894644336729945,-0.0639195079695377));
#12574=CARTESIAN_POINT('',(0.0176336007602884,0.00894644336729945,-0.0639195079695377));
#12575=CARTESIAN_POINT('',(0.0168803833795017,0.00850157435177232,-0.0639195079695377));
#12576=CARTESIAN_POINT('',(0.0165649736012973,0.0077789564270801,-0.0639195079695377));
#12577=CARTESIAN_POINT('',(0.0165649736012973,0.0077789564270801,-0.0639195079695377));
#12578=CARTESIAN_POINT('',(0.0161801265958016,0.00996328683136146,-0.0639195079695377));
#12579=CARTESIAN_POINT('',(0.0157952795903059,0.0121476172356428,-0.0639195079695377));
#12580=CARTESIAN_POINT('',(0.0151020842195507,0.0121476172356428,-0.0639195079695377));
#12581=CARTESIAN_POINT('',(0.0144088888487954,0.0121476172356428,-0.0639195079695377));
#12582=CARTESIAN_POINT('',(0.0153963097589205,0.00657380861782142,-0.0639195079695377));
#12583=CARTESIAN_POINT('',(0.0163837306690455,0.001,-0.0639195079695377));
#12584=CARTESIAN_POINT('',(0.0170769260398008,0.001,-0.0639195079695377));
#12585=CARTESIAN_POINT('',(0.017770121410556,0.001,-0.0639195079695377));
#12586=CARTESIAN_POINT('',(0.0176265393473435,0.00177557852177879,-0.0639195079695377));
#12587=CARTESIAN_POINT('',(0.017482957284131,0.00255115704355757,-0.0639195079695377));
#12588=CARTESIAN_POINT('',(0.017482957284131,0.00255115704355757,-0.0639195079695377));
#12589=CARTESIAN_POINT('',(0.0180102094506817,0.0018144162929756,-0.0639195079695377));
#12590=CARTESIAN_POINT('',(0.0188987705795785,0.00133894782135401,-0.0639195079695377));
#12591=CARTESIAN_POINT('',(0.0188987705795785,0.00133894782135401,-0.0639195079695377));
#12592=CARTESIAN_POINT('',(0.0188987705795785,0.00133894782135401,-0.0639195079695377));
#12593=CARTESIAN_POINT('',(0.0197873317084753,0.000863479349732419,-0.0639195079695377));
#12594=CARTESIAN_POINT('',(0.0208583126717813,0.000863479349732419,-0.0639195079695377));
#12595=CARTESIAN_POINT('',(0.0208583126717813,0.000863479349732419,-0.0639195079695377));
#12596=CARTESIAN_POINT('',(0.0208583126717813,0.000863479349732419,-0.0639195079695377));
#12597=CARTESIAN_POINT('',(0.0218210186365993,0.000863479349732418,-0.0639195079695377));
#12598=CARTESIAN_POINT('',(0.0225589362893388,0.00127774890916509,-0.0639195079695377));
#12599=CARTESIAN_POINT('',(0.0225589362893388,0.00127774890916509,-0.0639195079695377));
#12600=CARTESIAN_POINT('',(0.0225589362893388,0.00127774890916509,-0.0639195079695377));
#12601=CARTESIAN_POINT('',(0.0232968539420783,0.00169201846859776,-0.0639195079695377));
#12602=CARTESIAN_POINT('',(0.0237111235015109,0.00246053557743167,-0.0639195079695377));
#12603=CARTESIAN_POINT('',(0.0237111235015109,0.00246053557743167,-0.0639195079695377));
#12604=CARTESIAN_POINT('',(0.0237111235015109,0.00246053557743167,-0.0639195079695377));
#12605=CARTESIAN_POINT('',(0.0241253930609436,0.00322905268626557,-0.0639195079695377));
#12606=CARTESIAN_POINT('',(0.0241253930609436,0.00423883473738272,-0.0639195079695377));
#12607=CARTESIAN_POINT('',(0.0241253930609436,0.00423883473738272,-0.0639195079695377));
#12608=CARTESIAN_POINT('',(0.0192621567155843,0.00422639434548286,-0.0639195079695377));
#12609=CARTESIAN_POINT('',(0.0505580300495489,0.0168568055110496,-0.0639195079695377));
#12610=CARTESIAN_POINT('',(0.0390798933159239,0.0168568055110496,-0.0639195079695377));
#12611=CARTESIAN_POINT('',(0.0520580300495489,0.0168568055110496,-0.0639195079695377));
#12612=CARTESIAN_POINT('',(0.0520580300495489,0.0225668055110496,-0.0639195079695377));
#12613=CARTESIAN_POINT('',(0.0520580300495489,0.0240668055110497,-0.0639195079695377));
#12614=CARTESIAN_POINT('',(0.0449766300941353,0.0240668055110497,-0.0639195079695377));
#12615=CARTESIAN_POINT('',(0.0390798933159239,0.0240668055110497,-0.0639195079695377));
#12616=CARTESIAN_POINT('',(0.0390798933159239,-0.003,-0.0639195079695377));
#12617=CARTESIAN_POINT('',(0.0994766300941338,-0.003,-0.0639195079695377));
#12618=CARTESIAN_POINT('',(0.0994766300941338,-0.002,-0.0639195079695377));
#12619=CARTESIAN_POINT('',(0.0994766300941338,0.033,-0.0639195079695377));
#12620=CARTESIAN_POINT('',(-0.00952336990586311,-0.002,-0.0639195079695377));
#12621=CARTESIAN_POINT('',(-0.00952336990586311,-0.002,-0.0639195079695377));
#12622=CARTESIAN_POINT('',(-0.00952336990586311,-0.003,-0.0639195079695377));
#12623=CARTESIAN_POINT('',(-0.00952336990586311,0.033,-0.0639195079695377));
#12624=CARTESIAN_POINT('',(0.0449766300941353,0.033,-0.0639195079695377));
#12625=CARTESIAN_POINT('',(0.0111794693286726,0.00773423414509589,-0.0639195079695377));
#12626=CARTESIAN_POINT('',(0.0104333133608307,0.0115003210490293,-0.0639195079695377));
#12627=CARTESIAN_POINT('',(0.0119256252965144,0.0039681472411625,-0.0639195079695377));
#12628=CARTESIAN_POINT('',(0.0124975997450492,0.0039681472411625,-0.0639195079695377));
#12629=CARTESIAN_POINT('',(0.0130695741935841,0.0039681472411625,-0.0639195079695377));
#12630=CARTESIAN_POINT('',(0.012482300017002,0.00773423414509589,-0.0639195079695377));
#12631=CARTESIAN_POINT('',(0.0118950258404199,0.0115003210490293,-0.0639195079695377));
#12632=CARTESIAN_POINT('',(0.0111641696006253,0.0115003210490293,-0.0639195079695377));
#12633=CARTESIAN_POINT('',(0.0255941669534776,0.00657380861782142,-0.0639195079695377));
#12634=CARTESIAN_POINT('',(0.02460792294551,0.0121476172356428,-0.0639195079695377));
#12635=CARTESIAN_POINT('',(0.0265804109614452,0.001,-0.0639195079695377));
#12636=CARTESIAN_POINT('',(0.0272665449192555,0.001,-0.0639195079695377));
#12637=CARTESIAN_POINT('',(0.0279526788770659,0.001,-0.0639195079695377));
#12638=CARTESIAN_POINT('',(0.0269652579669408,0.00657380861782142,-0.0639195079695377));
#12639=CARTESIAN_POINT('',(0.0259778370568158,0.0121476172356428,-0.0639195079695377));
#12640=CARTESIAN_POINT('',(0.0252928800011629,0.0121476172356428,-0.0639195079695377));
#12641=CARTESIAN_POINT('',(0.0395804721929602,0.000863479349732417,-0.0639195079695377));
#12642=CARTESIAN_POINT('',(0.0406208537001718,0.000863479349732417,-0.0639195079695377));
#12643=CARTESIAN_POINT('',(0.0414117319499979,0.00129304863721232,-0.0639195079695377));
#12644=CARTESIAN_POINT('',(0.0395804721929602,0.000863479349732417,-0.0639195079695377));
#12645=CARTESIAN_POINT('',(0.0414117319499979,0.00129304863721232,-0.0639195079695377));
#12646=CARTESIAN_POINT('',(0.0399783022305989,0.00398204729197625,-0.0639195079695377));
#12647=CARTESIAN_POINT('',(0.0426392409002486,0.002498196446471,-0.0639195079695377));
#12648=CARTESIAN_POINT('',(0.0426392409002486,0.002498196446471,-0.0639195079695377));
#12649=CARTESIAN_POINT('',(0.0430758716006734,0.00327377496824979,-0.0639195079695377));
#12650=CARTESIAN_POINT('',(0.0430758716006734,0.00430003364957164,-0.0639195079695377));
#12651=CARTESIAN_POINT('',(0.0430758716006734,0.00430003364957164,-0.0639195079695377));
#12652=CARTESIAN_POINT('',(0.0430758716006734,0.00430003364957164,-0.0639195079695377));
#12653=CARTESIAN_POINT('',(0.0430758716006734,0.00570054721697186,-0.0639195079695377));
#12654=CARTESIAN_POINT('',(0.0424285754140599,0.00686803415719121,-0.0639195079695377));
#12655=CARTESIAN_POINT('',(0.0424285754140599,0.00686803415719121,-0.0639195079695377));
#12656=CARTESIAN_POINT('',(0.0381831802537545,0.00454831280106372,-0.0639195079695377));
#12657=CARTESIAN_POINT('',(0.0406432148411639,0.00871341674011857,-0.0639195079695377));
#12658=CARTESIAN_POINT('',(0.0406432148411639,0.00871341674011857,-0.0639195079695377));
#12659=CARTESIAN_POINT('',(0.0395051504548816,0.00939131238282658,-0.0639195079695377));
#12660=CARTESIAN_POINT('',(0.0381046368874813,0.00939131238282658,-0.0639195079695377));
#12661=CARTESIAN_POINT('',(0.0381046368874813,0.00939131238282658,-0.0639195079695377));
#12662=CARTESIAN_POINT('',(0.0381046368874813,0.00939131238282658,-0.0639195079695377));
#12663=CARTESIAN_POINT('',(0.0370642553802697,0.00939131238282658,-0.0639195079695377));
#12664=CARTESIAN_POINT('',(0.0362592543045539,0.00896174309534668,-0.0639195079695377));
#12665=CARTESIAN_POINT('',(0.0362592543045539,0.00896174309534668,-0.0639195079695377));
#12666=CARTESIAN_POINT('',(0.0376837488839276,0.00623135614966111,-0.0639195079695377));
#12667=CARTESIAN_POINT('',(0.035009384213311,0.00775659528608799,-0.0639195079695377));
#12668=CARTESIAN_POINT('',(0.035009384213311,0.00775659528608799,-0.0639195079695377));
#12669=CARTESIAN_POINT('',(0.0345645151977839,0.00698101676430921,-0.0639195079695377));
#12670=CARTESIAN_POINT('',(0.0345645151977839,0.00594063525709761,-0.0639195079695377));
#12671=CARTESIAN_POINT('',(0.0345645151977839,0.00594063525709761,-0.0639195079695377));
#12672=CARTESIAN_POINT('',(0.0345645151977839,0.00594063525709761,-0.0639195079695377));
#12673=CARTESIAN_POINT('',(0.0345645151977839,0.00454012168969739,-0.0639195079695377));
#12674=CARTESIAN_POINT('',(0.0352271111124447,0.00337969616242291,-0.0639195079695377));
#12675=CARTESIAN_POINT('',(0.0352271111124447,0.00337969616242291,-0.0639195079695377));
#12676=CARTESIAN_POINT('',(0.0395397701851009,0.00581191233105497,-0.0639195079695377));
#12677=CARTESIAN_POINT('',(0.0370348328263327,0.00154137499244043,-0.0639195079695377));
#12678=CARTESIAN_POINT('',(0.0370348328263327,0.00154137499244043,-0.0639195079695377));
#12679=CARTESIAN_POINT('',(0.03817995862556,0.000863479349732417,-0.0639195079695377));
#12680=CARTESIAN_POINT('',(0.0395804721929602,0.000863479349732417,-0.0639195079695377));
#12681=CARTESIAN_POINT('',(0.0660631245405568,0.000863479349732416,-0.0639195079695377));
#12682=CARTESIAN_POINT('',(0.0671035060477684,0.000863479349732416,-0.0639195079695377));
#12683=CARTESIAN_POINT('',(0.0678943842975944,0.00129304863721232,-0.0639195079695377));
#12684=CARTESIAN_POINT('',(0.0660631245405568,0.000863479349732416,-0.0639195079695377));
#12685=CARTESIAN_POINT('',(0.0678943842975944,0.00129304863721232,-0.0639195079695377));
#12686=CARTESIAN_POINT('',(0.0664609545781952,0.00398204729197667,-0.0639195079695377));
#12687=CARTESIAN_POINT('',(0.0691218932478452,0.002498196446471,-0.0639195079695377));
#12688=CARTESIAN_POINT('',(0.0691218932478452,0.002498196446471,-0.0639195079695377));
#12689=CARTESIAN_POINT('',(0.06955852394827,0.00327377496824979,-0.0639195079695377));
#12690=CARTESIAN_POINT('',(0.06955852394827,0.00430003364957163,-0.0639195079695377));
#12691=CARTESIAN_POINT('',(0.06955852394827,0.00430003364957163,-0.0639195079695377));
#12692=CARTESIAN_POINT('',(0.06955852394827,0.00430003364957163,-0.0639195079695377));
#12693=CARTESIAN_POINT('',(0.06955852394827,0.00570054721697186,-0.0639195079695377));
#12694=CARTESIAN_POINT('',(0.0689112277616564,0.00686803415719121,-0.0639195079695377));
#12695=CARTESIAN_POINT('',(0.0689112277616564,0.00686803415719121,-0.0639195079695377));
#12696=CARTESIAN_POINT('',(0.0646658326013514,0.00454831280106415,-0.0639195079695377));
#12697=CARTESIAN_POINT('',(0.0671258671887605,0.00871341674011857,-0.0639195079695377));
#12698=CARTESIAN_POINT('',(0.0671258671887605,0.00871341674011857,-0.0639195079695377));
#12699=CARTESIAN_POINT('',(0.0659878028024781,0.00939131238282658,-0.0639195079695377));
#12700=CARTESIAN_POINT('',(0.0645872892350779,0.00939131238282658,-0.0639195079695377));
#12701=CARTESIAN_POINT('',(0.0645872892350779,0.00939131238282658,-0.0639195079695377));
#12702=CARTESIAN_POINT('',(0.0645872892350779,0.00939131238282658,-0.0639195079695377));
#12703=CARTESIAN_POINT('',(0.0635469077278663,0.00939131238282658,-0.0639195079695377));
#12704=CARTESIAN_POINT('',(0.0627419066521505,0.00896174309534668,-0.0639195079695377));
#12705=CARTESIAN_POINT('',(0.0627419066521505,0.00896174309534668,-0.0639195079695377));
#12706=CARTESIAN_POINT('',(0.0641664012315241,0.00623135614966141,-0.0639195079695377));
#12707=CARTESIAN_POINT('',(0.0614920365609077,0.00775659528608799,-0.0639195079695377));
#12708=CARTESIAN_POINT('',(0.0614920365609077,0.00775659528608799,-0.0639195079695377));
#12709=CARTESIAN_POINT('',(0.0610471675453805,0.00698101676430921,-0.0639195079695377));
#12710=CARTESIAN_POINT('',(0.0610471675453805,0.00594063525709761,-0.0639195079695377));
#12711=CARTESIAN_POINT('',(0.0610471675453805,0.00594063525709761,-0.0639195079695377));
#12712=CARTESIAN_POINT('',(0.0610471675453805,0.00594063525709761,-0.0639195079695377));
#12713=CARTESIAN_POINT('',(0.0610471675453805,0.00454012168969739,-0.0639195079695377));
#12714=CARTESIAN_POINT('',(0.0617097634600413,0.00337969616242291,-0.0639195079695377));
#12715=CARTESIAN_POINT('',(0.0617097634600413,0.00337969616242291,-0.0639195079695377));
#12716=CARTESIAN_POINT('',(0.0660224225326987,0.00581191233105607,-0.0639195079695377));
#12717=CARTESIAN_POINT('',(0.0635174851739293,0.00154137499244043,-0.0639195079695377));
#12718=CARTESIAN_POINT('',(0.0635174851739293,0.00154137499244043,-0.0639195079695377));
#12719=CARTESIAN_POINT('',(0.0646626109731566,0.000863479349732416,-0.0639195079695377));
#12720=CARTESIAN_POINT('',(0.0660631245405568,0.000863479349732416,-0.0639195079695377));
#12721=CARTESIAN_POINT('',(0.0747463086584382,0.00657380861782141,-0.0639195079695377));
#12722=CARTESIAN_POINT('',(0.0737600646504707,0.0121476172356428,-0.0639195079695377));
#12723=CARTESIAN_POINT('',(0.0757325526664058,0.001,-0.0639195079695377));
#12724=CARTESIAN_POINT('',(0.0764186866242161,0.001,-0.0639195079695377));
#12725=CARTESIAN_POINT('',(0.0771048205820265,0.001,-0.0639195079695377));
#12726=CARTESIAN_POINT('',(0.0761173996719015,0.00657380861782141,-0.0639195079695377));
#12727=CARTESIAN_POINT('',(0.0751299787617764,0.0121476172356428,-0.0639195079695377));
#12728=CARTESIAN_POINT('',(0.0744450217061235,0.0121476172356428,-0.0639195079695377));
#12729=CARTESIAN_POINT('',(0.0904956133298246,0.00940543520871633,-0.0639195079695377));
#12730=CARTESIAN_POINT('',(0.0892598660644715,0.00940543520871633,-0.0639195079695377));
#12731=CARTESIAN_POINT('',(0.0885066486836848,0.00872047815306344,-0.0639195079695377));
#12732=CARTESIAN_POINT('',(0.0904956133298246,0.00940543520871633,-0.0639195079695377));
#12733=CARTESIAN_POINT('',(0.0885066486836848,0.00872047815306344,-0.0639195079695377));
#12734=CARTESIAN_POINT('',(0.0885066486836848,0.00872047815306344,-0.0639195079695377));
#12735=CARTESIAN_POINT('',(0.0877534313028981,0.00803552109741056,-0.0639195079695377));
#12736=CARTESIAN_POINT('',(0.0877534313028981,0.0067385749198685,-0.0639195079695377));
#12737=CARTESIAN_POINT('',(0.0877534313028981,0.0067385749198685,-0.0639195079695377));
#12738=CARTESIAN_POINT('',(0.0924252264429865,0.00669481556199754,-0.0639195079695377));
#12739=CARTESIAN_POINT('',(0.0878284307560967,0.00586525535791518,-0.0639195079695377));
#12740=CARTESIAN_POINT('',(0.0882583223284567,0.00343265675950947,-0.0639195079695377));
#12741=CARTESIAN_POINT('',(0.0886878916159366,0.001,-0.0639195079695377));
#12742=CARTESIAN_POINT('',(0.0893657872586446,0.001,-0.0639195079695377));
#12743=CARTESIAN_POINT('',(0.0900436829013526,0.001,-0.0639195079695377));
#12744=CARTESIAN_POINT('',(0.08962941334192,0.0033349738804387,-0.0639195079695377));
#12745=CARTESIAN_POINT('',(0.0892150385195843,0.00566992860383315,-0.0639195079695377));
#12746=CARTESIAN_POINT('',(0.0927735717343863,0.00631755446594808,-0.0639195079695377));
#12747=CARTESIAN_POINT('',(0.0891562986746133,0.00633372057769566,-0.0639195079695377));
#12748=CARTESIAN_POINT('',(0.0891562986746133,0.00633372057769566,-0.0639195079695377));
#12749=CARTESIAN_POINT('',(0.0891562986746133,0.00725170426052942,-0.0639195079695377));
#12750=CARTESIAN_POINT('',(0.0896600127980144,0.00773423414509589,-0.0639195079695377));
#12751=CARTESIAN_POINT('',(0.0896600127980144,0.00773423414509589,-0.0639195079695377));
#12752=CARTESIAN_POINT('',(0.0896600127980144,0.00773423414509589,-0.0639195079695377));
#12753=CARTESIAN_POINT('',(0.0901637269214155,0.00821676402966235,-0.0639195079695377));
#12754=CARTESIAN_POINT('',(0.0910675877783595,0.00821676402966235,-0.0639195079695377));
#12755=CARTESIAN_POINT('',(0.0910675877783595,0.00821676402966235,-0.0639195079695377));
#12756=CARTESIAN_POINT('',(0.0910675877783595,0.00821676402966235,-0.0639195079695377));
#12757=CARTESIAN_POINT('',(0.0921526915675553,0.00821676402966235,-0.0639195079695377));
#12758=CARTESIAN_POINT('',(0.0929141472634444,0.00753886838695434,-0.0639195079695377));
#12759=CARTESIAN_POINT('',(0.0929141472634444,0.00753886838695434,-0.0639195079695377));
#12760=CARTESIAN_POINT('',(0.0929141472634444,0.00753886838695434,-0.0639195079695377));
#12761=CARTESIAN_POINT('',(0.0936756029593334,0.00686097274424633,-0.0639195079695377));
#12762=CARTESIAN_POINT('',(0.0939015681735694,0.00556402656670427,-0.0639195079695377));
#12763=CARTESIAN_POINT('',(0.0939015681735694,0.00556402656670427,-0.0639195079695377));
#12764=CARTESIAN_POINT('',(0.0939015681735694,0.0055793262947515,-0.0639195079695377));
#12765=CARTESIAN_POINT('',(0.0939015681735694,0.00559462602279873,-0.0639195079695377));
#12766=CARTESIAN_POINT('',(0.0943075994178997,0.00329731301139937,-0.0639195079695377));
#12767=CARTESIAN_POINT('',(0.09471363066223,0.001,-0.0639195079695377));
#12768=CARTESIAN_POINT('',(0.0953997646200404,0.001,-0.0639195079695377));
#12769=CARTESIAN_POINT('',(0.0960858985778508,0.001,-0.0639195079695377));
#12770=CARTESIAN_POINT('',(0.0950984776677257,0.00657380861782141,-0.0639195079695377));
#12771=CARTESIAN_POINT('',(0.0941110567576007,0.0121476172356428,-0.0639195079695377));
#12772=CARTESIAN_POINT('',(0.0934260997019478,0.0121476172356428,-0.0639195079695377));
#12773=CARTESIAN_POINT('',(0.0927411426462949,0.0121476172356428,-0.0639195079695377));
#12774=CARTESIAN_POINT('',(0.093102451608641,0.0101068688945739,-0.0639195079695377));
#12775=CARTESIAN_POINT('',(0.0934637605709871,0.00806612055350502,-0.0639195079695377));
#12776=CARTESIAN_POINT('',(0.0934637605709871,0.00806612055350502,-0.0639195079695377));
#12777=CARTESIAN_POINT('',(0.0929506312303262,0.00869694010991386,-0.0639195079695377));
#12778=CARTESIAN_POINT('',(0.0921597529805002,0.00905118765931509,-0.0639195079695377));
#12779=CARTESIAN_POINT('',(0.0921597529805002,0.00905118765931509,-0.0639195079695377));
#12780=CARTESIAN_POINT('',(0.0905095280644368,0.00538210801155788,-0.0639195079695377));
#12781=CARTESIAN_POINT('',(0.0994766300941338,-0.003,-0.0290297539847689));
#12782=CARTESIAN_POINT('',(0.0994766300941338,0.00499160396009684,-0.0427851290851832));
#12783=CARTESIAN_POINT('',(0.0994766300941338,0.00399160396009684,-0.0427851290851832));
#12784=CARTESIAN_POINT('',(0.0994766300941338,0.00499160396009684,-0.0437851290851832));
#12785=CARTESIAN_POINT('',(0.0994766300941338,0.00399160396009684,-0.0407851290851832));
#12786=CARTESIAN_POINT('',(0.0994766300941338,0.00399160396009684,-0.0407851290851832));
#12787=CARTESIAN_POINT('',(0.0994766300941338,0.00499160396009684,-0.0407851290851832));
#12788=CARTESIAN_POINT('',(0.0994766300941338,0.00499160396009684,-0.0397851290851832));
#12789=CARTESIAN_POINT('',(0.0994766300941338,0.0289916039600969,-0.0397851290851832));
#12790=CARTESIAN_POINT('',(0.0994766300941338,0.0289916039600969,-0.0397851290851832));
#12791=CARTESIAN_POINT('',(0.0994766300941338,0.0289916039600969,-0.0407851290851832));
#12792=CARTESIAN_POINT('',(0.0994766300941338,0.0299916039600969,-0.0407851290851832));
#12793=CARTESIAN_POINT('',(0.0994766300941338,0.0299916039600969,-0.0290297539847689));
#12794=CARTESIAN_POINT('',(0.0994766300941338,0.0299916039600969,-0.0427851290851832));
#12795=CARTESIAN_POINT('',(0.0994766300941338,0.0289916039600969,-0.0427851290851832));
#12796=CARTESIAN_POINT('',(0.0994766300941338,0.0289916039600969,-0.0437851290851832));
#12797=CARTESIAN_POINT('',(0.0994766300941338,-0.003,-0.0437851290851832));
#12798=CARTESIAN_POINT('',(0.0994766300941338,-0.003,0.00586));
#12799=CARTESIAN_POINT('',(0.0994766300941338,-0.002,0.00586));
#12800=CARTESIAN_POINT('',(0.0994766300941338,0.033,0.00586));
#12801=CARTESIAN_POINT('',(0.0994766300941338,-0.002,-0.0290297539847689));
#12802=CARTESIAN_POINT('',(0.0994766300941338,0.033,-0.0290297539847689));
#12803=CARTESIAN_POINT('',(0.0994766300941338,0.005,-0.0374409911930561));
#12804=CARTESIAN_POINT('',(0.0994766300941338,0.004,-0.0374409911930561));
#12805=CARTESIAN_POINT('',(0.0994766300941338,0.005,-0.0384409911930561));
#12806=CARTESIAN_POINT('',(0.0994766300941338,0.004,-0.0354409911930561));
#12807=CARTESIAN_POINT('',(0.0994766300941338,0.004,-0.0354409911930561));
#12808=CARTESIAN_POINT('',(0.0994766300941338,0.005,-0.0354409911930561));
#12809=CARTESIAN_POINT('',(0.0994766300941338,0.005,-0.0344409911930561));
#12810=CARTESIAN_POINT('',(0.0994766300941338,0.029,-0.0344409911930561));
#12811=CARTESIAN_POINT('',(0.0994766300941338,0.029,-0.0344409911930561));
#12812=CARTESIAN_POINT('',(0.0994766300941338,0.029,-0.0354409911930561));
#12813=CARTESIAN_POINT('',(0.0994766300941338,0.03,-0.0354409911930561));
#12814=CARTESIAN_POINT('',(0.0994766300941338,0.03,-0.0290297539847689));
#12815=CARTESIAN_POINT('',(0.0994766300941338,0.03,-0.0374409911930561));
#12816=CARTESIAN_POINT('',(0.0994766300941338,0.029,-0.0374409911930561));
#12817=CARTESIAN_POINT('',(0.0994766300941338,0.029,-0.0384409911930561));
#12818=CARTESIAN_POINT('',(0.0994766300941338,-0.003,-0.0384409911930561));
#12819=CARTESIAN_POINT('',(0.0994766300941338,0.005,-0.0475902775655746));
#12820=CARTESIAN_POINT('',(0.0994766300941338,0.004,-0.0475902775655746));
#12821=CARTESIAN_POINT('',(0.0994766300941338,0.005,-0.0485902775655746));
#12822=CARTESIAN_POINT('',(0.0994766300941338,0.004,-0.0455902775655746));
#12823=CARTESIAN_POINT('',(0.0994766300941338,0.004,-0.0455902775655746));
#12824=CARTESIAN_POINT('',(0.0994766300941338,0.005,-0.0455902775655746));
#12825=CARTESIAN_POINT('',(0.0994766300941338,0.005,-0.0445902775655746));
#12826=CARTESIAN_POINT('',(0.0994766300941338,0.029,-0.0445902775655746));
#12827=CARTESIAN_POINT('',(0.0994766300941338,0.029,-0.0445902775655746));
#12828=CARTESIAN_POINT('',(0.0994766300941338,0.029,-0.0455902775655746));
#12829=CARTESIAN_POINT('',(0.0994766300941338,0.03,-0.0455902775655746));
#12830=CARTESIAN_POINT('',(0.0994766300941338,0.03,-0.0290297539847689));
#12831=CARTESIAN_POINT('',(0.0994766300941338,0.03,-0.0475902775655746));
#12832=CARTESIAN_POINT('',(0.0994766300941338,0.029,-0.0475902775655746));
#12833=CARTESIAN_POINT('',(0.0994766300941338,0.029,-0.0485902775655746));
#12834=CARTESIAN_POINT('',(0.0994766300941338,-0.003,-0.0485902775655746));
#12835=CARTESIAN_POINT('',(0.0914766300941339,0.033,-0.0265297539847689));
#12836=CARTESIAN_POINT('',(0.0914766300941339,0.0169916039600969,-0.0427851290851832));
#12837=CARTESIAN_POINT('',(0.0914766300941339,0.0289916039600969,-0.0427851290851832));
#12838=CARTESIAN_POINT('',(0.0914766300941339,0.00499160396009684,-0.0427851290851832));
#12839=CARTESIAN_POINT('',(0.0914766300941339,0.0289916039600969,-0.0417851290851831));
#12840=CARTESIAN_POINT('',(0.0914766300941339,0.0289916039600969,-0.0407851290851832));
#12841=CARTESIAN_POINT('',(0.0914766300941339,0.0169916039600969,-0.0407851290851832));
#12842=CARTESIAN_POINT('',(0.0914766300941339,0.00499160396009684,-0.0407851290851832));
#12843=CARTESIAN_POINT('',(0.0914766300941339,0.00499160396009684,-0.0417851290851831));
#12844=CARTESIAN_POINT('',(0.0914766300941339,0.017,-0.0374409911930561));
#12845=CARTESIAN_POINT('',(0.0914766300941339,0.029,-0.0374409911930561));
#12846=CARTESIAN_POINT('',(0.0914766300941339,0.005,-0.0374409911930561));
#12847=CARTESIAN_POINT('',(0.0914766300941339,0.029,-0.0364409911930561));
#12848=CARTESIAN_POINT('',(0.0914766300941339,0.029,-0.0354409911930561));
#12849=CARTESIAN_POINT('',(0.0914766300941339,0.017,-0.0354409911930561));
#12850=CARTESIAN_POINT('',(0.0914766300941339,0.005,-0.0354409911930561));
#12851=CARTESIAN_POINT('',(0.0914766300941339,0.005,-0.0364409911930561));
#12852=CARTESIAN_POINT('',(0.0914766300941339,0.029,-0.0465902775655746));
#12853=CARTESIAN_POINT('',(0.0914766300941339,0.029,-0.0455902775655746));
#12854=CARTESIAN_POINT('',(0.0914766300941339,0.029,-0.0475902775655746));
#12855=CARTESIAN_POINT('',(0.0914766300941339,0.017,-0.0455902775655746));
#12856=CARTESIAN_POINT('',(0.0914766300941339,0.0231518055259507,-0.0455902775655746));
#12857=CARTESIAN_POINT('',(0.0914766300941339,0.0231518055259507,-0.0507418319337844));
#12858=CARTESIAN_POINT('',(0.0914766300941339,0.0231518055259507,-0.0455641558980312));
#12859=CARTESIAN_POINT('',(0.0914766300941339,0.0231538055259507,-0.0455641558980312));
#12860=CARTESIAN_POINT('',(0.0914766300941339,0.,-0.0455641558980312));
#12861=CARTESIAN_POINT('',(0.0914766300941339,0.,-0.0265297539847689));
#12862=CARTESIAN_POINT('',(0.0914766300941339,0.,-0.0179119478127365));
#12863=CARTESIAN_POINT('',(0.0914766300941339,0.0231538055259507,-0.0179119478127365));
#12864=CARTESIAN_POINT('',(0.0914766300941339,0.0231518055259507,-0.0179119478127365));
#12865=CARTESIAN_POINT('',(0.0914766300941339,0.0231518055259507,-0.0130683365671054));
#12866=CARTESIAN_POINT('',(0.0914766300941339,0.0231518055259507,-0.00822472532147427));
#12867=CARTESIAN_POINT('',(0.0914766300941339,0.0231538055259507,-0.00822472532147427));
#12868=CARTESIAN_POINT('',(0.0914766300941339,0.,-0.00822472532147427));
#12869=CARTESIAN_POINT('',(0.0914766300941339,0.,-0.0265297539847689));
#12870=CARTESIAN_POINT('',(0.0914766300941339,0.,-0.00741950796953589));
#12871=CARTESIAN_POINT('',(0.0914766300941339,0.033,-0.00741950796953589));
#12872=CARTESIAN_POINT('',(0.0914766300941339,0.033,-0.00741950796953589));
#12873=CARTESIAN_POINT('',(0.0914766300941339,0.033,-0.0265297539847689));
#12874=CARTESIAN_POINT('',(0.0914766300941339,0.033,-0.0559195079695377));
#12875=CARTESIAN_POINT('',(0.0914766300941339,0.033,-0.0559195079695377));
#12876=CARTESIAN_POINT('',(0.0914766300941339,0.0231518055259507,-0.0559195079695377));
#12877=CARTESIAN_POINT('',(0.0914766300941339,0.0231518055259507,-0.0507418319337844));
#12878=CARTESIAN_POINT('',(0.0914766300941339,0.0231518055259507,-0.0475902775655746));
#12879=CARTESIAN_POINT('',(0.0914766300941339,0.017,-0.0475902775655746));
#12880=CARTESIAN_POINT('',(0.0449766300941353,0.033,0.00286));
#12881=CARTESIAN_POINT('',(0.0449766300941353,0.033,0.00286));
#12882=CARTESIAN_POINT('',(-0.00152336990586311,0.033,0.00286));
#12883=CARTESIAN_POINT('',(0.07365,0.033,0.00286));
#12884=CARTESIAN_POINT('',(0.07365,0.033,0.00286));
#12885=CARTESIAN_POINT('',(0.07365,0.,0.00286));
#12886=CARTESIAN_POINT('',(0.0449766300941353,0.,0.00286));
#12887=CARTESIAN_POINT('',(-0.00152336990586311,0.,0.00286));
#12888=CARTESIAN_POINT('',(-0.00152336990586311,0.033,0.00286));
#12889=CARTESIAN_POINT('',(0.0449766300941353,0.01993,0.00286));
#12890=CARTESIAN_POINT('',(0.00661,0.01993,0.00286));
#12891=CARTESIAN_POINT('',(0.07011,0.01993,0.00286));
#12892=CARTESIAN_POINT('',(0.00661,0.033,0.00286));
#12893=CARTESIAN_POINT('',(0.00661,0.00103,0.00286));
#12894=CARTESIAN_POINT('',(0.0449766300941353,0.00103,0.00286));
#12895=CARTESIAN_POINT('',(0.07011,0.00103,0.00286));
#12896=CARTESIAN_POINT('',(0.07011,0.033,0.00286));
#12897=CARTESIAN_POINT('',(0.0449766300941353,-0.003,0.00586));
#12898=CARTESIAN_POINT('',(0.07011,0.01993,0.00586));
#12899=CARTESIAN_POINT('',(0.07161,0.01993,0.00586));
#12900=CARTESIAN_POINT('',(0.07011,0.02143,0.00586));
#12901=CARTESIAN_POINT('',(0.07161,0.00103,0.00586));
#12902=CARTESIAN_POINT('',(0.07161,0.00103,0.00586));
#12903=CARTESIAN_POINT('',(0.07011,0.00103,0.00586));
#12904=CARTESIAN_POINT('',(0.07011,-0.00047,0.00586));
#12905=CARTESIAN_POINT('',(0.0449766300941353,-0.00047,0.00586));
#12906=CARTESIAN_POINT('',(0.00661,-0.00047,0.00586));
#12907=CARTESIAN_POINT('',(0.00661,0.00103,0.00586));
#12908=CARTESIAN_POINT('',(0.00511,0.00103,0.00586));
#12909=CARTESIAN_POINT('',(0.00511,-0.003,0.00586));
#12910=CARTESIAN_POINT('',(0.00511,0.01993,0.00586));
#12911=CARTESIAN_POINT('',(0.00661,0.01993,0.00586));
#12912=CARTESIAN_POINT('',(0.00661,0.02143,0.00586));
#12913=CARTESIAN_POINT('',(0.07011,0.02143,0.00586));
#12914=CARTESIAN_POINT('',(-0.00952336990586312,-0.003,0.00586));
#12915=CARTESIAN_POINT('',(-0.00952336990586312,-0.002,0.00586));
#12916=CARTESIAN_POINT('',(-0.00952336990586312,0.033,0.00586));
#12917=CARTESIAN_POINT('',(0.0449766300941353,-0.002,0.00586));
#12918=CARTESIAN_POINT('',(0.0449766300941353,0.033,0.00586));
#12919=CARTESIAN_POINT('',(0.0449766300941353,0.033,-0.0559195079695377));
#12920=CARTESIAN_POINT('',(0.0455689616827364,0.0183568055110497,-0.0559195079695377));
#12921=CARTESIAN_POINT('',(0.0505580300495489,0.0183568055110497,-0.0559195079695377));
#12922=CARTESIAN_POINT('',(0.0405798933159239,0.0183568055110497,-0.0559195079695377));
#12923=CARTESIAN_POINT('',(0.0405798933159239,0.0204618055110497,-0.0559195079695377));
#12924=CARTESIAN_POINT('',(0.0405798933159239,0.0225668055110496,-0.0559195079695377));
#12925=CARTESIAN_POINT('',(0.0455689616827364,0.0225668055110496,-0.0559195079695377));
#12926=CARTESIAN_POINT('',(0.0505580300495489,0.0225668055110496,-0.0559195079695377));
#12927=CARTESIAN_POINT('',(0.0505580300495489,0.0204618055110497,-0.0559195079695377));
#12928=CARTESIAN_POINT('',(-0.00152336990586311,0.033,-0.0559195079695377));
#12929=CARTESIAN_POINT('',(-0.00152336990586311,0.033,-0.0559195079695377));
#12930=CARTESIAN_POINT('',(-0.00152336990586311,0.0231518055259507,-0.0559195079695377));
#12931=CARTESIAN_POINT('',(0.00371054146982518,0.0231518055259507,-0.0559195079695377));
#12932=CARTESIAN_POINT('',(0.00894445284551348,0.0231518055259507,-0.0559195079695377));
#12933=CARTESIAN_POINT('',(0.00894445284551348,0.0231538055259507,-0.0559195079695377));
#12934=CARTESIAN_POINT('',(0.00894445284551348,0.,-0.0559195079695377));
#12935=CARTESIAN_POINT('',(0.0449766300941353,0.,-0.0559195079695377));
#12936=CARTESIAN_POINT('',(0.0802825402091866,0.,-0.0559195079695377));
#12937=CARTESIAN_POINT('',(0.0802825402091866,0.0231538055259507,-0.0559195079695377));
#12938=CARTESIAN_POINT('',(0.0802825402091866,0.0231518055259507,-0.0559195079695377));
#12939=CARTESIAN_POINT('',(0.0858795851516603,0.0231518055259507,-0.0559195079695377));
#12940=CARTESIAN_POINT('',(0.0449766300941353,0.033,-0.0559195079695377));
#12941=CARTESIAN_POINT('',(0.0449766300941353,0.,-0.0290297539847689));
#12942=CARTESIAN_POINT('',(0.00894445284551348,0.,-0.0508875596826069));
#12943=CARTESIAN_POINT('',(0.00894445284551348,0.,-0.0458556113956762));
#12944=CARTESIAN_POINT('',(0.00371054146982518,0.,-0.0458556113956762));
#12945=CARTESIAN_POINT('',(-0.00152336990586311,0.,-0.0458556113956762));
#12946=CARTESIAN_POINT('',(-0.00152336990586311,0.,-0.0265297539847689));
#12947=CARTESIAN_POINT('',(-0.00152336990586312,0.,-0.017341385230146));
#12948=CARTESIAN_POINT('',(0.00367127112853463,0.,-0.017341385230146));
#12949=CARTESIAN_POINT('',(0.00886591216293237,0.,-0.017341385230146));
#12950=CARTESIAN_POINT('',(0.00886591216293237,0.,-0.0125047353500677));
#12951=CARTESIAN_POINT('',(0.00886591216293237,0.,-0.00766808546998941));
#12952=CARTESIAN_POINT('',(0.00367127112853463,0.,-0.00766808546998941));
#12953=CARTESIAN_POINT('',(-0.00152336990586312,0.,-0.00766808546998941));
#12954=CARTESIAN_POINT('',(-0.00152336990586311,0.,-0.0265297539847689));
#12955=CARTESIAN_POINT('',(-0.00152336990586312,0.,-0.00741950796953589));
#12956=CARTESIAN_POINT('',(0.0341783150470685,0.,-0.00741950796953589));
#12957=CARTESIAN_POINT('',(0.06988,0.,-0.00741950796953589));
#12958=CARTESIAN_POINT('',(0.06988,0.,-0.00455975398476795));
#12959=CARTESIAN_POINT('',(0.06988,0.,-0.0017));
#12960=CARTESIAN_POINT('',(0.0341783150470685,0.,-0.0017));
#12961=CARTESIAN_POINT('',(-0.00152336990586312,0.,-0.0017));
#12962=CARTESIAN_POINT('',(-0.00152336990586311,0.,-0.0265297539847689));
#12963=CARTESIAN_POINT('',(0.07365,0.,-0.00227975398476794));
#12964=CARTESIAN_POINT('',(0.07365,0.,-0.00741950796953589));
#12965=CARTESIAN_POINT('',(0.0825633150470669,0.,-0.00741950796953589));
#12966=CARTESIAN_POINT('',(0.086315472243476,0.,-0.00822472532147427));
#12967=CARTESIAN_POINT('',(0.0811543143928181,0.,-0.00822472532147427));
#12968=CARTESIAN_POINT('',(0.0811543143928181,0.,-0.0130683365671054));
#12969=CARTESIAN_POINT('',(0.0811543143928181,0.,-0.0179119478127365));
#12970=CARTESIAN_POINT('',(0.086315472243476,0.,-0.0179119478127365));
#12971=CARTESIAN_POINT('',(0.0858795851516603,0.,-0.0455641558980312));
#12972=CARTESIAN_POINT('',(0.0802825402091866,0.,-0.0455641558980312));
#12973=CARTESIAN_POINT('',(0.0802825402091866,0.,-0.0507418319337844));
#12974=CARTESIAN_POINT('',(-0.00152336990586311,0.033,-0.0265297539847689));
#12975=CARTESIAN_POINT('',(-0.00152336990586311,0.0231518055259507,-0.0508875596826069));
#12976=CARTESIAN_POINT('',(-0.00152336990586311,0.0231518055259507,-0.0458556113956762));
#12977=CARTESIAN_POINT('',(-0.00152336990586311,0.033,-0.0265297539847689));
#12978=CARTESIAN_POINT('',(-0.00152336990586312,0.033,-0.00741950796953589));
#12979=CARTESIAN_POINT('',(-0.00152336990586311,0.033,-0.00741950796953589));
#12980=CARTESIAN_POINT('',(-0.00152336990586312,0.0231538055259507,-0.00766808546998941));
#12981=CARTESIAN_POINT('',(-0.00152336990586312,0.0231518055259507,-0.00766808546998941));
#12982=CARTESIAN_POINT('',(-0.00152336990586312,0.0231518055259507,-0.0125047353500677));
#12983=CARTESIAN_POINT('',(-0.00152336990586311,0.0231518055259507,-0.017341385230146));
#12984=CARTESIAN_POINT('',(-0.00152336990586312,0.0231538055259507,-0.017341385230146));
#12985=CARTESIAN_POINT('',(-0.00152336990586311,0.0231538055259507,-0.0458556113956762));
#12986=CARTESIAN_POINT('',(-0.00152336990586311,0.033,-0.0265297539847689));
#12987=CARTESIAN_POINT('',(-0.00152336990586311,0.033,-0.0017));
#12988=CARTESIAN_POINT('',(-0.00152336990586312,0.033,-0.0017));
#12989=CARTESIAN_POINT('',(-0.00152336990586311,0.033,-0.0265297539847689));
#12990=CARTESIAN_POINT('',(-0.00952336990586311,-0.003,-0.0290297539847689));
#12991=CARTESIAN_POINT('',(-0.00952336990586312,-0.002,0.00586));
#12992=CARTESIAN_POINT('',(-0.00952336990586311,0.033,-0.0290297539847689));
#12993=CARTESIAN_POINT('',(0.0449766300941353,-0.003,-0.0290297539847689));
#12994=CARTESIAN_POINT('',(0.0449766300941353,-0.003,0.00486));
#12995=CARTESIAN_POINT('',(0.0984766300941338,-0.003,0.00486));
#12996=CARTESIAN_POINT('',(-0.00852336990586311,-0.003,0.00486));
#12997=CARTESIAN_POINT('',(-0.00852336990586311,-0.003,-0.0639195079695377));
#12998=CARTESIAN_POINT('',(-0.00852336990586311,-0.003,-0.0629195079695377));
#12999=CARTESIAN_POINT('',(0.0994766300941338,-0.003,-0.0629195079695377));
#13000=CARTESIAN_POINT('',(0.0984766300941338,-0.003,-0.0629195079695377));
#13001=CARTESIAN_POINT('',(0.0984766300941338,-0.003,-0.0290297539847689));
#13002=CARTESIAN_POINT('',(0.0449766300941353,0.033,-0.0290297539847689));
#13003=CARTESIAN_POINT('',(0.0341783150470685,0.033,-0.0017));
#13004=CARTESIAN_POINT('',(0.06988,0.033,-0.0017));
#13005=CARTESIAN_POINT('',(0.06988,0.033,-0.00455975398476795));
#13006=CARTESIAN_POINT('',(0.06988,0.033,-0.00741950796953589));
#13007=CARTESIAN_POINT('',(0.0341783150470685,0.033,-0.00741950796953589));
#13008=CARTESIAN_POINT('',(0.0825633150470669,0.033,-0.00741950796953589));
#13009=CARTESIAN_POINT('',(0.07365,0.033,-0.00741950796953589));
#13010=CARTESIAN_POINT('',(0.07365,0.033,-0.00227975398476794));
#13011=CARTESIAN_POINT('',(0.0341783150470685,0.033,-0.0017));
#13012=CARTESIAN_POINT('',(0.06988,0.033,-0.0017));
#13013=CARTESIAN_POINT('',(0.0341783150470685,0.033,-0.00741950796953589));
#13014=CARTESIAN_POINT('',(0.06988,0.033,-0.00741950796953589));
#13015=CARTESIAN_POINT('',(0.06988,0.033,-0.00455975398476795));
#13016=CARTESIAN_POINT('',(0.07365,0.033,-0.00227975398476794));
#13017=CARTESIAN_POINT('',(0.07365,0.033,-0.00741950796953589));
#13018=CARTESIAN_POINT('',(0.0825633150470669,0.033,-0.00741950796953589));
#13019=CARTESIAN_POINT('',(0.086315472243476,0.0231538055259507,-0.00822472532147427));
#13020=CARTESIAN_POINT('',(0.086315472243476,0.0231518055259507,-0.00822472532147427));
#13021=CARTESIAN_POINT('',(0.0811543143928181,0.0231518055259507,-0.00822472532147427));
#13022=CARTESIAN_POINT('',(0.0811543143928181,0.0231538055259507,-0.00822472532147427));
#13023=CARTESIAN_POINT('',(0.0811543143928181,0.0231538055259507,-0.0130683365671054));
#13024=CARTESIAN_POINT('',(0.0811543143928181,0.0231518055259507,-0.0130683365671054));
#13025=CARTESIAN_POINT('',(0.0811543143928181,0.0231518055259507,-0.0179119478127365));
#13026=CARTESIAN_POINT('',(0.0811543143928181,0.0231538055259507,-0.0179119478127365));
#13027=CARTESIAN_POINT('',(0.086315472243476,0.0231538055259507,-0.0179119478127365));
#13028=CARTESIAN_POINT('',(0.086315472243476,0.0231518055259507,-0.0179119478127365));
#13029=CARTESIAN_POINT('',(0.0859766300941369,0.0231538055259507,-0.0129195079695343));
#13030=CARTESIAN_POINT('',(0.0859766300941369,0.,-0.0129195079695343));
#13031=CARTESIAN_POINT('',(0.0859766300941369,0.,-0.0152195079695343));
#13032=CARTESIAN_POINT('',(0.0859766300941369,0.0231518055259507,-0.0129195079695343));
#13033=CARTESIAN_POINT('',(0.0859766300941369,0.0231518055259507,-0.0106195079695343));
#13034=CARTESIAN_POINT('',(-0.0875233699058631,0.0231518055259507,-0.109419507969534));
#13035=CARTESIAN_POINT('',(0.00367127112853463,0.0231538055259507,-0.00766808546998941));
#13036=CARTESIAN_POINT('',(0.00367127112853463,0.0231518055259507,-0.00766808546998941));
#13037=CARTESIAN_POINT('',(0.00886591216293237,0.0231518055259507,-0.00766808546998941));
#13038=CARTESIAN_POINT('',(0.00886591216293237,0.0231538055259507,-0.00766808546998941));
#13039=CARTESIAN_POINT('',(0.00367127112853463,0.0231538055259507,-0.017341385230146));
#13040=CARTESIAN_POINT('',(0.00367127112853463,0.0231518055259507,-0.017341385230146));
#13041=CARTESIAN_POINT('',(0.00886591216293237,0.0231518055259507,-0.017341385230146));
#13042=CARTESIAN_POINT('',(0.00886591216293237,0.0231538055259507,-0.017341385230146));
#13043=CARTESIAN_POINT('',(0.00397663009413689,0.0231538055259507,-0.0129195079695343));
#13044=CARTESIAN_POINT('',(0.00397663009413689,0.,-0.0129195079695343));
#13045=CARTESIAN_POINT('',(0.00397663009413689,0.,-0.0152195079695343));
#13046=CARTESIAN_POINT('',(0.00397663009413689,0.0231518055259507,-0.0129195079695343));
#13047=CARTESIAN_POINT('',(0.00397663009413689,0.0231518055259507,-0.0106195079695343));
#13048=CARTESIAN_POINT('',(0.00886591216293237,0.0231538055259507,-0.0125047353500677));
#13049=CARTESIAN_POINT('',(0.00886591216293237,0.0231518055259507,-0.0125047353500677));
#13050=CARTESIAN_POINT('',(-0.0875233699058631,0.0231518055259507,-0.109419507969534));
#13051=CARTESIAN_POINT('',(0.0449766300941353,0.,-0.0290297539847689));
#13052=CARTESIAN_POINT('',(0.0449766300941353,0.,-0.0290297539847689));
#13053=CARTESIAN_POINT('',(0.0858795851516603,0.0231538055259507,-0.0455641558980312));
#13054=CARTESIAN_POINT('',(0.0858795851516603,0.0231518055259507,-0.0455641558980312));
#13055=CARTESIAN_POINT('',(0.0802825402091866,0.0231518055259507,-0.0455641558980312));
#13056=CARTESIAN_POINT('',(0.0802825402091866,0.0231538055259507,-0.0455641558980312));
#13057=CARTESIAN_POINT('',(0.0859766300941369,0.0231538055259507,-0.0504195079695343));
#13058=CARTESIAN_POINT('',(0.0859766300941369,0.,-0.0504195079695343));
#13059=CARTESIAN_POINT('',(0.0859766300941369,0.,-0.0527195079695343));
#13060=CARTESIAN_POINT('',(0.0859766300941369,0.0231518055259507,-0.0504195079695343));
#13061=CARTESIAN_POINT('',(0.0859766300941369,0.0231518055259507,-0.0481195079695343));
#13062=CARTESIAN_POINT('',(0.0802825402091866,0.0231538055259507,-0.0507418319337844));
#13063=CARTESIAN_POINT('',(0.0802825402091866,0.0231518055259507,-0.0507418319337844));
#13064=CARTESIAN_POINT('',(-0.0875233699058631,0.0231518055259507,-0.109419507969534));
#13065=CARTESIAN_POINT('',(0.0914766300941339,0.0231518055259507,-0.0507418319337844));
#13066=CARTESIAN_POINT('',(0.0449766300941353,0.,-0.0290297539847689));
#13067=CARTESIAN_POINT('',(0.00894445284551348,0.0231538055259507,-0.0508875596826069));
#13068=CARTESIAN_POINT('',(0.00894445284551348,0.0231518055259507,-0.0508875596826069));
#13069=CARTESIAN_POINT('',(0.00894445284551348,0.0231518055259507,-0.0458556113956762));
#13070=CARTESIAN_POINT('',(0.00894445284551348,0.0231538055259507,-0.0458556113956762));
#13071=CARTESIAN_POINT('',(0.00371054146982518,0.0231538055259507,-0.0458556113956762));
#13072=CARTESIAN_POINT('',(0.00371054146982518,0.0231518055259507,-0.0458556113956762));
#13073=CARTESIAN_POINT('',(0.00397663009413689,0.0231538055259507,-0.0504195079695343));
#13074=CARTESIAN_POINT('',(0.00397663009413689,0.,-0.0504195079695343));
#13075=CARTESIAN_POINT('',(0.00397663009413689,0.,-0.0527195079695343));
#13076=CARTESIAN_POINT('',(0.00397663009413689,0.0231518055259507,-0.0504195079695343));
#13077=CARTESIAN_POINT('',(0.00397663009413689,0.0231518055259507,-0.0481195079695343));
#13078=CARTESIAN_POINT('',(-0.0875233699058631,0.0231518055259507,-0.109419507969534));
#13079=CARTESIAN_POINT('',(0.0449766300941353,0.,-0.0290297539847689));
#13080=CARTESIAN_POINT('',(0.00661,0.01048,0.005862));
#13081=CARTESIAN_POINT('',(0.00661,0.01993,0.005862));
#13082=CARTESIAN_POINT('',(0.00661,0.01993,0.00436));
#13083=CARTESIAN_POINT('',(0.00661,0.01048,0.00436));
#13084=CARTESIAN_POINT('',(0.00661,0.00103,0.00436));
#13085=CARTESIAN_POINT('',(0.00661,0.00103,0.005862));
#13086=CARTESIAN_POINT('',(0.03836,0.00103,0.005862));
#13087=CARTESIAN_POINT('',(0.03836,0.00103,0.00436));
#13088=CARTESIAN_POINT('',(0.07011,0.00103,0.00436));
#13089=CARTESIAN_POINT('',(0.07011,0.00103,0.005862));
#13090=CARTESIAN_POINT('',(0.03836,0.01993,0.005862));
#13091=CARTESIAN_POINT('',(0.07011,0.01993,0.005862));
#13092=CARTESIAN_POINT('',(0.07011,0.01993,0.00436));
#13093=CARTESIAN_POINT('',(0.00661,0.01993,0.00436));
#13094=CARTESIAN_POINT('',(0.07011,0.01048,0.005862));
#13095=CARTESIAN_POINT('',(0.07011,0.01993,0.00436));
#13096=CARTESIAN_POINT('',(0.0505580300495489,0.0204618055110497,0.005862));
#13097=CARTESIAN_POINT('',(0.0505580300495489,0.0225668055110496,0.005862));
#13098=CARTESIAN_POINT('',(0.0505580300495489,0.0225668055110496,-0.0624195079695377));
#13099=CARTESIAN_POINT('',(0.0505580300495489,0.0183568055110497,-0.0624195079695377));
#13100=CARTESIAN_POINT('',(0.0505580300495489,0.0183568055110497,-0.0624195079695377));
#13101=CARTESIAN_POINT('',(0.0505580300495489,0.0183568055110497,0.005862));
#13102=CARTESIAN_POINT('',(0.0455689616827364,0.0225668055110496,0.005862));
#13103=CARTESIAN_POINT('',(0.0405798933159239,0.0225668055110496,0.005862));
#13104=CARTESIAN_POINT('',(0.0405798933159239,0.0225668055110496,-0.0624195079695377));
#13105=CARTESIAN_POINT('',(0.0455689616827364,0.0225668055110496,-0.0624195079695377));
#13106=CARTESIAN_POINT('',(0.0455689616827364,0.0183568055110497,0.005862));
#13107=CARTESIAN_POINT('',(0.0405798933159239,0.0183568055110497,-0.0624195079695377));
#13108=CARTESIAN_POINT('',(0.0405798933159239,0.0183568055110497,-0.0624195079695377));
#13109=CARTESIAN_POINT('',(0.0405798933159239,0.0183568055110497,0.005862));
#13110=CARTESIAN_POINT('',(0.0405798933159239,0.0204618055110497,0.005862));
#13111=CARTESIAN_POINT('',(0.0405798933159239,0.0204618055110497,-0.0624195079695377));
#13112=CARTESIAN_POINT('',(0.0914746300941339,0.029,-0.0465902775655746));
#13113=CARTESIAN_POINT('',(0.0914746300941339,0.029,-0.0475902775655746));
#13114=CARTESIAN_POINT('',(0.0984766300941338,0.029,-0.0475902775655746));
#13115=CARTESIAN_POINT('',(0.0984766300941338,0.029,-0.0465902775655746));
#13116=CARTESIAN_POINT('',(0.0984766300941338,0.029,-0.0455902775655746));
#13117=CARTESIAN_POINT('',(0.0914746300941339,0.029,-0.0455902775655746));
#13118=CARTESIAN_POINT('',(0.0914746300941339,0.017,-0.0455902775655746));
#13119=CARTESIAN_POINT('',(0.0984766300941338,0.005,-0.0455902775655746));
#13120=CARTESIAN_POINT('',(0.0984766300941338,0.005,-0.0455902775655746));
#13121=CARTESIAN_POINT('',(0.0914746300941339,0.005,-0.0455902775655746));
#13122=CARTESIAN_POINT('',(0.0914766300941339,0.005,-0.0455902775655746));
#13123=CARTESIAN_POINT('',(0.0914766300941339,0.017,-0.0455902775655746));
#13124=CARTESIAN_POINT('',(0.0914746300941339,0.005,-0.0465902775655746));
#13125=CARTESIAN_POINT('',(0.0984766300941338,0.005,-0.0475902775655746));
#13126=CARTESIAN_POINT('',(0.0984766300941338,0.005,-0.0475902775655746));
#13127=CARTESIAN_POINT('',(0.0914746300941339,0.005,-0.0475902775655746));
#13128=CARTESIAN_POINT('',(0.0914766300941339,0.005,-0.0475902775655746));
#13129=CARTESIAN_POINT('',(0.0914766300941339,0.005,-0.0465902775655746));
#13130=CARTESIAN_POINT('',(0.0914746300941339,0.017,-0.0475902775655746));
#13131=CARTESIAN_POINT('',(0.0984766300941338,0.017,-0.0475902775655746));
#13132=CARTESIAN_POINT('',(0.0914766300941339,0.017,-0.0475902775655746));
#13133=CARTESIAN_POINT('',(0.0914766300941339,0.033,-0.0265297539847689));
#13134=CARTESIAN_POINT('',(0.0914746300941339,0.0289916039600969,-0.0417851290851831));
#13135=CARTESIAN_POINT('',(0.0914746300941339,0.0289916039600969,-0.0427851290851832));
#13136=CARTESIAN_POINT('',(0.0984766300941338,0.0289916039600969,-0.0427851290851832));
#13137=CARTESIAN_POINT('',(0.0984766300941338,0.0289916039600969,-0.0417851290851831));
#13138=CARTESIAN_POINT('',(0.0984766300941338,0.0289916039600969,-0.0407851290851832));
#13139=CARTESIAN_POINT('',(0.0914746300941339,0.0289916039600969,-0.0407851290851832));
#13140=CARTESIAN_POINT('',(0.0914746300941339,0.0169916039600969,-0.0407851290851832));
#13141=CARTESIAN_POINT('',(0.0984766300941338,0.00499160396009684,-0.0407851290851832));
#13142=CARTESIAN_POINT('',(0.0984766300941338,0.00499160396009684,-0.0407851290851832));
#13143=CARTESIAN_POINT('',(0.0914746300941339,0.00499160396009684,-0.0407851290851832));
#13144=CARTESIAN_POINT('',(0.0914746300941339,0.00499160396009684,-0.0417851290851831));
#13145=CARTESIAN_POINT('',(0.0984766300941338,0.00499160396009684,-0.0427851290851832));
#13146=CARTESIAN_POINT('',(0.0984766300941338,0.00499160396009684,-0.0427851290851832));
#13147=CARTESIAN_POINT('',(0.0914746300941339,0.00499160396009684,-0.0427851290851832));
#13148=CARTESIAN_POINT('',(0.0914746300941339,0.0169916039600969,-0.0427851290851832));
#13149=CARTESIAN_POINT('',(0.0984766300941338,0.0169916039600969,-0.0427851290851832));
#13150=CARTESIAN_POINT('',(0.0914746300941339,0.029,-0.0364409911930561));
#13151=CARTESIAN_POINT('',(0.0914746300941339,0.029,-0.0374409911930561));
#13152=CARTESIAN_POINT('',(0.0984766300941338,0.029,-0.0374409911930561));
#13153=CARTESIAN_POINT('',(0.0984766300941338,0.029,-0.0364409911930561));
#13154=CARTESIAN_POINT('',(0.0984766300941338,0.029,-0.0354409911930561));
#13155=CARTESIAN_POINT('',(0.0914746300941339,0.029,-0.0354409911930561));
#13156=CARTESIAN_POINT('',(0.0914746300941339,0.017,-0.0354409911930561));
#13157=CARTESIAN_POINT('',(0.0984766300941338,0.005,-0.0354409911930561));
#13158=CARTESIAN_POINT('',(0.0984766300941338,0.005,-0.0354409911930561));
#13159=CARTESIAN_POINT('',(0.0914746300941339,0.005,-0.0354409911930561));
#13160=CARTESIAN_POINT('',(0.0914746300941339,0.005,-0.0364409911930561));
#13161=CARTESIAN_POINT('',(0.0984766300941338,0.005,-0.0374409911930561));
#13162=CARTESIAN_POINT('',(0.0984766300941338,0.005,-0.0374409911930561));
#13163=CARTESIAN_POINT('',(0.0914746300941339,0.005,-0.0374409911930561));
#13164=CARTESIAN_POINT('',(0.0914746300941339,0.017,-0.0374409911930561));
#13165=CARTESIAN_POINT('',(0.0984766300941338,0.017,-0.0374409911930561));
#13166=CARTESIAN_POINT('',(0.0984766300941338,-0.002,-0.0290297539847689));
#13167=CARTESIAN_POINT('',(0.0984766300941338,-0.002,-0.0629195079695377));
#13168=CARTESIAN_POINT('',(0.0984766300941338,-0.002,0.00486));
#13169=CARTESIAN_POINT('',(0.0449766300941353,-0.002,0.00486));
#13170=CARTESIAN_POINT('',(-0.00852336990586311,-0.002,0.00486));
#13171=CARTESIAN_POINT('',(0.0449766300941353,-0.002,-0.0629195079695377));
#13172=CARTESIAN_POINT('',(-0.00852336990586311,-0.002,-0.0629195079695377));
#13173=CARTESIAN_POINT('',(-0.00852336990586311,-0.002,-0.0290297539847689));
#13174=CARTESIAN_POINT('',(0.00511,0.01048,0.00436));
#13175=CARTESIAN_POINT('',(0.00511,0.01993,0.00436));
#13176=CARTESIAN_POINT('',(0.00511,0.00103,0.00436));
#13177=CARTESIAN_POINT('',(0.00661,0.01993,0.00436));
#13178=CARTESIAN_POINT('',(0.00661,0.02143,0.00436));
#13179=CARTESIAN_POINT('',(0.00661,0.00103,0.00436));
#13180=CARTESIAN_POINT('',(0.00661,-0.00047,0.00436));
#13181=CARTESIAN_POINT('',(0.0449766300941353,0.02143,0.00436));
#13182=CARTESIAN_POINT('',(0.07011,0.02143,0.00436));
#13183=CARTESIAN_POINT('',(0.03836,-0.00047,0.00436));
#13184=CARTESIAN_POINT('',(0.07011,-0.00047,0.00436));
#13185=CARTESIAN_POINT('',(0.07011,0.01993,0.00436));
#13186=CARTESIAN_POINT('',(0.07161,0.01993,0.00436));
#13187=CARTESIAN_POINT('',(0.07011,0.00103,0.00436));
#13188=CARTESIAN_POINT('',(0.07161,0.00103,0.00436));
#13189=CARTESIAN_POINT('',(0.07161,-0.003,0.00436));
#13190=CARTESIAN_POINT('',(0.0405798933159239,0.0204618055110497,-0.0624195079695377));
#13191=CARTESIAN_POINT('',(0.0412815599825906,0.021865138844383,-0.061717841302871));
#13192=CARTESIAN_POINT('',(0.0410454722419944,0.0188223844371202,-0.0619539290434672));
#13193=CARTESIAN_POINT('',(0.0449766300941353,0.0168568055110496,-0.0639195079695377));
#13194=CARTESIAN_POINT('',(0.0586769652198988,0.0102378703406998,-0.0705384431398876));
#13195=CARTESIAN_POINT('',(0.0455689616827364,0.0225668055110496,-0.0624195079695377));
#13196=CARTESIAN_POINT('',(0.0430357615458657,0.0150445370073664,-0.0548972394658545));
#13197=CARTESIAN_POINT('',(0.0520580300495489,-0.003,-0.0639195079695377));
#13198=CARTESIAN_POINT('',(0.0984766300941338,0.03,-0.0290297539847689));
#13199=CARTESIAN_POINT('',(0.0984766300941338,0.03,-0.0475902775655746));
#13200=CARTESIAN_POINT('',(0.0984766300941338,0.03,-0.0455902775655746));
#13201=CARTESIAN_POINT('',(0.0984766300941338,0.029,-0.0455902775655746));
#13202=CARTESIAN_POINT('',(0.0984766300941338,0.029,-0.0445902775655746));
#13203=CARTESIAN_POINT('',(0.0984766300941338,0.029,-0.0475902775655746));
#13204=CARTESIAN_POINT('',(0.0984766300941338,0.029,-0.0485902775655746));
#13205=CARTESIAN_POINT('',(0.0984766300941338,0.017,-0.0445902775655746));
#13206=CARTESIAN_POINT('',(0.0984766300941338,0.005,-0.0445902775655746));
#13207=CARTESIAN_POINT('',(0.0984766300941338,-0.003,-0.0485902775655746));
#13208=CARTESIAN_POINT('',(0.0984766300941338,0.005,-0.0485902775655746));
#13209=CARTESIAN_POINT('',(0.0984766300941338,0.005,-0.0455902775655746));
#13210=CARTESIAN_POINT('',(0.0984766300941338,0.004,-0.0455902775655746));
#13211=CARTESIAN_POINT('',(0.0984766300941338,0.005,-0.0475902775655746));
#13212=CARTESIAN_POINT('',(0.0984766300941338,0.004,-0.0475902775655746));
#13213=CARTESIAN_POINT('',(0.0984766300941338,0.004,-0.0465902775655746));
#13214=CARTESIAN_POINT('',(0.0984766300941338,0.0299916039600969,-0.0290297539847689));
#13215=CARTESIAN_POINT('',(0.0984766300941338,0.0299916039600969,-0.0427851290851832));
#13216=CARTESIAN_POINT('',(0.0984766300941338,0.0299916039600969,-0.0407851290851832));
#13217=CARTESIAN_POINT('',(0.0984766300941338,0.0289916039600969,-0.0407851290851832));
#13218=CARTESIAN_POINT('',(0.0984766300941338,0.0289916039600969,-0.0397851290851832));
#13219=CARTESIAN_POINT('',(0.0984766300941338,0.0289916039600969,-0.0427851290851832));
#13220=CARTESIAN_POINT('',(0.0984766300941338,0.0289916039600969,-0.0437851290851832));
#13221=CARTESIAN_POINT('',(0.0984766300941338,0.0169916039600969,-0.0397851290851832));
#13222=CARTESIAN_POINT('',(0.0984766300941338,0.00499160396009684,-0.0397851290851832));
#13223=CARTESIAN_POINT('',(0.0984766300941338,-0.003,-0.0437851290851832));
#13224=CARTESIAN_POINT('',(0.0984766300941338,0.00499160396009684,-0.0437851290851832));
#13225=CARTESIAN_POINT('',(0.0984766300941338,0.00499160396009684,-0.0407851290851832));
#13226=CARTESIAN_POINT('',(0.0984766300941338,0.00399160396009684,-0.0407851290851832));
#13227=CARTESIAN_POINT('',(0.0984766300941338,0.00499160396009684,-0.0427851290851832));
#13228=CARTESIAN_POINT('',(0.0984766300941338,0.00399160396009684,-0.0427851290851832));
#13229=CARTESIAN_POINT('',(0.0984766300941338,0.00399160396009684,-0.0417851290851831));
#13230=CARTESIAN_POINT('',(0.0984766300941338,0.03,-0.0290297539847689));
#13231=CARTESIAN_POINT('',(0.0984766300941338,0.03,-0.0374409911930561));
#13232=CARTESIAN_POINT('',(0.0984766300941338,0.03,-0.0354409911930561));
#13233=CARTESIAN_POINT('',(0.0984766300941338,0.029,-0.0354409911930561));
#13234=CARTESIAN_POINT('',(0.0984766300941338,0.029,-0.0344409911930561));
#13235=CARTESIAN_POINT('',(0.0984766300941338,0.029,-0.0374409911930561));
#13236=CARTESIAN_POINT('',(0.0984766300941338,0.029,-0.0384409911930561));
#13237=CARTESIAN_POINT('',(0.0984766300941338,0.017,-0.0344409911930561));
#13238=CARTESIAN_POINT('',(0.0984766300941338,0.005,-0.0344409911930561));
#13239=CARTESIAN_POINT('',(0.0984766300941338,-0.003,-0.0384409911930561));
#13240=CARTESIAN_POINT('',(0.0984766300941338,0.005,-0.0384409911930561));
#13241=CARTESIAN_POINT('',(0.0984766300941338,0.005,-0.0354409911930561));
#13242=CARTESIAN_POINT('',(0.0984766300941338,0.004,-0.0354409911930561));
#13243=CARTESIAN_POINT('',(0.0984766300941338,0.005,-0.0374409911930561));
#13244=CARTESIAN_POINT('',(0.0984766300941338,0.004,-0.0374409911930561));
#13245=CARTESIAN_POINT('',(0.0984766300941338,0.004,-0.0364409911930561));
#13246=CARTESIAN_POINT('',(0.0205338289387184,0.00579710743147713,-0.0629195079695377));
#13247=CARTESIAN_POINT('',(0.0205338289387184,0.00579710743147713,-0.0639195079695377));
#13248=CARTESIAN_POINT('',(0.017031026855659,0.00514269559432673,-0.0639195079695377));
#13249=CARTESIAN_POINT('',(0.0169698279434702,0.00582059123703474,-0.0639195079695377));
#13250=CARTESIAN_POINT('',(0.017031026855659,0.00514269559432673,-0.0629195079695377));
#13251=CARTESIAN_POINT('',(0.017031026855659,0.00514269559432673,-0.0629195079695377));
#13252=CARTESIAN_POINT('',(0.0205338289387184,0.00579710743147713,-0.0629195079695377));
#13253=CARTESIAN_POINT('',(0.0169698279434702,0.00582059123703474,-0.0629195079695377));
#13254=CARTESIAN_POINT('',(0.0169698279434702,0.00582059123703474,-0.0629195079695377));
#13255=CARTESIAN_POINT('',(0.0177006841832647,0.00350797849758814,-0.0629195079695377));
#13256=CARTESIAN_POINT('',(0.0177006841832647,0.00350797849758814,-0.0639195079695377));
#13257=CARTESIAN_POINT('',(0.0173640901662257,0.00397481635338822,-0.0629195079695377));
#13258=CARTESIAN_POINT('',(0.0173640901662257,0.00397481635338822,-0.0639195079695377));
#13259=CARTESIAN_POINT('',(0.0171408710570238,0.00451972205230108,-0.0629195079695377));
#13260=CARTESIAN_POINT('',(0.0171408710570238,0.00451972205230108,-0.0639195079695377));
#13261=CARTESIAN_POINT('',(0.017031026855659,0.00514269559432673,-0.0629195079695377));
#13262=CARTESIAN_POINT('',(0.017031026855659,0.00514269559432673,-0.0639195079695377));
#13263=CARTESIAN_POINT('',(0.0177006841832647,0.00350797849758814,-0.0639195079695377));
#13264=CARTESIAN_POINT('',(0.0171957931577062,0.00420823528128826,-0.0639195079695377));
#13265=CARTESIAN_POINT('',(0.017031026855659,0.00514269559432673,-0.0639195079695377));
#13266=CARTESIAN_POINT('',(0.0177006841832647,0.00350797849758814,-0.0639195079695377));
#13267=CARTESIAN_POINT('',(0.0177006841832647,0.00350797849758814,-0.0629195079695377));
#13268=CARTESIAN_POINT('',(0.0177006841832647,0.00350797849758814,-0.0629195079695377));
#13269=CARTESIAN_POINT('',(0.0177006841832647,0.00350797849758814,-0.0629195079695377));
#13270=CARTESIAN_POINT('',(0.0171957931577062,0.00420823528128826,-0.0629195079695377));
#13271=CARTESIAN_POINT('',(0.017031026855659,0.00514269559432673,-0.0629195079695377));
#13272=CARTESIAN_POINT('',(0.0189058319925234,0.00243817443643957,-0.0629195079695377));
#13273=CARTESIAN_POINT('',(0.0189058319925234,0.00243817443643957,-0.0639195079695377));
#13274=CARTESIAN_POINT('',(0.0184389941367233,0.00268453928807188,-0.0629195079695377));
#13275=CARTESIAN_POINT('',(0.0184389941367233,0.00268453928807188,-0.0639195079695377));
#13276=CARTESIAN_POINT('',(0.0180372782003038,0.00304114064178807,-0.0629195079695377));
#13277=CARTESIAN_POINT('',(0.0180372782003038,0.00304114064178807,-0.0639195079695377));
#13278=CARTESIAN_POINT('',(0.0177006841832647,0.00350797849758814,-0.0629195079695377));
#13279=CARTESIAN_POINT('',(0.0177006841832647,0.00350797849758814,-0.0639195079695377));
#13280=CARTESIAN_POINT('',(0.0189058319925234,0.00243817443643957,-0.0639195079695377));
#13281=CARTESIAN_POINT('',(0.0182055752088233,0.00280772171388803,-0.0639195079695377));
#13282=CARTESIAN_POINT('',(0.0177006841832647,0.00350797849758814,-0.0639195079695377));
#13283=CARTESIAN_POINT('',(0.0189058319925234,0.00243817443643957,-0.0639195079695377));
#13284=CARTESIAN_POINT('',(0.0189058319925234,0.00243817443643957,-0.0629195079695377));
#13285=CARTESIAN_POINT('',(0.0189058319925234,0.00243817443643957,-0.0629195079695377));
#13286=CARTESIAN_POINT('',(0.0189058319925234,0.00243817443643957,-0.0629195079695377));
#13287=CARTESIAN_POINT('',(0.0182055752088233,0.00280772171388803,-0.0629195079695377));
#13288=CARTESIAN_POINT('',(0.0177006841832647,0.00350797849758814,-0.0629195079695377));
#13289=CARTESIAN_POINT('',(0.0203767692003349,0.00517292782967866,-0.0629195079695377));
#13290=CARTESIAN_POINT('',(0.0203767692003349,0.00517292782967866,-0.0639195079695377));
#13291=CARTESIAN_POINT('',(0.0203757827872149,0.0020686271589911,-0.0639195079695377));
#13292=CARTESIAN_POINT('',(0.0203757827872149,0.0020686271589911,-0.0629195079695377));
#13293=CARTESIAN_POINT('',(0.0203757827872149,0.0020686271589911,-0.0629195079695377));
#13294=CARTESIAN_POINT('',(0.0203767692003349,0.00517292782967866,-0.0629195079695377));
#13295=CARTESIAN_POINT('',(0.0220328610249456,0.00270886193265978,-0.0629195079695377));
#13296=CARTESIAN_POINT('',(0.0220328610249456,0.00270886193265978,-0.0639195079695377));
#13297=CARTESIAN_POINT('',(0.0216013302338699,0.00228203875021399,-0.0629195079695377));
#13298=CARTESIAN_POINT('',(0.0216013302338699,0.00228203875021399,-0.0639195079695377));
#13299=CARTESIAN_POINT('',(0.021048970821293,0.0020686271589911,-0.0629195079695377));
#13300=CARTESIAN_POINT('',(0.021048970821293,0.0020686271589911,-0.0639195079695377));
#13301=CARTESIAN_POINT('',(0.0203757827872149,0.0020686271589911,-0.0629195079695377));
#13302=CARTESIAN_POINT('',(0.0203757827872149,0.0020686271589911,-0.0639195079695377));
#13303=CARTESIAN_POINT('',(0.0220328610249456,0.00270886193265978,-0.0639195079695377));
#13304=CARTESIAN_POINT('',(0.021385564838332,0.0020686271589911,-0.0639195079695377));
#13305=CARTESIAN_POINT('',(0.0203757827872149,0.0020686271589911,-0.0639195079695377));
#13306=CARTESIAN_POINT('',(0.0220328610249456,0.00270886193265978,-0.0639195079695377));
#13307=CARTESIAN_POINT('',(0.0220328610249456,0.00270886193265978,-0.0629195079695377));
#13308=CARTESIAN_POINT('',(0.0220328610249456,0.00270886193265978,-0.0629195079695377));
#13309=CARTESIAN_POINT('',(0.0220328610249456,0.00270886193265978,-0.0629195079695377));
#13310=CARTESIAN_POINT('',(0.021385564838332,0.0020686271589911,-0.0629195079695377));
#13311=CARTESIAN_POINT('',(0.0203757827872149,0.0020686271589911,-0.0629195079695377));
#13312=CARTESIAN_POINT('',(0.0226801572115591,0.00446479995161872,-0.0629195079695377));
#13313=CARTESIAN_POINT('',(0.0226801572115591,0.00446479995161872,-0.0639195079695377));
#13314=CARTESIAN_POINT('',(0.0226801572115591,0.00372099778809188,-0.0629195079695377));
#13315=CARTESIAN_POINT('',(0.0226801572115591,0.00372099778809188,-0.0639195079695377));
#13316=CARTESIAN_POINT('',(0.0224643918160213,0.00313568511510556,-0.0629195079695377));
#13317=CARTESIAN_POINT('',(0.0224643918160213,0.00313568511510556,-0.0639195079695377));
#13318=CARTESIAN_POINT('',(0.0220328610249456,0.00270886193265978,-0.0629195079695377));
#13319=CARTESIAN_POINT('',(0.0220328610249456,0.00270886193265978,-0.0639195079695377));
#13320=CARTESIAN_POINT('',(0.0226801572115591,0.00446479995161872,-0.0639195079695377));
#13321=CARTESIAN_POINT('',(0.0226801572115591,0.00334909670632846,-0.0639195079695377));
#13322=CARTESIAN_POINT('',(0.0220328610249456,0.00270886193265978,-0.0639195079695377));
#13323=CARTESIAN_POINT('',(0.0226801572115591,0.00446479995161872,-0.0639195079695377));
#13324=CARTESIAN_POINT('',(0.0226801572115591,0.00446479995161872,-0.0629195079695377));
#13325=CARTESIAN_POINT('',(0.0226801572115591,0.00446479995161872,-0.0629195079695377));
#13326=CARTESIAN_POINT('',(0.0226801572115591,0.00446479995161872,-0.0629195079695377));
#13327=CARTESIAN_POINT('',(0.0226801572115591,0.00334909670632846,-0.0629195079695377));
#13328=CARTESIAN_POINT('',(0.0220328610249456,0.00270886193265978,-0.0629195079695377));
#13329=CARTESIAN_POINT('',(0.0190309031175758,0.00449552445815279,-0.0629195079695377));
#13330=CARTESIAN_POINT('',(0.0190309031175758,0.00449552445815279,-0.0639195079695377));
#13331=CARTESIAN_POINT('',(0.0226189582993702,0.00515681842021648,-0.0639195079695377));
#13332=CARTESIAN_POINT('',(0.0226189582993702,0.00515681842021648,-0.0629195079695377));
#13333=CARTESIAN_POINT('',(0.0226189582993702,0.00515681842021648,-0.0629195079695377));
#13334=CARTESIAN_POINT('',(0.0190309031175758,0.00449552445815279,-0.0629195079695377));
#13335=CARTESIAN_POINT('',(0.0219575392868669,0.00678447410401019,-0.0629195079695377));
#13336=CARTESIAN_POINT('',(0.0219575392868669,0.00678447410401019,-0.0639195079695377));
#13337=CARTESIAN_POINT('',(0.0222886410938377,0.00632234385684003,-0.0629195079695377));
#13338=CARTESIAN_POINT('',(0.0222886410938377,0.00632234385684003,-0.0639195079695377));
#13339=CARTESIAN_POINT('',(0.0225091140980055,0.00577979196224213,-0.0629195079695377));
#13340=CARTESIAN_POINT('',(0.0225091140980055,0.00577979196224213,-0.0639195079695377));
#13341=CARTESIAN_POINT('',(0.0226189582993702,0.00515681842021648,-0.0629195079695377));
#13342=CARTESIAN_POINT('',(0.0226189582993702,0.00515681842021648,-0.0639195079695377));
#13343=CARTESIAN_POINT('',(0.0219575392868669,0.00678447410401019,-0.0639195079695377));
#13344=CARTESIAN_POINT('',(0.0224541919973231,0.00609127873325495,-0.0639195079695377));
#13345=CARTESIAN_POINT('',(0.0226189582993702,0.00515681842021648,-0.0639195079695377));
#13346=CARTESIAN_POINT('',(0.0219575392868669,0.00678447410401019,-0.0639195079695377));
#13347=CARTESIAN_POINT('',(0.0219575392868669,0.00678447410401019,-0.0629195079695377));
#13348=CARTESIAN_POINT('',(0.0219575392868669,0.00678447410401019,-0.0629195079695377));
#13349=CARTESIAN_POINT('',(0.0219575392868669,0.00678447410401019,-0.0629195079695377));
#13350=CARTESIAN_POINT('',(0.0224541919973231,0.00609127873325495,-0.0629195079695377));
#13351=CARTESIAN_POINT('',(0.0226189582993702,0.00515681842021648,-0.0629195079695377));
#13352=CARTESIAN_POINT('',(0.0207594528905531,0.00783897843711154,-0.0629195079695377));
#13353=CARTESIAN_POINT('',(0.0207594528905531,0.00783897843711154,-0.0639195079695377));
#13354=CARTESIAN_POINT('',(0.0212270753477915,0.00759810579554747,-0.0629195079695377));
#13355=CARTESIAN_POINT('',(0.0212270753477915,0.00759810579554747,-0.0639195079695377));
#13356=CARTESIAN_POINT('',(0.0216264374798961,0.00724660435118035,-0.0629195079695377));
#13357=CARTESIAN_POINT('',(0.0216264374798961,0.00724660435118035,-0.0639195079695377));
#13358=CARTESIAN_POINT('',(0.0219575392868669,0.00678447410401019,-0.0629195079695377));
#13359=CARTESIAN_POINT('',(0.0219575392868669,0.00678447410401019,-0.0639195079695377));
#13360=CARTESIAN_POINT('',(0.0207594528905531,0.00783897843711154,-0.0639195079695377));
#13361=CARTESIAN_POINT('',(0.0214608865764107,0.00747766947476543,-0.0639195079695377));
#13362=CARTESIAN_POINT('',(0.0219575392868669,0.00678447410401019,-0.0639195079695377));
#13363=CARTESIAN_POINT('',(0.0207594528905531,0.00783897843711154,-0.0639195079695377));
#13364=CARTESIAN_POINT('',(0.0207594528905531,0.00783897843711154,-0.0629195079695377));
#13365=CARTESIAN_POINT('',(0.0207594528905531,0.00783897843711154,-0.0629195079695377));
#13366=CARTESIAN_POINT('',(0.0207594528905531,0.00783897843711154,-0.0629195079695377));
#13367=CARTESIAN_POINT('',(0.0214608865764107,0.00747766947476543,-0.0629195079695377));
#13368=CARTESIAN_POINT('',(0.0219575392868669,0.00678447410401019,-0.0629195079695377));
#13369=CARTESIAN_POINT('',(0.0192894181180131,0.00503703366544656,-0.0629195079695377));
#13370=CARTESIAN_POINT('',(0.0192894181180131,0.00503703366544656,-0.0639195079695377));
#13371=CARTESIAN_POINT('',(0.0192906789980191,0.00820028739945765,-0.0639195079695377));
#13372=CARTESIAN_POINT('',(0.0192906789980191,0.00820028739945765,-0.0629195079695377));
#13373=CARTESIAN_POINT('',(0.0192906789980191,0.00820028739945765,-0.0629195079695377));
#13374=CARTESIAN_POINT('',(0.0192894181180131,0.00503703366544656,-0.0629195079695377));
#13375=CARTESIAN_POINT('',(0.017625362445186,0.00756005262578897,-0.0629195079695377));
#13376=CARTESIAN_POINT('',(0.017625362445186,0.00756005262578897,-0.0639195079695377));
#13377=CARTESIAN_POINT('',(0.01806238544633,0.00798687580823476,-0.0629195079695377));
#13378=CARTESIAN_POINT('',(0.01806238544633,0.00798687580823476,-0.0639195079695377));
#13379=CARTESIAN_POINT('',(0.018617490963941,0.00820028739945765,-0.0629195079695377));
#13380=CARTESIAN_POINT('',(0.018617490963941,0.00820028739945765,-0.0639195079695377));
#13381=CARTESIAN_POINT('',(0.0192906789980191,0.00820028739945765,-0.0629195079695377));
#13382=CARTESIAN_POINT('',(0.0192906789980191,0.00820028739945765,-0.0639195079695377));
#13383=CARTESIAN_POINT('',(0.017625362445186,0.00756005262578897,-0.0639195079695377));
#13384=CARTESIAN_POINT('',(0.018280896946902,0.00820028739945765,-0.0639195079695377));
#13385=CARTESIAN_POINT('',(0.0192906789980191,0.00820028739945765,-0.0639195079695377));
#13386=CARTESIAN_POINT('',(0.017625362445186,0.00756005262578897,-0.0639195079695377));
#13387=CARTESIAN_POINT('',(0.017625362445186,0.00756005262578897,-0.0629195079695377));
#13388=CARTESIAN_POINT('',(0.017625362445186,0.00756005262578897,-0.0629195079695377));
#13389=CARTESIAN_POINT('',(0.017625362445186,0.00756005262578897,-0.0629195079695377));
#13390=CARTESIAN_POINT('',(0.018280896946902,0.00820028739945765,-0.0629195079695377));
#13391=CARTESIAN_POINT('',(0.0192906789980191,0.00820028739945765,-0.0629195079695377));
#13392=CARTESIAN_POINT('',(0.0240359484969751,0.00515681842021648,-0.0629195079695377));
#13393=CARTESIAN_POINT('',(0.0240359484969751,0.00515681842021648,-0.0639195079695377));
#13394=CARTESIAN_POINT('',(0.0238853050208178,0.00600104956784821,-0.0629195079695377));
#13395=CARTESIAN_POINT('',(0.0238853050208178,0.00600104956784821,-0.0639195079695377));
#13396=CARTESIAN_POINT('',(0.0235816642641882,0.00674210562634094,-0.0629195079695377));
#13397=CARTESIAN_POINT('',(0.0235816642641882,0.00674210562634094,-0.0639195079695377));
#13398=CARTESIAN_POINT('',(0.0231250262270863,0.00737998659569466,-0.0629195079695377));
#13399=CARTESIAN_POINT('',(0.0231250262270863,0.00737998659569466,-0.0639195079695377));
#13400=CARTESIAN_POINT('',(0.0240359484969751,0.00515681842021648,-0.0629195079695377));
#13401=CARTESIAN_POINT('',(0.0240359484969751,0.00515681842021648,-0.0629195079695377));
#13402=CARTESIAN_POINT('',(0.0240359484969751,0.00515681842021648,-0.0629195079695377));
#13403=CARTESIAN_POINT('',(0.0238099832827391,0.00642316514166408,-0.0629195079695377));
#13404=CARTESIAN_POINT('',(0.0231250262270863,0.00737998659569466,-0.0629195079695377));
#13405=CARTESIAN_POINT('',(0.0231250262270863,0.00737998659569466,-0.0629195079695377));
#13406=CARTESIAN_POINT('',(0.0231250262270863,0.00737998659569466,-0.0629195079695377));
#13407=CARTESIAN_POINT('',(0.0192621567155843,0.00422639434548286,-0.0629195079695378));
#13408=CARTESIAN_POINT('',(0.0241253930609436,0.00423883473738272,-0.0629195079695377));
#13409=CARTESIAN_POINT('',(0.0241253930609436,0.00423883473738272,-0.0629195079695377));
#13410=CARTESIAN_POINT('',(0.0192621567155843,0.00422639434548286,-0.0629195079695377));
#13411=CARTESIAN_POINT('',(0.0237111235015109,0.00246053557743167,-0.0629195079695377));
#13412=CARTESIAN_POINT('',(0.0237111235015109,0.00246053557743167,-0.0639195079695377));
#13413=CARTESIAN_POINT('',(0.0239873032077994,0.00297288031665427,-0.0629195079695377));
#13414=CARTESIAN_POINT('',(0.0239873032077994,0.00297288031665427,-0.0639195079695377));
#13415=CARTESIAN_POINT('',(0.0241253930609436,0.00356564670330462,-0.0629195079695377));
#13416=CARTESIAN_POINT('',(0.0241253930609436,0.00356564670330462,-0.0639195079695377));
#13417=CARTESIAN_POINT('',(0.0241253930609436,0.00423883473738272,-0.0629195079695377));
#13418=CARTESIAN_POINT('',(0.0241253930609436,0.00423883473738272,-0.0639195079695377));
#13419=CARTESIAN_POINT('',(0.0237111235015109,0.00246053557743167,-0.0629195079695377));
#13420=CARTESIAN_POINT('',(0.0237111235015109,0.00246053557743167,-0.0629195079695377));
#13421=CARTESIAN_POINT('',(0.0237111235015109,0.00246053557743167,-0.0629195079695377));
#13422=CARTESIAN_POINT('',(0.0241253930609436,0.00322905268626557,-0.0629195079695377));
#13423=CARTESIAN_POINT('',(0.0241253930609436,0.00423883473738272,-0.0629195079695377));
#13424=CARTESIAN_POINT('',(0.0225589362893388,0.00127774890916509,-0.0629195079695377));
#13425=CARTESIAN_POINT('',(0.0225589362893388,0.00127774890916509,-0.0639195079695377));
#13426=CARTESIAN_POINT('',(0.0230508813911651,0.00155392861545354,-0.0629195079695377));
#13427=CARTESIAN_POINT('',(0.0230508813911651,0.00155392861545354,-0.0639195079695377));
#13428=CARTESIAN_POINT('',(0.0234349437952225,0.00194819083820907,-0.0629195079695377));
#13429=CARTESIAN_POINT('',(0.0234349437952225,0.00194819083820907,-0.0639195079695377));
#13430=CARTESIAN_POINT('',(0.0237111235015109,0.00246053557743167,-0.0629195079695377));
#13431=CARTESIAN_POINT('',(0.0237111235015109,0.00246053557743167,-0.0639195079695377));
#13432=CARTESIAN_POINT('',(0.0225589362893388,0.00127774890916509,-0.0629195079695377));
#13433=CARTESIAN_POINT('',(0.0225589362893388,0.00127774890916509,-0.0629195079695377));
#13434=CARTESIAN_POINT('',(0.0225589362893388,0.00127774890916509,-0.0629195079695377));
#13435=CARTESIAN_POINT('',(0.0232968539420783,0.00169201846859776,-0.0629195079695377));
#13436=CARTESIAN_POINT('',(0.0237111235015109,0.00246053557743167,-0.0629195079695377));
#13437=CARTESIAN_POINT('',(0.0208583126717813,0.000863479349732419,-0.0629195079695377));
#13438=CARTESIAN_POINT('',(0.0208583126717813,0.000863479349732419,-0.0639195079695377));
#13439=CARTESIAN_POINT('',(0.0215001166483267,0.000863479349732418,-0.0629195079695377));
#13440=CARTESIAN_POINT('',(0.0215001166483267,0.000863479349732418,-0.0639195079695377));
#13441=CARTESIAN_POINT('',(0.0220669911875125,0.00100156920287664,-0.0629195079695377));
#13442=CARTESIAN_POINT('',(0.0220669911875125,0.00100156920287664,-0.0639195079695377));
#13443=CARTESIAN_POINT('',(0.0225589362893388,0.00127774890916509,-0.0629195079695377));
#13444=CARTESIAN_POINT('',(0.0225589362893388,0.00127774890916509,-0.0639195079695377));
#13445=CARTESIAN_POINT('',(0.0208583126717813,0.000863479349732419,-0.0629195079695377));
#13446=CARTESIAN_POINT('',(0.0208583126717813,0.000863479349732419,-0.0629195079695377));
#13447=CARTESIAN_POINT('',(0.0208583126717813,0.000863479349732419,-0.0629195079695377));
#13448=CARTESIAN_POINT('',(0.0218210186365993,0.000863479349732418,-0.0629195079695377));
#13449=CARTESIAN_POINT('',(0.0225589362893388,0.00127774890916509,-0.0629195079695377));
#13450=CARTESIAN_POINT('',(0.0188987705795785,0.00133894782135401,-0.0629195079695377));
#13451=CARTESIAN_POINT('',(0.0188987705795785,0.00133894782135401,-0.0639195079695377));
#13452=CARTESIAN_POINT('',(0.0194911446655097,0.00102196884027295,-0.0629195079695377));
#13453=CARTESIAN_POINT('',(0.0194911446655097,0.00102196884027295,-0.0639195079695377));
#13454=CARTESIAN_POINT('',(0.0201443253629107,0.000863479349732419,-0.0629195079695377));
#13455=CARTESIAN_POINT('',(0.0201443253629107,0.000863479349732419,-0.0639195079695377));
#13456=CARTESIAN_POINT('',(0.0208583126717813,0.000863479349732419,-0.0629195079695377));
#13457=CARTESIAN_POINT('',(0.0208583126717813,0.000863479349732419,-0.0639195079695377));
#13458=CARTESIAN_POINT('',(0.0188987705795785,0.00133894782135401,-0.0629195079695377));
#13459=CARTESIAN_POINT('',(0.0188987705795785,0.00133894782135401,-0.0629195079695377));
#13460=CARTESIAN_POINT('',(0.0188987705795785,0.00133894782135401,-0.0629195079695377));
#13461=CARTESIAN_POINT('',(0.0197873317084753,0.000863479349732419,-0.0629195079695377));
#13462=CARTESIAN_POINT('',(0.0208583126717813,0.000863479349732419,-0.0629195079695377));
#13463=CARTESIAN_POINT('',(0.017482957284131,0.00255115704355757,-0.0629195079695377));
#13464=CARTESIAN_POINT('',(0.017482957284131,0.00255115704355757,-0.0639195079695377));
#13465=CARTESIAN_POINT('',(0.0178344587284982,0.00205999654316959,-0.0629195079695377));
#13466=CARTESIAN_POINT('',(0.0178344587284982,0.00205999654316959,-0.0639195079695377));
#13467=CARTESIAN_POINT('',(0.0183063964936473,0.00165592680243507,-0.0629195079695377));
#13468=CARTESIAN_POINT('',(0.0183063964936473,0.00165592680243507,-0.0639195079695377));
#13469=CARTESIAN_POINT('',(0.0188987705795785,0.00133894782135401,-0.0629195079695377));
#13470=CARTESIAN_POINT('',(0.0188987705795785,0.00133894782135401,-0.0639195079695377));
#13471=CARTESIAN_POINT('',(0.017482957284131,0.00255115704355757,-0.0629195079695377));
#13472=CARTESIAN_POINT('',(0.017482957284131,0.00255115704355757,-0.0629195079695377));
#13473=CARTESIAN_POINT('',(0.017482957284131,0.00255115704355757,-0.0629195079695377));
#13474=CARTESIAN_POINT('',(0.0180102094506817,0.0018144162929756,-0.0629195079695377));
#13475=CARTESIAN_POINT('',(0.0188987705795785,0.00133894782135401,-0.0629195079695377));
#13476=CARTESIAN_POINT('',(0.0176265393473435,0.00177557852177879,-0.0629195079695377));
#13477=CARTESIAN_POINT('',(0.017770121410556,0.001,-0.0629195079695377));
#13478=CARTESIAN_POINT('',(0.017770121410556,0.001,-0.0629195079695377));
#13479=CARTESIAN_POINT('',(0.0176265393473435,0.00177557852177879,-0.0629195079695377));
#13480=CARTESIAN_POINT('',(0.0170769260398008,0.001,-0.0629195079695377));
#13481=CARTESIAN_POINT('',(0.0163837306690455,0.001,-0.0629195079695377));
#13482=CARTESIAN_POINT('',(0.0163837306690455,0.001,-0.0629195079695377));
#13483=CARTESIAN_POINT('',(0.0170769260398008,0.001,-0.0629195079695377));
#13484=CARTESIAN_POINT('',(0.0153963097589205,0.00657380861782142,-0.0629195079695377));
#13485=CARTESIAN_POINT('',(0.0144088888487954,0.0121476172356428,-0.0629195079695377));
#13486=CARTESIAN_POINT('',(0.0144088888487954,0.0121476172356428,-0.0629195079695377));
#13487=CARTESIAN_POINT('',(0.0153963097589205,0.00657380861782142,-0.0629195079695377));
#13488=CARTESIAN_POINT('',(0.0151020842195507,0.0121476172356428,-0.0629195079695377));
#13489=CARTESIAN_POINT('',(0.0157952795903059,0.0121476172356428,-0.0629195079695377));
#13490=CARTESIAN_POINT('',(0.0157952795903059,0.0121476172356428,-0.0629195079695377));
#13491=CARTESIAN_POINT('',(0.0151020842195507,0.0121476172356428,-0.0629195079695377));
#13492=CARTESIAN_POINT('',(0.0161801265958016,0.00996328683136146,-0.0629195079695377));
#13493=CARTESIAN_POINT('',(0.0165649736012973,0.0077789564270801,-0.0629195079695377));
#13494=CARTESIAN_POINT('',(0.0165649736012973,0.0077789564270801,-0.0629195079695377));
#13495=CARTESIAN_POINT('',(0.0161801265958016,0.00996328683136146,-0.0629195079695377));
#13496=CARTESIAN_POINT('',(0.0176336007602884,0.00894644336729945,-0.0629195079695377));
#13497=CARTESIAN_POINT('',(0.0176336007602884,0.00894644336729945,-0.0639195079695377));
#13498=CARTESIAN_POINT('',(0.0171314558397639,0.0086498640236147,-0.0629195079695377));
#13499=CARTESIAN_POINT('',(0.0171314558397639,0.0086498640236147,-0.0639195079695377));
#13500=CARTESIAN_POINT('',(0.0167752467867669,0.00826070171020825,-0.0629195079695377));
#13501=CARTESIAN_POINT('',(0.0167752467867669,0.00826070171020825,-0.0639195079695377));
#13502=CARTESIAN_POINT('',(0.0165649736012973,0.0077789564270801,-0.0629195079695377));
#13503=CARTESIAN_POINT('',(0.0165649736012973,0.0077789564270801,-0.0639195079695377));
#13504=CARTESIAN_POINT('',(0.0176336007602884,0.00894644336729945,-0.0629195079695377));
#13505=CARTESIAN_POINT('',(0.0176336007602884,0.00894644336729945,-0.0629195079695377));
#13506=CARTESIAN_POINT('',(0.0176336007602884,0.00894644336729945,-0.0629195079695377));
#13507=CARTESIAN_POINT('',(0.0168803833795017,0.00850157435177232,-0.0629195079695377));
#13508=CARTESIAN_POINT('',(0.0165649736012973,0.0077789564270801,-0.0629195079695377));
#13509=CARTESIAN_POINT('',(0.0193354012800033,0.00939131238282658,-0.0629195079695377));
#13510=CARTESIAN_POINT('',(0.0193354012800033,0.00939131238282658,-0.0639195079695377));
#13511=CARTESIAN_POINT('',(0.0187030125207178,0.00939131238282658,-0.0629195079695377));
#13512=CARTESIAN_POINT('',(0.0187030125207178,0.00939131238282658,-0.0639195079695377));
#13513=CARTESIAN_POINT('',(0.0181357456808129,0.0092430227109842,-0.0629195079695377));
#13514=CARTESIAN_POINT('',(0.0181357456808129,0.0092430227109842,-0.0639195079695377));
#13515=CARTESIAN_POINT('',(0.0176336007602884,0.00894644336729945,-0.0629195079695377));
#13516=CARTESIAN_POINT('',(0.0176336007602884,0.00894644336729945,-0.0639195079695377));
#13517=CARTESIAN_POINT('',(0.0193354012800033,0.00939131238282658,-0.0629195079695377));
#13518=CARTESIAN_POINT('',(0.0193354012800033,0.00939131238282658,-0.0629195079695377));
#13519=CARTESIAN_POINT('',(0.0193354012800033,0.00939131238282658,-0.0629195079695377));
#13520=CARTESIAN_POINT('',(0.0183868181410751,0.00939131238282658,-0.0629195079695377));
#13521=CARTESIAN_POINT('',(0.0176336007602884,0.00894644336729945,-0.0629195079695377));
#13522=CARTESIAN_POINT('',(0.0193469484237668,0.00495474316075944,-0.0629195079695377));
#13523=CARTESIAN_POINT('',(0.0214455868483635,0.00886406021627591,-0.0629195079695377));
#13524=CARTESIAN_POINT('',(0.0214455868483635,0.00886406021627591,-0.0629195079695377));
#13525=CARTESIAN_POINT('',(0.0193469484237668,0.00495474316075944,-0.0629195079695377));
#13526=CARTESIAN_POINT('',(0.0231250262270863,0.00737998659569466,-0.0629195079695377));
#13527=CARTESIAN_POINT('',(0.0231250262270863,0.00737998659569466,-0.0639195079695377));
#13528=CARTESIAN_POINT('',(0.0226683881899844,0.00801786756504837,-0.0629195079695377));
#13529=CARTESIAN_POINT('',(0.0226683881899844,0.00801786756504837,-0.0639195079695377));
#13530=CARTESIAN_POINT('',(0.0221085750637434,0.00851255877190879,-0.0629195079695377));
#13531=CARTESIAN_POINT('',(0.0221085750637434,0.00851255877190879,-0.0639195079695377));
#13532=CARTESIAN_POINT('',(0.0214455868483635,0.00886406021627591,-0.0629195079695377));
#13533=CARTESIAN_POINT('',(0.0214455868483635,0.00886406021627591,-0.0639195079695377));
#13534=CARTESIAN_POINT('',(0.0231250262270863,0.00737998659569466,-0.0629195079695377));
#13535=CARTESIAN_POINT('',(0.0224400691714334,0.00833680804972523,-0.0629195079695377));
#13536=CARTESIAN_POINT('',(0.0214455868483635,0.00886406021627591,-0.0629195079695377));
#13537=CARTESIAN_POINT('',(0.0169698279434702,0.00582059123703474,-0.0629195079695377));
#13538=CARTESIAN_POINT('',(0.0169698279434702,0.00582059123703474,-0.0639195079695377));
#13539=CARTESIAN_POINT('',(0.0169698279434702,0.00655340898042511,-0.0629195079695377));
#13540=CARTESIAN_POINT('',(0.0169698279434702,0.00655340898042511,-0.0639195079695377));
#13541=CARTESIAN_POINT('',(0.0171883394440421,0.00713322944334319,-0.0629195079695377));
#13542=CARTESIAN_POINT('',(0.0171883394440421,0.00713322944334319,-0.0639195079695377));
#13543=CARTESIAN_POINT('',(0.017625362445186,0.00756005262578897,-0.0629195079695377));
#13544=CARTESIAN_POINT('',(0.017625362445186,0.00756005262578897,-0.0639195079695377));
#13545=CARTESIAN_POINT('',(0.0169698279434702,0.00582059123703474,-0.0639195079695377));
#13546=CARTESIAN_POINT('',(0.0169698279434702,0.0069198178521203,-0.0639195079695377));
#13547=CARTESIAN_POINT('',(0.017625362445186,0.00756005262578897,-0.0639195079695377));
#13548=CARTESIAN_POINT('',(0.0169698279434702,0.00582059123703474,-0.0629195079695377));
#13549=CARTESIAN_POINT('',(0.0169698279434702,0.0069198178521203,-0.0629195079695377));
#13550=CARTESIAN_POINT('',(0.017625362445186,0.00756005262578897,-0.0629195079695377));
#13551=CARTESIAN_POINT('',(0.0449766300941353,0.0155,-0.0629195079695377));
#13552=CARTESIAN_POINT('',(0.0111794693286726,0.00773423414509589,-0.0629195079695377));
#13553=CARTESIAN_POINT('',(0.0104333133608307,0.0115003210490293,-0.0629195079695377));
#13554=CARTESIAN_POINT('',(0.0104333133608307,0.0115003210490293,-0.0629195079695377));
#13555=CARTESIAN_POINT('',(0.0111794693286726,0.00773423414509589,-0.0629195079695377));
#13556=CARTESIAN_POINT('',(0.0119256252965144,0.0039681472411625,-0.0629195079695377));
#13557=CARTESIAN_POINT('',(0.0119256252965144,0.0039681472411625,-0.0629195079695377));
#13558=CARTESIAN_POINT('',(0.0111641696006253,0.0115003210490293,-0.0629195079695377));
#13559=CARTESIAN_POINT('',(0.0118950258404199,0.0115003210490293,-0.0629195079695377));
#13560=CARTESIAN_POINT('',(0.0118950258404199,0.0115003210490293,-0.0629195079695377));
#13561=CARTESIAN_POINT('',(0.0111641696006253,0.0115003210490293,-0.0629195079695377));
#13562=CARTESIAN_POINT('',(0.012482300017002,0.00773423414509589,-0.0629195079695377));
#13563=CARTESIAN_POINT('',(0.0130695741935841,0.0039681472411625,-0.0629195079695377));
#13564=CARTESIAN_POINT('',(0.0130695741935841,0.0039681472411625,-0.0629195079695377));
#13565=CARTESIAN_POINT('',(0.012482300017002,0.00773423414509589,-0.0629195079695377));
#13566=CARTESIAN_POINT('',(0.0124975997450492,0.0039681472411625,-0.0629195079695377));
#13567=CARTESIAN_POINT('',(0.0124975997450492,0.0039681472411625,-0.0629195079695377));
#13568=CARTESIAN_POINT('',(0.0449766300941353,0.0155,-0.0629195079695377));
#13569=CARTESIAN_POINT('',(0.0129801296296157,0.000910555436031586,-0.0629195079695377));
#13570=CARTESIAN_POINT('',(0.0129801296296157,0.000910555436031586,-0.0639195079695377));
#13571=CARTESIAN_POINT('',(0.0132108024524816,0.000910555436031586,-0.0629195079695377));
#13572=CARTESIAN_POINT('',(0.0132108024524816,0.000910555436031586,-0.0639195079695377));
#13573=CARTESIAN_POINT('',(0.0133991067976783,0.000980777264761177,-0.0629195079695377));
#13574=CARTESIAN_POINT('',(0.0133991067976783,0.000980777264761177,-0.0639195079695377));
#13575=CARTESIAN_POINT('',(0.0135450426652057,0.00112122092222036,-0.0629195079695377));
#13576=CARTESIAN_POINT('',(0.0135450426652057,0.00112122092222036,-0.0639195079695377));
#13577=CARTESIAN_POINT('',(0.0129801296296157,0.000910555436031586,-0.0629195079695377));
#13578=CARTESIAN_POINT('',(0.0129801296296157,0.000910555436031586,-0.0629195079695377));
#13579=CARTESIAN_POINT('',(0.0129801296296157,0.000910555436031586,-0.0629195079695377));
#13580=CARTESIAN_POINT('',(0.0133261388639146,0.000910555436031586,-0.0629195079695377));
#13581=CARTESIAN_POINT('',(0.0135450426652057,0.00112122092222036,-0.0629195079695377));
#13582=CARTESIAN_POINT('',(0.0135450426652057,0.00112122092222036,-0.0629195079695377));
#13583=CARTESIAN_POINT('',(0.0135450426652057,0.00112122092222036,-0.0629195079695377));
#13584=CARTESIAN_POINT('',(0.0122116125207818,0.00123420352933836,-0.0629195079695377));
#13585=CARTESIAN_POINT('',(0.0122116125207818,0.00123420352933836,-0.0639195079695377));
#13586=CARTESIAN_POINT('',(0.0124320855249496,0.00101843813380051,-0.0629195079695377));
#13587=CARTESIAN_POINT('',(0.0124320855249496,0.00101843813380051,-0.0639195079695377));
#13588=CARTESIAN_POINT('',(0.0126882578945609,0.000910555436031586,-0.0629195079695377));
#13589=CARTESIAN_POINT('',(0.0126882578945609,0.000910555436031586,-0.0639195079695377));
#13590=CARTESIAN_POINT('',(0.0129801296296157,0.000910555436031586,-0.0629195079695377));
#13591=CARTESIAN_POINT('',(0.0129801296296157,0.000910555436031586,-0.0639195079695377));
#13592=CARTESIAN_POINT('',(0.0122116125207818,0.00123420352933836,-0.0629195079695377));
#13593=CARTESIAN_POINT('',(0.0122116125207818,0.00123420352933836,-0.0629195079695377));
#13594=CARTESIAN_POINT('',(0.0122116125207818,0.00123420352933836,-0.0629195079695377));
#13595=CARTESIAN_POINT('',(0.0125423220270334,0.000910555436031586,-0.0629195079695377));
#13596=CARTESIAN_POINT('',(0.0129801296296157,0.000910555436031586,-0.0629195079695377));
#13597=CARTESIAN_POINT('',(0.0118809030145301,0.00200978205111715,-0.0629195079695377));
#13598=CARTESIAN_POINT('',(0.0118809030145301,0.00200978205111715,-0.0639195079695377));
#13599=CARTESIAN_POINT('',(0.0118809030145301,0.00170849509880247,-0.0629195079695377));
#13600=CARTESIAN_POINT('',(0.0118809030145301,0.00170849509880247,-0.0639195079695377));
#13601=CARTESIAN_POINT('',(0.011991139516614,0.00144996892487621,-0.0629195079695377));
#13602=CARTESIAN_POINT('',(0.011991139516614,0.00144996892487621,-0.0639195079695377));
#13603=CARTESIAN_POINT('',(0.0122116125207818,0.00123420352933836,-0.0629195079695377));
#13604=CARTESIAN_POINT('',(0.0122116125207818,0.00123420352933836,-0.0639195079695377));
#13605=CARTESIAN_POINT('',(0.0118809030145301,0.00200978205111715,-0.0629195079695377));
#13606=CARTESIAN_POINT('',(0.0118809030145301,0.00200978205111715,-0.0629195079695377));
#13607=CARTESIAN_POINT('',(0.0118809030145301,0.00200978205111715,-0.0629195079695377));
#13608=CARTESIAN_POINT('',(0.0118809030145301,0.00155785162264513,-0.0629195079695377));
#13609=CARTESIAN_POINT('',(0.0122116125207818,0.00123420352933836,-0.0629195079695377));
#13610=CARTESIAN_POINT('',(0.0120915685007189,0.0025664567716048,-0.0629195079695377));
#13611=CARTESIAN_POINT('',(0.0120915685007189,0.0025664567716048,-0.0639195079695377));
#13612=CARTESIAN_POINT('',(0.0119511248432597,0.00242601311414562,-0.0629195079695377));
#13613=CARTESIAN_POINT('',(0.0119511248432597,0.00242601311414562,-0.0639195079695377));
#13614=CARTESIAN_POINT('',(0.0118809030145301,0.00224045487398306,-0.0629195079695377));
#13615=CARTESIAN_POINT('',(0.0118809030145301,0.00224045487398306,-0.0639195079695377));
#13616=CARTESIAN_POINT('',(0.0118809030145301,0.00200978205111715,-0.0629195079695377));
#13617=CARTESIAN_POINT('',(0.0118809030145301,0.00200978205111715,-0.0639195079695377));
#13618=CARTESIAN_POINT('',(0.0120915685007189,0.0025664567716048,-0.0629195079695377));
#13619=CARTESIAN_POINT('',(0.0120915685007189,0.0025664567716048,-0.0629195079695377));
#13620=CARTESIAN_POINT('',(0.0120915685007189,0.0025664567716048,-0.0629195079695377));
#13621=CARTESIAN_POINT('',(0.0118809030145301,0.00235579128541602,-0.0629195079695377));
#13622=CARTESIAN_POINT('',(0.0118809030145301,0.00200978205111715,-0.0629195079695377));
#13623=CARTESIAN_POINT('',(0.0126482432212066,0.00277712225779357,-0.0629195079695377));
#13624=CARTESIAN_POINT('',(0.0126482432212066,0.00277712225779357,-0.0639195079695377));
#13625=CARTESIAN_POINT('',(0.0124175703983407,0.00277712225779357,-0.0629195079695377));
#13626=CARTESIAN_POINT('',(0.0124175703983407,0.00277712225779357,-0.0639195079695377));
#13627=CARTESIAN_POINT('',(0.0122320121581781,0.00270690042906398,-0.0629195079695377));
#13628=CARTESIAN_POINT('',(0.0122320121581781,0.00270690042906398,-0.0639195079695377));
#13629=CARTESIAN_POINT('',(0.0120915685007189,0.0025664567716048,-0.0629195079695377));
#13630=CARTESIAN_POINT('',(0.0120915685007189,0.0025664567716048,-0.0639195079695377));
#13631=CARTESIAN_POINT('',(0.0126482432212066,0.00277712225779357,-0.0629195079695377));
#13632=CARTESIAN_POINT('',(0.0126482432212066,0.00277712225779357,-0.0629195079695377));
#13633=CARTESIAN_POINT('',(0.0126482432212066,0.00277712225779357,-0.0629195079695377));
#13634=CARTESIAN_POINT('',(0.0123022339869077,0.00277712225779357,-0.0629195079695377));
#13635=CARTESIAN_POINT('',(0.0120915685007189,0.0025664567716048,-0.0629195079695377));
#13636=CARTESIAN_POINT('',(0.0126587563308059,0.00169442075394767,-0.0629195079695377));
#13637=CARTESIAN_POINT('',(0.0134320600580877,0.0024534741644868,-0.0629195079695377));
#13638=CARTESIAN_POINT('',(0.0134320600580877,0.0024534741644868,-0.0629195079695377));
#13639=CARTESIAN_POINT('',(0.0126587563308059,0.00169442075394767,-0.0629195079695377));
#13640=CARTESIAN_POINT('',(0.0137639464664969,0.00167789564270802,-0.0629195079695377));
#13641=CARTESIAN_POINT('',(0.0137639464664969,0.00167789564270802,-0.0639195079695377));
#13642=CARTESIAN_POINT('',(0.0137639464664969,0.00197918259502269,-0.0629195079695377));
#13643=CARTESIAN_POINT('',(0.0137639464664969,0.00197918259502269,-0.0639195079695377));
#13644=CARTESIAN_POINT('',(0.0136533176636938,0.00223770876894895,-0.0629195079695377));
#13645=CARTESIAN_POINT('',(0.0136533176636938,0.00223770876894895,-0.0639195079695377));
#13646=CARTESIAN_POINT('',(0.0134320600580877,0.0024534741644868,-0.0629195079695377));
#13647=CARTESIAN_POINT('',(0.0134320600580877,0.0024534741644868,-0.0639195079695377));
#13648=CARTESIAN_POINT('',(0.0137639464664969,0.00167789564270802,-0.0629195079695377));
#13649=CARTESIAN_POINT('',(0.0137639464664969,0.00167789564270802,-0.0629195079695377));
#13650=CARTESIAN_POINT('',(0.0137639464664969,0.00167789564270802,-0.0629195079695377));
#13651=CARTESIAN_POINT('',(0.0137639464664969,0.00212982607118002,-0.0629195079695377));
#13652=CARTESIAN_POINT('',(0.0134320600580877,0.0024534741644868,-0.0629195079695377));
#13653=CARTESIAN_POINT('',(0.0135450426652057,0.00112122092222036,-0.0629195079695377));
#13654=CARTESIAN_POINT('',(0.0135450426652057,0.00112122092222036,-0.0639195079695377));
#13655=CARTESIAN_POINT('',(0.0136909785327331,0.00126166457967954,-0.0629195079695377));
#13656=CARTESIAN_POINT('',(0.0136909785327331,0.00126166457967954,-0.0639195079695377));
#13657=CARTESIAN_POINT('',(0.0137639464664969,0.00144722281984209,-0.0629195079695377));
#13658=CARTESIAN_POINT('',(0.0137639464664969,0.00144722281984209,-0.0639195079695377));
#13659=CARTESIAN_POINT('',(0.0137639464664969,0.00167789564270802,-0.0629195079695377));
#13660=CARTESIAN_POINT('',(0.0137639464664969,0.00167789564270802,-0.0639195079695377));
#13661=CARTESIAN_POINT('',(0.0135450426652057,0.00112122092222036,-0.0629195079695377));
#13662=CARTESIAN_POINT('',(0.0137639464664969,0.00133188640840913,-0.0629195079695377));
#13663=CARTESIAN_POINT('',(0.0137639464664969,0.00167789564270802,-0.0629195079695377));
#13664=CARTESIAN_POINT('',(0.0449766300941353,0.0155,-0.0629195079695377));
#13665=CARTESIAN_POINT('',(0.0255941669534776,0.00657380861782142,-0.0629195079695377));
#13666=CARTESIAN_POINT('',(0.02460792294551,0.0121476172356428,-0.0629195079695377));
#13667=CARTESIAN_POINT('',(0.02460792294551,0.0121476172356428,-0.0629195079695377));
#13668=CARTESIAN_POINT('',(0.0255941669534776,0.00657380861782142,-0.0629195079695377));
#13669=CARTESIAN_POINT('',(0.0265804109614452,0.001,-0.0629195079695377));
#13670=CARTESIAN_POINT('',(0.0265804109614452,0.001,-0.0629195079695377));
#13671=CARTESIAN_POINT('',(0.0252928800011629,0.0121476172356428,-0.0629195079695377));
#13672=CARTESIAN_POINT('',(0.0259778370568158,0.0121476172356428,-0.0629195079695377));
#13673=CARTESIAN_POINT('',(0.0259778370568158,0.0121476172356428,-0.0629195079695377));
#13674=CARTESIAN_POINT('',(0.0252928800011629,0.0121476172356428,-0.0629195079695377));
#13675=CARTESIAN_POINT('',(0.0269652579669408,0.00657380861782142,-0.0629195079695377));
#13676=CARTESIAN_POINT('',(0.0279526788770659,0.001,-0.0629195079695377));
#13677=CARTESIAN_POINT('',(0.0279526788770659,0.001,-0.0629195079695377));
#13678=CARTESIAN_POINT('',(0.0269652579669408,0.00657380861782142,-0.0629195079695377));
#13679=CARTESIAN_POINT('',(0.0272665449192555,0.001,-0.0629195079695377));
#13680=CARTESIAN_POINT('',(0.0272665449192555,0.001,-0.0629195079695377));
#13681=CARTESIAN_POINT('',(0.0449766300941353,0.0155,-0.0629195079695377));
#13682=CARTESIAN_POINT('',(0.0310102706821968,0.00768951186311168,-0.0629195079695377));
#13683=CARTESIAN_POINT('',(0.0310102706821968,0.00768951186311168,-0.0639195079695377));
#13684=CARTESIAN_POINT('',(0.0306775996723494,0.00823088685555211,-0.0629195079695377));
#13685=CARTESIAN_POINT('',(0.0306775996723494,0.00823088685555211,-0.0639195079695377));
#13686=CARTESIAN_POINT('',(0.0302601917071634,0.00865221782792965,-0.0629195079695377));
#13687=CARTESIAN_POINT('',(0.0302601917071634,0.00865221782792965,-0.0639195079695377));
#13688=CARTESIAN_POINT('',(0.0297580467866389,0.00895350478024432,-0.0629195079695377));
#13689=CARTESIAN_POINT('',(0.0297580467866389,0.00895350478024432,-0.0639195079695377));
#13690=CARTESIAN_POINT('',(0.0310102706821968,0.00768951186311168,-0.0629195079695377));
#13691=CARTESIAN_POINT('',(0.0310102706821968,0.00768951186311168,-0.0629195079695377));
#13692=CARTESIAN_POINT('',(0.0310102706821968,0.00768951186311168,-0.0629195079695377));
#13693=CARTESIAN_POINT('',(0.0305112641674256,0.00850157435177232,-0.0629195079695377));
#13694=CARTESIAN_POINT('',(0.0297580467866389,0.00895350478024432,-0.0629195079695377));
#13695=CARTESIAN_POINT('',(0.0297580467866389,0.00895350478024432,-0.0629195079695377));
#13696=CARTESIAN_POINT('',(0.0297580467866389,0.00895350478024432,-0.0629195079695377));
#13697=CARTESIAN_POINT('',(0.0308737500319292,0.00847215179783534,-0.0629195079695377));
#13698=CARTESIAN_POINT('',(0.0307372293816616,0.009254791732559,-0.0629195079695377));
#13699=CARTESIAN_POINT('',(0.0307372293816616,0.009254791732559,-0.0629195079695377));
#13700=CARTESIAN_POINT('',(0.0308737500319292,0.00847215179783534,-0.0629195079695377));
#13701=CARTESIAN_POINT('',(0.031423363339472,0.00925479173255899,-0.0629195079695377));
#13702=CARTESIAN_POINT('',(0.0321094972972824,0.00925479173255899,-0.0629195079695377));
#13703=CARTESIAN_POINT('',(0.0321094972972824,0.00925479173255899,-0.0629195079695377));
#13704=CARTESIAN_POINT('',(0.031423363339472,0.00925479173255899,-0.0629195079695377));
#13705=CARTESIAN_POINT('',(0.032840353537077,0.0051273958662795,-0.0629195079695377));
#13706=CARTESIAN_POINT('',(0.0335712097768715,0.001,-0.0629195079695377));
#13707=CARTESIAN_POINT('',(0.0335712097768715,0.001,-0.0629195079695377));
#13708=CARTESIAN_POINT('',(0.032840353537077,0.0051273958662795,-0.0629195079695377));
#13709=CARTESIAN_POINT('',(0.0328850758190612,0.001,-0.0629195079695377));
#13710=CARTESIAN_POINT('',(0.0321989418612508,0.001,-0.0629195079695377));
#13711=CARTESIAN_POINT('',(0.0321989418612508,0.001,-0.0629195079695377));
#13712=CARTESIAN_POINT('',(0.0328850758190612,0.001,-0.0629195079695377));
#13713=CARTESIAN_POINT('',(0.0317999720298654,0.0032443524143128,-0.0629195079695377));
#13714=CARTESIAN_POINT('',(0.0314010021984799,0.00548870482862561,-0.0629195079695377));
#13715=CARTESIAN_POINT('',(0.0314010021984799,0.00548870482862561,-0.0629195079695377));
#13716=CARTESIAN_POINT('',(0.0317999720298654,0.0032443524143128,-0.0629195079695377));
#13717=CARTESIAN_POINT('',(0.0304453576466068,0.00741764746473399,-0.0629195079695377));
#13718=CARTESIAN_POINT('',(0.0304453576466068,0.00741764746473399,-0.0639195079695377));
#13719=CARTESIAN_POINT('',(0.030922395321105,0.00703554656427242,-0.0629195079695377));
#13720=CARTESIAN_POINT('',(0.030922395321105,0.00703554656427242,-0.0639195079695377));
#13721=CARTESIAN_POINT('',(0.0312409435050627,0.00639256568556962,-0.0629195079695377));
#13722=CARTESIAN_POINT('',(0.0312409435050627,0.00639256568556962,-0.0639195079695377));
#13723=CARTESIAN_POINT('',(0.0314010021984799,0.00548870482862561,-0.0629195079695377));
#13724=CARTESIAN_POINT('',(0.0314010021984799,0.00548870482862561,-0.0639195079695377));
#13725=CARTESIAN_POINT('',(0.0304453576466068,0.00741764746473399,-0.0629195079695377));
#13726=CARTESIAN_POINT('',(0.0304453576466068,0.00741764746473399,-0.0629195079695377));
#13727=CARTESIAN_POINT('',(0.0304453576466068,0.00741764746473399,-0.0629195079695377));
#13728=CARTESIAN_POINT('',(0.0311609141583542,0.00684449611404163,-0.0629195079695377));
#13729=CARTESIAN_POINT('',(0.0314010021984799,0.00548870482862561,-0.0629195079695377));
#13730=CARTESIAN_POINT('',(0.0286588201715534,0.00799079881542635,-0.0629195079695377));
#13731=CARTESIAN_POINT('',(0.0286588201715534,0.00799079881542635,-0.0639195079695377));
#13732=CARTESIAN_POINT('',(0.0293728074804241,0.00799079881542635,-0.0629195079695377));
#13733=CARTESIAN_POINT('',(0.0293728074804241,0.00799079881542635,-0.0639195079695377));
#13734=CARTESIAN_POINT('',(0.0299683199721086,0.00779974836519556,-0.0629195079695377));
#13735=CARTESIAN_POINT('',(0.0299683199721086,0.00779974836519556,-0.0639195079695377));
#13736=CARTESIAN_POINT('',(0.0304453576466068,0.00741764746473399,-0.0629195079695377));
#13737=CARTESIAN_POINT('',(0.0304453576466068,0.00741764746473399,-0.0639195079695377));
#13738=CARTESIAN_POINT('',(0.0286588201715534,0.00799079881542635,-0.0629195079695377));
#13739=CARTESIAN_POINT('',(0.0286588201715534,0.00799079881542635,-0.0629195079695377));
#13740=CARTESIAN_POINT('',(0.0286588201715534,0.00799079881542635,-0.0629195079695377));
#13741=CARTESIAN_POINT('',(0.0297298011348595,0.00799079881542635,-0.0629195079695377));
#13742=CARTESIAN_POINT('',(0.0304453576466068,0.00741764746473399,-0.0629195079695377));
#13743=CARTESIAN_POINT('',(0.0284787541414591,0.00799079881542635,-0.0629195079695377));
#13744=CARTESIAN_POINT('',(0.0282986881113647,0.00799079881542635,-0.0629195079695377));
#13745=CARTESIAN_POINT('',(0.0282986881113647,0.00799079881542635,-0.0629195079695377));
#13746=CARTESIAN_POINT('',(0.0284787541414591,0.00799079881542635,-0.0629195079695377));
#13747=CARTESIAN_POINT('',(0.0281704057761996,0.00869811701207134,-0.0629195079695377));
#13748=CARTESIAN_POINT('',(0.0280421234410343,0.00940543520871633,-0.0629195079695377));
#13749=CARTESIAN_POINT('',(0.0280421234410343,0.00940543520871633,-0.0629195079695377));
#13750=CARTESIAN_POINT('',(0.0281704057761996,0.00869811701207134,-0.0629195079695377));
#13751=CARTESIAN_POINT('',(0.0297580467866389,0.00895350478024432,-0.0629195079695377));
#13752=CARTESIAN_POINT('',(0.0297580467866389,0.00895350478024432,-0.0639195079695377));
#13753=CARTESIAN_POINT('',(0.0292559018661145,0.00925479173255899,-0.0629195079695377));
#13754=CARTESIAN_POINT('',(0.0292559018661145,0.00925479173255899,-0.0639195079695377));
#13755=CARTESIAN_POINT('',(0.0286839274175796,0.00940543520871633,-0.0629195079695377));
#13756=CARTESIAN_POINT('',(0.0286839274175796,0.00940543520871633,-0.0639195079695377));
#13757=CARTESIAN_POINT('',(0.0280421234410343,0.00940543520871633,-0.0629195079695377));
#13758=CARTESIAN_POINT('',(0.0280421234410343,0.00940543520871633,-0.0639195079695377));
#13759=CARTESIAN_POINT('',(0.0297580467866389,0.00895350478024432,-0.0629195079695377));
#13760=CARTESIAN_POINT('',(0.0290048294058523,0.00940543520871633,-0.0629195079695377));
#13761=CARTESIAN_POINT('',(0.0280421234410343,0.00940543520871633,-0.0629195079695377));
#13762=CARTESIAN_POINT('',(0.0449766300941353,0.0155,-0.0629195079695377));
#13763=CARTESIAN_POINT('',(0.0394157058909132,0.00202390487700689,-0.0629195079695377));
#13764=CARTESIAN_POINT('',(0.0394157058909132,0.00202390487700689,-0.0639195079695377));
#13765=CARTESIAN_POINT('',(0.0387629174942314,0.00202390487700689,-0.0629195079695377));
#13766=CARTESIAN_POINT('',(0.0387629174942314,0.00202390487700689,-0.0639195079695377));
#13767=CARTESIAN_POINT('',(0.0381752510169301,0.00220240170422457,-0.0629195079695377));
#13768=CARTESIAN_POINT('',(0.0381752510169301,0.00220240170422457,-0.0639195079695377));
#13769=CARTESIAN_POINT('',(0.0376527064590093,0.00255939535865992,-0.0629195079695377));
#13770=CARTESIAN_POINT('',(0.0376527064590093,0.00255939535865992,-0.0639195079695377));
#13771=CARTESIAN_POINT('',(0.0394157058909132,0.00202390487700689,-0.0639195079695377));
#13772=CARTESIAN_POINT('',(0.0384365232958905,0.00202390487700689,-0.0639195079695377));
#13773=CARTESIAN_POINT('',(0.0376527064590093,0.00255939535865992,-0.0639195079695377));
#13774=CARTESIAN_POINT('',(0.0394157058909132,0.00202390487700689,-0.0639195079695377));
#13775=CARTESIAN_POINT('',(0.0376527064590093,0.00255939535865992,-0.0639195079695377));
#13776=CARTESIAN_POINT('',(0.0394157058909132,0.00202390487700689,-0.0629195079695377));
#13777=CARTESIAN_POINT('',(0.0394157058909132,0.00202390487700689,-0.0629195079695377));
#13778=CARTESIAN_POINT('',(0.0394157058909132,0.00202390487700689,-0.0629195079695377));
#13779=CARTESIAN_POINT('',(0.0384365232958905,0.00202390487700689,-0.0629195079695377));
#13780=CARTESIAN_POINT('',(0.0376527064590093,0.00255939535865992,-0.0629195079695377));
#13781=CARTESIAN_POINT('',(0.0376527064590093,0.00255939535865992,-0.0629195079695377));
#13782=CARTESIAN_POINT('',(0.0376527064590093,0.00255939535865992,-0.0629195079695377));
#13783=CARTESIAN_POINT('',(0.0410268849445021,0.00263471709673859,-0.0629195079695377));
#13784=CARTESIAN_POINT('',(0.0410268849445021,0.00263471709673859,-0.0639195079695377));
#13785=CARTESIAN_POINT('',(0.0406055539721246,0.00222750895025079,-0.0629195079695377));
#13786=CARTESIAN_POINT('',(0.0406055539721246,0.00222750895025079,-0.0639195079695377));
#13787=CARTESIAN_POINT('',(0.0400684942875949,0.00202390487700689,-0.0629195079695377));
#13788=CARTESIAN_POINT('',(0.0400684942875949,0.00202390487700689,-0.0639195079695377));
#13789=CARTESIAN_POINT('',(0.0394157058909132,0.00202390487700689,-0.0629195079695377));
#13790=CARTESIAN_POINT('',(0.0394157058909132,0.00202390487700689,-0.0639195079695377));
#13791=CARTESIAN_POINT('',(0.0410268849445021,0.00263471709673859,-0.0639195079695377));
#13792=CARTESIAN_POINT('',(0.0403948884859358,0.00202390487700689,-0.0639195079695377));
#13793=CARTESIAN_POINT('',(0.0394157058909132,0.00202390487700689,-0.0639195079695377));
#13794=CARTESIAN_POINT('',(0.0410268849445021,0.00263471709673859,-0.0639195079695377));
#13795=CARTESIAN_POINT('',(0.0410268849445021,0.00263471709673859,-0.0629195079695377));
#13796=CARTESIAN_POINT('',(0.0410268849445021,0.00263471709673859,-0.0629195079695377));
#13797=CARTESIAN_POINT('',(0.0410268849445021,0.00263471709673859,-0.0629195079695377));
#13798=CARTESIAN_POINT('',(0.0403948884859358,0.00202390487700689,-0.0629195079695377));
#13799=CARTESIAN_POINT('',(0.0394157058909132,0.00202390487700689,-0.0629195079695377));
#13800=CARTESIAN_POINT('',(0.0416588814030684,0.00435887875744559,-0.0629195079695377));
#13801=CARTESIAN_POINT('',(0.0416588814030684,0.00435887875744559,-0.0639195079695377));
#13802=CARTESIAN_POINT('',(0.0416588814030684,0.00361664579679539,-0.0629195079695377));
#13803=CARTESIAN_POINT('',(0.0416588814030684,0.00361664579679539,-0.0639195079695377));
#13804=CARTESIAN_POINT('',(0.0414482159168797,0.00304192524322639,-0.0629195079695377));
#13805=CARTESIAN_POINT('',(0.0414482159168797,0.00304192524322639,-0.0639195079695377));
#13806=CARTESIAN_POINT('',(0.0410268849445021,0.00263471709673859,-0.0629195079695377));
#13807=CARTESIAN_POINT('',(0.0410268849445021,0.00263471709673859,-0.0639195079695377));
#13808=CARTESIAN_POINT('',(0.0416588814030684,0.00435887875744559,-0.0639195079695377));
#13809=CARTESIAN_POINT('',(0.0416588814030684,0.00324552931647028,-0.0639195079695377));
#13810=CARTESIAN_POINT('',(0.0410268849445021,0.00263471709673859,-0.0639195079695377));
#13811=CARTESIAN_POINT('',(0.0416588814030684,0.00435887875744559,-0.0639195079695377));
#13812=CARTESIAN_POINT('',(0.0416588814030684,0.00435887875744559,-0.0629195079695377));
#13813=CARTESIAN_POINT('',(0.0416588814030684,0.00435887875744559,-0.0629195079695377));
#13814=CARTESIAN_POINT('',(0.0416588814030684,0.00435887875744559,-0.0629195079695377));
#13815=CARTESIAN_POINT('',(0.0416588814030684,0.00324552931647028,-0.0629195079695377));
#13816=CARTESIAN_POINT('',(0.0410268849445021,0.00263471709673859,-0.0629195079695377));
#13817=CARTESIAN_POINT('',(0.0372461920785517,0.00439404114764532,-0.0629195079695377));
#13818=CARTESIAN_POINT('',(0.0372461920785517,0.00439404114764532,-0.0639195079695377));
#13819=CARTESIAN_POINT('',(0.0412375504306909,0.00627252166550674,-0.0639195079695377));
#13820=CARTESIAN_POINT('',(0.0412375504306909,0.00627252166550674,-0.0629195079695377));
#13821=CARTESIAN_POINT('',(0.0412375504306909,0.00627252166550674,-0.0629195079695377));
#13822=CARTESIAN_POINT('',(0.0372461920785517,0.00439404114764532,-0.0629195079695377));
#13823=CARTESIAN_POINT('',(0.0400477023494794,0.00769657327605656,-0.0629195079695377));
#13824=CARTESIAN_POINT('',(0.0400477023494794,0.00769657327605656,-0.0639195079695377));
#13825=CARTESIAN_POINT('',(0.040560047088702,0.00734036422305953,-0.0629195079695377));
#13826=CARTESIAN_POINT('',(0.040560047088702,0.00734036422305953,-0.0639195079695377));
#13827=CARTESIAN_POINT('',(0.0409566631157725,0.00686568035287625,-0.0629195079695377));
#13828=CARTESIAN_POINT('',(0.0409566631157725,0.00686568035287625,-0.0639195079695377));
#13829=CARTESIAN_POINT('',(0.0412375504306909,0.00627252166550674,-0.0629195079695377));
#13830=CARTESIAN_POINT('',(0.0412375504306909,0.00627252166550674,-0.0639195079695377));
#13831=CARTESIAN_POINT('',(0.0400477023494794,0.00769657327605656,-0.0639195079695377));
#13832=CARTESIAN_POINT('',(0.0408162194583133,0.00716225969656101,-0.0639195079695377));
#13833=CARTESIAN_POINT('',(0.0412375504306909,0.00627252166550674,-0.0639195079695377));
#13834=CARTESIAN_POINT('',(0.0400477023494794,0.00769657327605656,-0.0639195079695377));
#13835=CARTESIAN_POINT('',(0.0400477023494794,0.00769657327605656,-0.0629195079695377));
#13836=CARTESIAN_POINT('',(0.0400477023494794,0.00769657327605656,-0.0629195079695377));
#13837=CARTESIAN_POINT('',(0.0400477023494794,0.00769657327605656,-0.0629195079695377));
#13838=CARTESIAN_POINT('',(0.0408162194583133,0.00716225969656101,-0.0629195079695377));
#13839=CARTESIAN_POINT('',(0.0412375504306909,0.00627252166550674,-0.0629195079695377));
#13840=CARTESIAN_POINT('',(0.0383000026456229,0.00823088685555211,-0.0629195079695377));
#13841=CARTESIAN_POINT('',(0.0383000026456229,0.00823088685555211,-0.0639195079695377));
#13842=CARTESIAN_POINT('',(0.0389527910423046,0.00823088685555211,-0.0629195079695377));
#13843=CARTESIAN_POINT('',(0.0389527910423046,0.00823088685555211,-0.0639195079695377));
#13844=CARTESIAN_POINT('',(0.0395353576102568,0.00805278232905359,-0.0629195079695377));
#13845=CARTESIAN_POINT('',(0.0395353576102568,0.00805278232905359,-0.0639195079695377));
#13846=CARTESIAN_POINT('',(0.0400477023494794,0.00769657327605656,-0.0629195079695377));
#13847=CARTESIAN_POINT('',(0.0400477023494794,0.00769657327605656,-0.0639195079695377));
#13848=CARTESIAN_POINT('',(0.0383000026456229,0.00823088685555211,-0.0639195079695377));
#13849=CARTESIAN_POINT('',(0.0392791852406455,0.00823088685555211,-0.0639195079695377));
#13850=CARTESIAN_POINT('',(0.0400477023494794,0.00769657327605656,-0.0639195079695377));
#13851=CARTESIAN_POINT('',(0.0383000026456229,0.00823088685555211,-0.0639195079695377));
#13852=CARTESIAN_POINT('',(0.0383000026456229,0.00823088685555211,-0.0629195079695377));
#13853=CARTESIAN_POINT('',(0.0383000026456229,0.00823088685555211,-0.0629195079695377));
#13854=CARTESIAN_POINT('',(0.0383000026456229,0.00823088685555211,-0.0629195079695377));
#13855=CARTESIAN_POINT('',(0.0392791852406455,0.00823088685555211,-0.0629195079695377));
#13856=CARTESIAN_POINT('',(0.0400477023494794,0.00769657327605656,-0.0629195079695377));
#13857=CARTESIAN_POINT('',(0.0366441013100497,0.00762125153797789,-0.0629195079695377));
#13858=CARTESIAN_POINT('',(0.0366441013100497,0.00762125153797789,-0.0639195079695377));
#13859=CARTESIAN_POINT('',(0.0370858319198235,0.00802767508302737,-0.0629195079695377));
#13860=CARTESIAN_POINT('',(0.0370858319198235,0.00802767508302737,-0.0639195079695377));
#13861=CARTESIAN_POINT('',(0.0376377990316812,0.00823088685555211,-0.0629195079695377));
#13862=CARTESIAN_POINT('',(0.0376377990316812,0.00823088685555211,-0.0639195079695377));
#13863=CARTESIAN_POINT('',(0.0383000026456229,0.00823088685555211,-0.0629195079695377));
#13864=CARTESIAN_POINT('',(0.0383000026456229,0.00823088685555211,-0.0639195079695377));
#13865=CARTESIAN_POINT('',(0.0366441013100497,0.00762125153797789,-0.0639195079695377));
#13866=CARTESIAN_POINT('',(0.0373066972247105,0.00823088685555211,-0.0639195079695377));
#13867=CARTESIAN_POINT('',(0.0383000026456229,0.00823088685555211,-0.0639195079695377));
#13868=CARTESIAN_POINT('',(0.0366441013100497,0.00762125153797789,-0.0639195079695377));
#13869=CARTESIAN_POINT('',(0.0366441013100497,0.00762125153797789,-0.0629195079695377));
#13870=CARTESIAN_POINT('',(0.0366441013100497,0.00762125153797789,-0.0629195079695377));
#13871=CARTESIAN_POINT('',(0.0366441013100497,0.00762125153797789,-0.0629195079695377));
#13872=CARTESIAN_POINT('',(0.0373066972247105,0.00823088685555211,-0.0629195079695377));
#13873=CARTESIAN_POINT('',(0.0383000026456229,0.00823088685555211,-0.0629195079695377));
#13874=CARTESIAN_POINT('',(0.0359815053953889,0.00586531351901895,-0.0629195079695377));
#13875=CARTESIAN_POINT('',(0.0359815053953889,0.00586531351901895,-0.0639195079695377));
#13876=CARTESIAN_POINT('',(0.0359815053953889,0.0066295153199421,-0.0629195079695377));
#13877=CARTESIAN_POINT('',(0.0359815053953889,0.0066295153199421,-0.0639195079695377));
#13878=CARTESIAN_POINT('',(0.0362023707002758,0.00721482799292841,-0.0629195079695377));
#13879=CARTESIAN_POINT('',(0.0362023707002758,0.00721482799292841,-0.0639195079695377));
#13880=CARTESIAN_POINT('',(0.0366441013100497,0.00762125153797789,-0.0629195079695377));
#13881=CARTESIAN_POINT('',(0.0366441013100497,0.00762125153797789,-0.0639195079695377));
#13882=CARTESIAN_POINT('',(0.0359815053953889,0.00586531351901895,-0.0639195079695377));
#13883=CARTESIAN_POINT('',(0.0359815053953889,0.00701161622040367,-0.0639195079695377));
#13884=CARTESIAN_POINT('',(0.0366441013100497,0.00762125153797789,-0.0639195079695377));
#13885=CARTESIAN_POINT('',(0.0359815053953889,0.00586531351901895,-0.0639195079695377));
#13886=CARTESIAN_POINT('',(0.0359815053953889,0.00586531351901895,-0.0629195079695377));
#13887=CARTESIAN_POINT('',(0.0359815053953889,0.00586531351901895,-0.0629195079695377));
#13888=CARTESIAN_POINT('',(0.0359815053953889,0.00586531351901895,-0.0629195079695377));
#13889=CARTESIAN_POINT('',(0.0359815053953889,0.00701161622040367,-0.0629195079695377));
#13890=CARTESIAN_POINT('',(0.0366441013100497,0.00762125153797789,-0.0629195079695377));
#13891=CARTESIAN_POINT('',(0.0401198623417288,0.00583749612000928,-0.0629195079695377));
#13892=CARTESIAN_POINT('',(0.0401198623417288,0.00583749612000928,-0.0639195079695377));
#13893=CARTESIAN_POINT('',(0.0364251975087585,0.00397520865410738,-0.0639195079695377));
#13894=CARTESIAN_POINT('',(0.0364251975087585,0.00397520865410738,-0.0629195079695377));
#13895=CARTESIAN_POINT('',(0.0364251975087585,0.00397520865410738,-0.0629195079695377));
#13896=CARTESIAN_POINT('',(0.0401198623417288,0.00583749612000928,-0.0629195079695377));
#13897=CARTESIAN_POINT('',(0.0395804721929602,0.000863479349732417,-0.0629195079695377));
#13898=CARTESIAN_POINT('',(0.0395804721929602,0.000863479349732417,-0.0639195079695377));
#13899=CARTESIAN_POINT('',(0.0402740598644346,0.000863479349732417,-0.0629195079695377));
#13900=CARTESIAN_POINT('',(0.0402740598644346,0.000863479349732417,-0.0639195079695377));
#13901=CARTESIAN_POINT('',(0.0408844797834471,0.00100666911222572,-0.0629195079695377));
#13902=CARTESIAN_POINT('',(0.0408844797834471,0.00100666911222572,-0.0639195079695377));
#13903=CARTESIAN_POINT('',(0.0414117319499979,0.00129304863721232,-0.0629195079695377));
#13904=CARTESIAN_POINT('',(0.0414117319499979,0.00129304863721232,-0.0639195079695377));
#13905=CARTESIAN_POINT('',(0.0395804721929602,0.000863479349732417,-0.0629195079695377));
#13906=CARTESIAN_POINT('',(0.0395804721929602,0.000863479349732417,-0.0629195079695377));
#13907=CARTESIAN_POINT('',(0.0395804721929602,0.000863479349732417,-0.0629195079695377));
#13908=CARTESIAN_POINT('',(0.0406208537001718,0.000863479349732417,-0.0629195079695377));
#13909=CARTESIAN_POINT('',(0.0414117319499979,0.00129304863721232,-0.0629195079695377));
#13910=CARTESIAN_POINT('',(0.0414117319499979,0.00129304863721232,-0.0629195079695377));
#13911=CARTESIAN_POINT('',(0.0414117319499979,0.00129304863721232,-0.0629195079695377));
#13912=CARTESIAN_POINT('',(0.0370348328263327,0.00154137499244043,-0.0629195079695377));
#13913=CARTESIAN_POINT('',(0.0370348328263327,0.00154137499244043,-0.0639195079695377));
#13914=CARTESIAN_POINT('',(0.0377982500258176,0.00108944456396842,-0.0629195079695377));
#13915=CARTESIAN_POINT('',(0.0377982500258176,0.00108944456396842,-0.0639195079695377));
#13916=CARTESIAN_POINT('',(0.0386467964813601,0.000863479349732417,-0.0629195079695377));
#13917=CARTESIAN_POINT('',(0.0386467964813601,0.000863479349732417,-0.0639195079695377));
#13918=CARTESIAN_POINT('',(0.0395804721929602,0.000863479349732417,-0.0629195079695377));
#13919=CARTESIAN_POINT('',(0.0395804721929602,0.000863479349732417,-0.0639195079695377));
#13920=CARTESIAN_POINT('',(0.0370348328263327,0.00154137499244043,-0.0629195079695377));
#13921=CARTESIAN_POINT('',(0.0370348328263327,0.00154137499244043,-0.0629195079695377));
#13922=CARTESIAN_POINT('',(0.0370348328263327,0.00154137499244043,-0.0629195079695377));
#13923=CARTESIAN_POINT('',(0.03817995862556,0.000863479349732417,-0.0629195079695377));
#13924=CARTESIAN_POINT('',(0.0395804721929602,0.000863479349732417,-0.0629195079695377));
#13925=CARTESIAN_POINT('',(0.0395397701851009,0.00581191233105497,-0.0629195079695377));
#13926=CARTESIAN_POINT('',(0.0352271111124447,0.00337969616242291,-0.0629195079695377));
#13927=CARTESIAN_POINT('',(0.0352271111124447,0.00337969616242291,-0.0629195079695377));
#13928=CARTESIAN_POINT('',(0.0395397701851009,0.00581191233105497,-0.0629195079695377));
#13929=CARTESIAN_POINT('',(0.0345645151977839,0.00594063525709761,-0.0629195079695377));
#13930=CARTESIAN_POINT('',(0.0345645151977839,0.00594063525709761,-0.0639195079695377));
#13931=CARTESIAN_POINT('',(0.0345645151977839,0.00500695954549746,-0.0629195079695377));
#13932=CARTESIAN_POINT('',(0.0345645151977839,0.00500695954549746,-0.0639195079695377));
#13933=CARTESIAN_POINT('',(0.0347853805026709,0.0041533131806059,-0.0629195079695377));
#13934=CARTESIAN_POINT('',(0.0347853805026709,0.0041533131806059,-0.0639195079695377));
#13935=CARTESIAN_POINT('',(0.0352271111124447,0.00337969616242291,-0.0629195079695377));
#13936=CARTESIAN_POINT('',(0.0352271111124447,0.00337969616242291,-0.0639195079695377));
#13937=CARTESIAN_POINT('',(0.0345645151977839,0.00594063525709761,-0.0629195079695377));
#13938=CARTESIAN_POINT('',(0.0345645151977839,0.00594063525709761,-0.0629195079695377));
#13939=CARTESIAN_POINT('',(0.0345645151977839,0.00594063525709761,-0.0629195079695377));
#13940=CARTESIAN_POINT('',(0.0345645151977839,0.00454012168969739,-0.0629195079695377));
#13941=CARTESIAN_POINT('',(0.0352271111124447,0.00337969616242291,-0.0629195079695377));
#13942=CARTESIAN_POINT('',(0.035009384213311,0.00775659528608799,-0.0629195079695377));
#13943=CARTESIAN_POINT('',(0.035009384213311,0.00775659528608799,-0.0639195079695377));
#13944=CARTESIAN_POINT('',(0.0347128048696263,0.00723954293823547,-0.0629195079695377));
#13945=CARTESIAN_POINT('',(0.0347128048696263,0.00723954293823547,-0.0639195079695377));
#13946=CARTESIAN_POINT('',(0.0345645151977839,0.00663422292857201,-0.0629195079695377));
#13947=CARTESIAN_POINT('',(0.0345645151977839,0.00663422292857201,-0.0639195079695377));
#13948=CARTESIAN_POINT('',(0.0345645151977839,0.00594063525709761,-0.0629195079695377));
#13949=CARTESIAN_POINT('',(0.0345645151977839,0.00594063525709761,-0.0639195079695377));
#13950=CARTESIAN_POINT('',(0.035009384213311,0.00775659528608799,-0.0629195079695377));
#13951=CARTESIAN_POINT('',(0.035009384213311,0.00775659528608799,-0.0629195079695377));
#13952=CARTESIAN_POINT('',(0.035009384213311,0.00775659528608799,-0.0629195079695377));
#13953=CARTESIAN_POINT('',(0.0345645151977839,0.00698101676430921,-0.0629195079695377));
#13954=CARTESIAN_POINT('',(0.0345645151977839,0.00594063525709761,-0.0629195079695377));
#13955=CARTESIAN_POINT('',(0.0376837488839276,0.00623135614966111,-0.0629195079695377));
#13956=CARTESIAN_POINT('',(0.0362592543045539,0.00896174309534668,-0.0629195079695377));
#13957=CARTESIAN_POINT('',(0.0362592543045539,0.00896174309534668,-0.0629195079695377));
#13958=CARTESIAN_POINT('',(0.0376837488839276,0.00623135614966111,-0.0629195079695377));
#13959=CARTESIAN_POINT('',(0.0381046368874813,0.00939131238282658,-0.0629195079695377));
#13960=CARTESIAN_POINT('',(0.0381046368874813,0.00939131238282658,-0.0639195079695377));
#13961=CARTESIAN_POINT('',(0.0374110492160069,0.00939131238282658,-0.0629195079695377));
#13962=CARTESIAN_POINT('',(0.0374110492160069,0.00939131238282658,-0.0639195079695377));
#13963=CARTESIAN_POINT('',(0.0367959216883645,0.00924812262033328,-0.0629195079695377));
#13964=CARTESIAN_POINT('',(0.0367959216883645,0.00924812262033328,-0.0639195079695377));
#13965=CARTESIAN_POINT('',(0.0362592543045539,0.00896174309534668,-0.0629195079695377));
#13966=CARTESIAN_POINT('',(0.0362592543045539,0.00896174309534668,-0.0639195079695377));
#13967=CARTESIAN_POINT('',(0.0381046368874813,0.00939131238282658,-0.0629195079695377));
#13968=CARTESIAN_POINT('',(0.0381046368874813,0.00939131238282658,-0.0629195079695377));
#13969=CARTESIAN_POINT('',(0.0381046368874813,0.00939131238282658,-0.0629195079695377));
#13970=CARTESIAN_POINT('',(0.0370642553802697,0.00939131238282658,-0.0629195079695377));
#13971=CARTESIAN_POINT('',(0.0362592543045539,0.00896174309534668,-0.0629195079695377));
#13972=CARTESIAN_POINT('',(0.0406432148411639,0.00871341674011857,-0.0629195079695377));
#13973=CARTESIAN_POINT('',(0.0406432148411639,0.00871341674011857,-0.0639195079695377));
#13974=CARTESIAN_POINT('',(0.039884505250309,0.00916534716859058,-0.0629195079695377));
#13975=CARTESIAN_POINT('',(0.039884505250309,0.00916534716859058,-0.0639195079695377));
#13976=CARTESIAN_POINT('',(0.0390383125990815,0.00939131238282658,-0.0629195079695377));
#13977=CARTESIAN_POINT('',(0.0390383125990815,0.00939131238282658,-0.0639195079695377));
#13978=CARTESIAN_POINT('',(0.0381046368874813,0.00939131238282658,-0.0629195079695377));
#13979=CARTESIAN_POINT('',(0.0381046368874813,0.00939131238282658,-0.0639195079695377));
#13980=CARTESIAN_POINT('',(0.0406432148411639,0.00871341674011857,-0.0629195079695377));
#13981=CARTESIAN_POINT('',(0.0406432148411639,0.00871341674011857,-0.0629195079695377));
#13982=CARTESIAN_POINT('',(0.0406432148411639,0.00871341674011857,-0.0629195079695377));
#13983=CARTESIAN_POINT('',(0.0395051504548816,0.00939131238282658,-0.0629195079695377));
#13984=CARTESIAN_POINT('',(0.0381046368874813,0.00939131238282658,-0.0629195079695377));
#13985=CARTESIAN_POINT('',(0.0381831802537545,0.00454831280106372,-0.0629195079695377));
#13986=CARTESIAN_POINT('',(0.0424285754140599,0.00686803415719121,-0.0629195079695377));
#13987=CARTESIAN_POINT('',(0.0424285754140599,0.00686803415719121,-0.0629195079695377));
#13988=CARTESIAN_POINT('',(0.0381831802537545,0.00454831280106372,-0.0629195079695377));
#13989=CARTESIAN_POINT('',(0.0430758716006734,0.00430003364957164,-0.0629195079695377));
#13990=CARTESIAN_POINT('',(0.0430758716006734,0.00430003364957164,-0.0639195079695377));
#13991=CARTESIAN_POINT('',(0.0430758716006734,0.00523370936117179,-0.0629195079695377));
#13992=CARTESIAN_POINT('',(0.0430758716006734,0.00523370936117179,-0.0639195079695377));
#13993=CARTESIAN_POINT('',(0.0428601062051355,0.00608970953037831,-0.0629195079695377));
#13994=CARTESIAN_POINT('',(0.0428601062051355,0.00608970953037831,-0.0639195079695377));
#13995=CARTESIAN_POINT('',(0.0424285754140599,0.00686803415719121,-0.0629195079695377));
#13996=CARTESIAN_POINT('',(0.0424285754140599,0.00686803415719121,-0.0639195079695377));
#13997=CARTESIAN_POINT('',(0.0430758716006734,0.00430003364957164,-0.0629195079695377));
#13998=CARTESIAN_POINT('',(0.0430758716006734,0.00430003364957164,-0.0629195079695377));
#13999=CARTESIAN_POINT('',(0.0430758716006734,0.00430003364957164,-0.0629195079695377));
#14000=CARTESIAN_POINT('',(0.0430758716006734,0.00570054721697186,-0.0629195079695377));
#14001=CARTESIAN_POINT('',(0.0424285754140599,0.00686803415719121,-0.0629195079695377));
#14002=CARTESIAN_POINT('',(0.0426392409002486,0.002498196446471,-0.0629195079695377));
#14003=CARTESIAN_POINT('',(0.0426392409002486,0.002498196446471,-0.0639195079695377));
#14004=CARTESIAN_POINT('',(0.0429303280338651,0.00301524879432353,-0.0629195079695377));
#14005=CARTESIAN_POINT('',(0.0429303280338651,0.00301524879432353,-0.0639195079695377));
#14006=CARTESIAN_POINT('',(0.0430758716006734,0.00361586119535707,-0.0629195079695377));
#14007=CARTESIAN_POINT('',(0.0430758716006734,0.00361586119535707,-0.0639195079695377));
#14008=CARTESIAN_POINT('',(0.0430758716006734,0.00430003364957164,-0.0629195079695377));
#14009=CARTESIAN_POINT('',(0.0430758716006734,0.00430003364957164,-0.0639195079695377));
#14010=CARTESIAN_POINT('',(0.0426392409002486,0.002498196446471,-0.0629195079695377));
#14011=CARTESIAN_POINT('',(0.0426392409002486,0.002498196446471,-0.0629195079695377));
#14012=CARTESIAN_POINT('',(0.0426392409002486,0.002498196446471,-0.0629195079695377));
#14013=CARTESIAN_POINT('',(0.0430758716006734,0.00327377496824979,-0.0629195079695377));
#14014=CARTESIAN_POINT('',(0.0430758716006734,0.00430003364957164,-0.0629195079695377));
#14015=CARTESIAN_POINT('',(0.0399783022305989,0.00398204729197625,-0.0629195079695377));
#14016=CARTESIAN_POINT('',(0.0399783022305989,0.00398204729197625,-0.0629195079695377));
#14017=CARTESIAN_POINT('',(0.0376527064590093,0.00255939535865992,-0.0629195079695377));
#14018=CARTESIAN_POINT('',(0.0376527064590093,0.00255939535865992,-0.0639195079695377));
#14019=CARTESIAN_POINT('',(0.0371301619010885,0.00291638901309527,-0.0629195079695377));
#14020=CARTESIAN_POINT('',(0.0371301619010885,0.00291638901309527,-0.0639195079695377));
#14021=CARTESIAN_POINT('',(0.0367209922510049,0.00338832677824443,-0.0629195079695377));
#14022=CARTESIAN_POINT('',(0.0367209922510049,0.00338832677824443,-0.0639195079695377));
#14023=CARTESIAN_POINT('',(0.0364251975087585,0.00397520865410738,-0.0629195079695377));
#14024=CARTESIAN_POINT('',(0.0364251975087585,0.00397520865410738,-0.0639195079695377));
#14025=CARTESIAN_POINT('',(0.0376527064590093,0.00255939535865992,-0.0639195079695377));
#14026=CARTESIAN_POINT('',(0.0368688896221281,0.00309488584031295,-0.0639195079695377));
#14027=CARTESIAN_POINT('',(0.0364251975087585,0.00397520865410738,-0.0639195079695377));
#14028=CARTESIAN_POINT('',(0.0376527064590093,0.00255939535865992,-0.0629195079695377));
#14029=CARTESIAN_POINT('',(0.0368688896221281,0.00309488584031295,-0.0629195079695377));
#14030=CARTESIAN_POINT('',(0.0364251975087585,0.00397520865410738,-0.0629195079695377));
#14031=CARTESIAN_POINT('',(0.0449766300941353,0.0155,-0.0629195079695377));
#14032=CARTESIAN_POINT('',(0.0451248582568447,0.0051273958662795,-0.0629195079695377));
#14033=CARTESIAN_POINT('',(0.0431064710567678,0.00925479173255899,-0.0629195079695377));
#14034=CARTESIAN_POINT('',(0.0431064710567678,0.00925479173255899,-0.0629195079695377));
#14035=CARTESIAN_POINT('',(0.0451248582568447,0.0051273958662795,-0.0629195079695377));
#14036=CARTESIAN_POINT('',(0.0471432454569215,0.001,-0.0629195079695377));
#14037=CARTESIAN_POINT('',(0.0471432454569215,0.001,-0.0629195079695377));
#14038=CARTESIAN_POINT('',(0.0437843666994759,0.00925479173255899,-0.0629195079695377));
#14039=CARTESIAN_POINT('',(0.0444622623421838,0.00925479173255899,-0.0629195079695377));
#14040=CARTESIAN_POINT('',(0.0444622623421838,0.00925479173255899,-0.0629195079695377));
#14041=CARTESIAN_POINT('',(0.0437843666994759,0.00925479173255899,-0.0629195079695377));
#14042=CARTESIAN_POINT('',(0.0460063579727966,0.00581235292193238,-0.0629195079695377));
#14043=CARTESIAN_POINT('',(0.0475504536034092,0.00236991411130576,-0.0629195079695377));
#14044=CARTESIAN_POINT('',(0.0475504536034092,0.00236991411130576,-0.0629195079695377));
#14045=CARTESIAN_POINT('',(0.0460063579727966,0.00581235292193238,-0.0629195079695377));
#14046=CARTESIAN_POINT('',(0.0479423620218498,0.00581235292193238,-0.0629195079695377));
#14047=CARTESIAN_POINT('',(0.0483342704402904,0.00925479173255899,-0.0629195079695377));
#14048=CARTESIAN_POINT('',(0.0483342704402904,0.00925479173255899,-0.0629195079695377));
#14049=CARTESIAN_POINT('',(0.0479423620218498,0.00581235292193238,-0.0629195079695377));
#14050=CARTESIAN_POINT('',(0.0490415886369354,0.00925479173255899,-0.0629195079695377));
#14051=CARTESIAN_POINT('',(0.0497489068335804,0.00925479173255899,-0.0629195079695377));
#14052=CARTESIAN_POINT('',(0.0497489068335804,0.00925479173255899,-0.0629195079695377));
#14053=CARTESIAN_POINT('',(0.0490415886369354,0.00925479173255899,-0.0629195079695377));
#14054=CARTESIAN_POINT('',(0.0513765625173741,0.00578999178094027,-0.0629195079695377));
#14055=CARTESIAN_POINT('',(0.0530042182011678,0.00232519182932155,-0.0629195079695377));
#14056=CARTESIAN_POINT('',(0.0530042182011678,0.00232519182932155,-0.0629195079695377));
#14057=CARTESIAN_POINT('',(0.0513765625173741,0.00578999178094027,-0.0629195079695377));
#14058=CARTESIAN_POINT('',(0.0533431660225218,0.00578999178094028,-0.0629195079695377));
#14059=CARTESIAN_POINT('',(0.0536821138438758,0.00925479173255899,-0.0629195079695377));
#14060=CARTESIAN_POINT('',(0.0536821138438758,0.00925479173255899,-0.0629195079695377));
#14061=CARTESIAN_POINT('',(0.0533431660225218,0.00578999178094028,-0.0629195079695377));
#14062=CARTESIAN_POINT('',(0.0543823706275759,0.00925479173255899,-0.0629195079695377));
#14063=CARTESIAN_POINT('',(0.055082627411276,0.00925479173255899,-0.0629195079695377));
#14064=CARTESIAN_POINT('',(0.055082627411276,0.00925479173255899,-0.0629195079695377));
#14065=CARTESIAN_POINT('',(0.0543823706275759,0.00925479173255899,-0.0629195079695377));
#14066=CARTESIAN_POINT('',(0.054517714375686,0.0051273958662795,-0.0629195079695377));
#14067=CARTESIAN_POINT('',(0.053952801340096,0.001,-0.0629195079695377));
#14068=CARTESIAN_POINT('',(0.053952801340096,0.001,-0.0629195079695377));
#14069=CARTESIAN_POINT('',(0.054517714375686,0.0051273958662795,-0.0629195079695377));
#14070=CARTESIAN_POINT('',(0.0532443062412935,0.001,-0.0629195079695377));
#14071=CARTESIAN_POINT('',(0.0525358111424911,0.001,-0.0629195079695377));
#14072=CARTESIAN_POINT('',(0.0525358111424911,0.001,-0.0629195079695377));
#14073=CARTESIAN_POINT('',(0.0532443062412935,0.001,-0.0629195079695377));
#14074=CARTESIAN_POINT('',(0.050954054642839,0.00428355701936693,-0.0629195079695377));
#14075=CARTESIAN_POINT('',(0.049372298143187,0.00756711403873384,-0.0629195079695377));
#14076=CARTESIAN_POINT('',(0.049372298143187,0.00756711403873384,-0.0629195079695377));
#14077=CARTESIAN_POINT('',(0.050954054642839,0.00428355701936693,-0.0629195079695377));
#14078=CARTESIAN_POINT('',(0.0489662668988567,0.00428355701936693,-0.0629195079695377));
#14079=CARTESIAN_POINT('',(0.0485602356545264,0.001,-0.0629195079695377));
#14080=CARTESIAN_POINT('',(0.0485602356545264,0.001,-0.0629195079695377));
#14081=CARTESIAN_POINT('',(0.0489662668988567,0.00428355701936693,-0.0629195079695377));
#14082=CARTESIAN_POINT('',(0.0478517405557239,0.001,-0.0629195079695377));
#14083=CARTESIAN_POINT('',(0.0478517405557239,0.001,-0.0629195079695377));
#14084=CARTESIAN_POINT('',(0.0449766300941353,0.0155,-0.0629195079695377));
#14085=CARTESIAN_POINT('',(0.0658983582385097,0.00202390487700689,-0.0629195079695377));
#14086=CARTESIAN_POINT('',(0.0658983582385097,0.00202390487700689,-0.0639195079695377));
#14087=CARTESIAN_POINT('',(0.0652455698418279,0.00202390487700689,-0.0629195079695377));
#14088=CARTESIAN_POINT('',(0.0652455698418279,0.00202390487700689,-0.0639195079695377));
#14089=CARTESIAN_POINT('',(0.0646579033645266,0.00220240170422457,-0.0629195079695377));
#14090=CARTESIAN_POINT('',(0.0646579033645266,0.00220240170422457,-0.0639195079695377));
#14091=CARTESIAN_POINT('',(0.0641353588066059,0.00255939535865992,-0.0629195079695377));
#14092=CARTESIAN_POINT('',(0.0641353588066059,0.00255939535865992,-0.0639195079695377));
#14093=CARTESIAN_POINT('',(0.0658983582385097,0.00202390487700689,-0.0639195079695377));
#14094=CARTESIAN_POINT('',(0.064919175643487,0.00202390487700689,-0.0639195079695377));
#14095=CARTESIAN_POINT('',(0.0641353588066059,0.00255939535865992,-0.0639195079695377));
#14096=CARTESIAN_POINT('',(0.0658983582385097,0.00202390487700689,-0.0639195079695377));
#14097=CARTESIAN_POINT('',(0.0641353588066059,0.00255939535865992,-0.0639195079695377));
#14098=CARTESIAN_POINT('',(0.0658983582385097,0.00202390487700689,-0.0629195079695377));
#14099=CARTESIAN_POINT('',(0.0658983582385097,0.00202390487700689,-0.0629195079695377));
#14100=CARTESIAN_POINT('',(0.0658983582385097,0.00202390487700689,-0.0629195079695377));
#14101=CARTESIAN_POINT('',(0.064919175643487,0.00202390487700689,-0.0629195079695377));
#14102=CARTESIAN_POINT('',(0.0641353588066059,0.00255939535865992,-0.0629195079695377));
#14103=CARTESIAN_POINT('',(0.0641353588066059,0.00255939535865992,-0.0629195079695377));
#14104=CARTESIAN_POINT('',(0.0641353588066059,0.00255939535865992,-0.0629195079695377));
#14105=CARTESIAN_POINT('',(0.0675095372920987,0.00263471709673858,-0.0629195079695377));
#14106=CARTESIAN_POINT('',(0.0675095372920987,0.00263471709673858,-0.0639195079695377));
#14107=CARTESIAN_POINT('',(0.0670882063197212,0.00222750895025079,-0.0629195079695377));
#14108=CARTESIAN_POINT('',(0.0670882063197212,0.00222750895025079,-0.0639195079695377));
#14109=CARTESIAN_POINT('',(0.0665511466351915,0.00202390487700689,-0.0629195079695377));
#14110=CARTESIAN_POINT('',(0.0665511466351915,0.00202390487700689,-0.0639195079695377));
#14111=CARTESIAN_POINT('',(0.0658983582385097,0.00202390487700689,-0.0629195079695377));
#14112=CARTESIAN_POINT('',(0.0658983582385097,0.00202390487700689,-0.0639195079695377));
#14113=CARTESIAN_POINT('',(0.0675095372920987,0.00263471709673858,-0.0639195079695377));
#14114=CARTESIAN_POINT('',(0.0668775408335324,0.00202390487700689,-0.0639195079695377));
#14115=CARTESIAN_POINT('',(0.0658983582385097,0.00202390487700689,-0.0639195079695377));
#14116=CARTESIAN_POINT('',(0.0675095372920987,0.00263471709673858,-0.0639195079695377));
#14117=CARTESIAN_POINT('',(0.0675095372920987,0.00263471709673858,-0.0629195079695377));
#14118=CARTESIAN_POINT('',(0.0675095372920987,0.00263471709673858,-0.0629195079695377));
#14119=CARTESIAN_POINT('',(0.0675095372920987,0.00263471709673858,-0.0629195079695377));
#14120=CARTESIAN_POINT('',(0.0668775408335324,0.00202390487700689,-0.0629195079695377));
#14121=CARTESIAN_POINT('',(0.0658983582385097,0.00202390487700689,-0.0629195079695377));
#14122=CARTESIAN_POINT('',(0.068141533750665,0.00435887875744559,-0.0629195079695377));
#14123=CARTESIAN_POINT('',(0.068141533750665,0.00435887875744559,-0.0639195079695377));
#14124=CARTESIAN_POINT('',(0.068141533750665,0.00361664579679539,-0.0629195079695377));
#14125=CARTESIAN_POINT('',(0.068141533750665,0.00361664579679539,-0.0639195079695377));
#14126=CARTESIAN_POINT('',(0.0679308682644762,0.00304192524322639,-0.0629195079695377));
#14127=CARTESIAN_POINT('',(0.0679308682644762,0.00304192524322639,-0.0639195079695377));
#14128=CARTESIAN_POINT('',(0.0675095372920987,0.00263471709673858,-0.0629195079695377));
#14129=CARTESIAN_POINT('',(0.0675095372920987,0.00263471709673858,-0.0639195079695377));
#14130=CARTESIAN_POINT('',(0.068141533750665,0.00435887875744559,-0.0639195079695377));
#14131=CARTESIAN_POINT('',(0.068141533750665,0.00324552931647028,-0.0639195079695377));
#14132=CARTESIAN_POINT('',(0.0675095372920987,0.00263471709673858,-0.0639195079695377));
#14133=CARTESIAN_POINT('',(0.068141533750665,0.00435887875744559,-0.0639195079695377));
#14134=CARTESIAN_POINT('',(0.068141533750665,0.00435887875744559,-0.0629195079695377));
#14135=CARTESIAN_POINT('',(0.068141533750665,0.00435887875744559,-0.0629195079695377));
#14136=CARTESIAN_POINT('',(0.068141533750665,0.00435887875744559,-0.0629195079695377));
#14137=CARTESIAN_POINT('',(0.068141533750665,0.00324552931647028,-0.0629195079695377));
#14138=CARTESIAN_POINT('',(0.0675095372920987,0.00263471709673858,-0.0629195079695377));
#14139=CARTESIAN_POINT('',(0.0637288444261481,0.00439404114764536,-0.0629195079695377));
#14140=CARTESIAN_POINT('',(0.0637288444261481,0.00439404114764536,-0.0639195079695377));
#14141=CARTESIAN_POINT('',(0.0677202027782875,0.00627252166550674,-0.0639195079695377));
#14142=CARTESIAN_POINT('',(0.0677202027782875,0.00627252166550674,-0.0629195079695377));
#14143=CARTESIAN_POINT('',(0.0677202027782875,0.00627252166550674,-0.0629195079695377));
#14144=CARTESIAN_POINT('',(0.0637288444261481,0.00439404114764536,-0.0629195079695377));
#14145=CARTESIAN_POINT('',(0.066530354697076,0.00769657327605655,-0.0629195079695377));
#14146=CARTESIAN_POINT('',(0.066530354697076,0.00769657327605655,-0.0639195079695377));
#14147=CARTESIAN_POINT('',(0.0670426994362986,0.00734036422305952,-0.0629195079695377));
#14148=CARTESIAN_POINT('',(0.0670426994362986,0.00734036422305952,-0.0639195079695377));
#14149=CARTESIAN_POINT('',(0.0674393154633691,0.00686568035287625,-0.0629195079695377));
#14150=CARTESIAN_POINT('',(0.0674393154633691,0.00686568035287625,-0.0639195079695377));
#14151=CARTESIAN_POINT('',(0.0677202027782875,0.00627252166550674,-0.0629195079695377));
#14152=CARTESIAN_POINT('',(0.0677202027782875,0.00627252166550674,-0.0639195079695377));
#14153=CARTESIAN_POINT('',(0.066530354697076,0.00769657327605655,-0.0639195079695377));
#14154=CARTESIAN_POINT('',(0.0672988718059099,0.00716225969656101,-0.0639195079695377));
#14155=CARTESIAN_POINT('',(0.0677202027782875,0.00627252166550674,-0.0639195079695377));
#14156=CARTESIAN_POINT('',(0.066530354697076,0.00769657327605655,-0.0639195079695377));
#14157=CARTESIAN_POINT('',(0.066530354697076,0.00769657327605655,-0.0629195079695377));
#14158=CARTESIAN_POINT('',(0.066530354697076,0.00769657327605655,-0.0629195079695377));
#14159=CARTESIAN_POINT('',(0.066530354697076,0.00769657327605655,-0.0629195079695377));
#14160=CARTESIAN_POINT('',(0.0672988718059099,0.00716225969656101,-0.0629195079695377));
#14161=CARTESIAN_POINT('',(0.0677202027782875,0.00627252166550674,-0.0629195079695377));
#14162=CARTESIAN_POINT('',(0.0647826549932195,0.0082308868555521,-0.0629195079695377));
#14163=CARTESIAN_POINT('',(0.0647826549932195,0.0082308868555521,-0.0639195079695377));
#14164=CARTESIAN_POINT('',(0.0654354433899012,0.0082308868555521,-0.0629195079695377));
#14165=CARTESIAN_POINT('',(0.0654354433899012,0.0082308868555521,-0.0639195079695377));
#14166=CARTESIAN_POINT('',(0.0660180099578534,0.00805278232905358,-0.0629195079695377));
#14167=CARTESIAN_POINT('',(0.0660180099578534,0.00805278232905358,-0.0639195079695377));
#14168=CARTESIAN_POINT('',(0.066530354697076,0.00769657327605655,-0.0629195079695377));
#14169=CARTESIAN_POINT('',(0.066530354697076,0.00769657327605655,-0.0639195079695377));
#14170=CARTESIAN_POINT('',(0.0647826549932195,0.0082308868555521,-0.0639195079695377));
#14171=CARTESIAN_POINT('',(0.0657618375882421,0.0082308868555521,-0.0639195079695377));
#14172=CARTESIAN_POINT('',(0.066530354697076,0.00769657327605655,-0.0639195079695377));
#14173=CARTESIAN_POINT('',(0.0647826549932195,0.0082308868555521,-0.0639195079695377));
#14174=CARTESIAN_POINT('',(0.0647826549932195,0.0082308868555521,-0.0629195079695377));
#14175=CARTESIAN_POINT('',(0.0647826549932195,0.0082308868555521,-0.0629195079695377));
#14176=CARTESIAN_POINT('',(0.0647826549932195,0.0082308868555521,-0.0629195079695377));
#14177=CARTESIAN_POINT('',(0.0657618375882421,0.0082308868555521,-0.0629195079695377));
#14178=CARTESIAN_POINT('',(0.066530354697076,0.00769657327605655,-0.0629195079695377));
#14179=CARTESIAN_POINT('',(0.0631267536576462,0.00762125153797789,-0.0629195079695377));
#14180=CARTESIAN_POINT('',(0.0631267536576462,0.00762125153797789,-0.0639195079695377));
#14181=CARTESIAN_POINT('',(0.0635684842674201,0.00802767508302736,-0.0629195079695377));
#14182=CARTESIAN_POINT('',(0.0635684842674201,0.00802767508302736,-0.0639195079695377));
#14183=CARTESIAN_POINT('',(0.0641204513792778,0.0082308868555521,-0.0629195079695377));
#14184=CARTESIAN_POINT('',(0.0641204513792778,0.0082308868555521,-0.0639195079695377));
#14185=CARTESIAN_POINT('',(0.0647826549932195,0.0082308868555521,-0.0629195079695377));
#14186=CARTESIAN_POINT('',(0.0647826549932195,0.0082308868555521,-0.0639195079695377));
#14187=CARTESIAN_POINT('',(0.0631267536576462,0.00762125153797789,-0.0639195079695377));
#14188=CARTESIAN_POINT('',(0.063789349572307,0.0082308868555521,-0.0639195079695377));
#14189=CARTESIAN_POINT('',(0.0647826549932195,0.0082308868555521,-0.0639195079695377));
#14190=CARTESIAN_POINT('',(0.0631267536576462,0.00762125153797789,-0.0639195079695377));
#14191=CARTESIAN_POINT('',(0.0631267536576462,0.00762125153797789,-0.0629195079695377));
#14192=CARTESIAN_POINT('',(0.0631267536576462,0.00762125153797789,-0.0629195079695377));
#14193=CARTESIAN_POINT('',(0.0631267536576462,0.00762125153797789,-0.0629195079695377));
#14194=CARTESIAN_POINT('',(0.063789349572307,0.0082308868555521,-0.0629195079695377));
#14195=CARTESIAN_POINT('',(0.0647826549932195,0.0082308868555521,-0.0629195079695377));
#14196=CARTESIAN_POINT('',(0.0624641577429855,0.00586531351901895,-0.0629195079695377));
#14197=CARTESIAN_POINT('',(0.0624641577429855,0.00586531351901895,-0.0639195079695377));
#14198=CARTESIAN_POINT('',(0.0624641577429855,0.0066295153199421,-0.0629195079695377));
#14199=CARTESIAN_POINT('',(0.0624641577429855,0.0066295153199421,-0.0639195079695377));
#14200=CARTESIAN_POINT('',(0.0626850230478724,0.00721482799292841,-0.0629195079695377));
#14201=CARTESIAN_POINT('',(0.0626850230478724,0.00721482799292841,-0.0639195079695377));
#14202=CARTESIAN_POINT('',(0.0631267536576462,0.00762125153797789,-0.0629195079695377));
#14203=CARTESIAN_POINT('',(0.0631267536576462,0.00762125153797789,-0.0639195079695377));
#14204=CARTESIAN_POINT('',(0.0624641577429855,0.00586531351901895,-0.0639195079695377));
#14205=CARTESIAN_POINT('',(0.0624641577429855,0.00701161622040367,-0.0639195079695377));
#14206=CARTESIAN_POINT('',(0.0631267536576462,0.00762125153797789,-0.0639195079695377));
#14207=CARTESIAN_POINT('',(0.0624641577429855,0.00586531351901895,-0.0639195079695377));
#14208=CARTESIAN_POINT('',(0.0624641577429855,0.00586531351901895,-0.0629195079695377));
#14209=CARTESIAN_POINT('',(0.0624641577429855,0.00586531351901895,-0.0629195079695377));
#14210=CARTESIAN_POINT('',(0.0624641577429855,0.00586531351901895,-0.0629195079695377));
#14211=CARTESIAN_POINT('',(0.0624641577429855,0.00701161622040367,-0.0629195079695377));
#14212=CARTESIAN_POINT('',(0.0631267536576462,0.00762125153797789,-0.0629195079695377));
#14213=CARTESIAN_POINT('',(0.0666025146893282,0.00583749612000993,-0.0629195079695377));
#14214=CARTESIAN_POINT('',(0.0666025146893282,0.00583749612000993,-0.0639195079695377));
#14215=CARTESIAN_POINT('',(0.0629078498563551,0.00397520865410738,-0.0639195079695377));
#14216=CARTESIAN_POINT('',(0.0629078498563551,0.00397520865410738,-0.0629195079695377));
#14217=CARTESIAN_POINT('',(0.0629078498563551,0.00397520865410738,-0.0629195079695377));
#14218=CARTESIAN_POINT('',(0.0666025146893282,0.00583749612000993,-0.0629195079695377));
#14219=CARTESIAN_POINT('',(0.0660631245405568,0.000863479349732416,-0.0629195079695377));
#14220=CARTESIAN_POINT('',(0.0660631245405568,0.000863479349732416,-0.0639195079695377));
#14221=CARTESIAN_POINT('',(0.0667567122120312,0.000863479349732416,-0.0629195079695377));
#14222=CARTESIAN_POINT('',(0.0667567122120312,0.000863479349732416,-0.0639195079695377));
#14223=CARTESIAN_POINT('',(0.0673671321310437,0.00100666911222572,-0.0629195079695377));
#14224=CARTESIAN_POINT('',(0.0673671321310437,0.00100666911222572,-0.0639195079695377));
#14225=CARTESIAN_POINT('',(0.0678943842975944,0.00129304863721232,-0.0629195079695377));
#14226=CARTESIAN_POINT('',(0.0678943842975944,0.00129304863721232,-0.0639195079695377));
#14227=CARTESIAN_POINT('',(0.0660631245405568,0.000863479349732416,-0.0629195079695377));
#14228=CARTESIAN_POINT('',(0.0660631245405568,0.000863479349732416,-0.0629195079695377));
#14229=CARTESIAN_POINT('',(0.0660631245405568,0.000863479349732416,-0.0629195079695377));
#14230=CARTESIAN_POINT('',(0.0671035060477684,0.000863479349732416,-0.0629195079695377));
#14231=CARTESIAN_POINT('',(0.0678943842975944,0.00129304863721232,-0.0629195079695377));
#14232=CARTESIAN_POINT('',(0.0678943842975944,0.00129304863721232,-0.0629195079695377));
#14233=CARTESIAN_POINT('',(0.0678943842975944,0.00129304863721232,-0.0629195079695377));
#14234=CARTESIAN_POINT('',(0.0635174851739293,0.00154137499244043,-0.0629195079695377));
#14235=CARTESIAN_POINT('',(0.0635174851739293,0.00154137499244043,-0.0639195079695377));
#14236=CARTESIAN_POINT('',(0.0642809023734142,0.00108944456396842,-0.0629195079695377));
#14237=CARTESIAN_POINT('',(0.0642809023734142,0.00108944456396842,-0.0639195079695377));
#14238=CARTESIAN_POINT('',(0.0651294488289567,0.000863479349732416,-0.0629195079695377));
#14239=CARTESIAN_POINT('',(0.0651294488289567,0.000863479349732416,-0.0639195079695377));
#14240=CARTESIAN_POINT('',(0.0660631245405568,0.000863479349732416,-0.0629195079695377));
#14241=CARTESIAN_POINT('',(0.0660631245405568,0.000863479349732416,-0.0639195079695377));
#14242=CARTESIAN_POINT('',(0.0635174851739293,0.00154137499244043,-0.0629195079695377));
#14243=CARTESIAN_POINT('',(0.0635174851739293,0.00154137499244043,-0.0629195079695377));
#14244=CARTESIAN_POINT('',(0.0635174851739293,0.00154137499244043,-0.0629195079695377));
#14245=CARTESIAN_POINT('',(0.0646626109731566,0.000863479349732416,-0.0629195079695377));
#14246=CARTESIAN_POINT('',(0.0660631245405568,0.000863479349732416,-0.0629195079695377));
#14247=CARTESIAN_POINT('',(0.0660224225326987,0.00581191233105607,-0.0629195079695377));
#14248=CARTESIAN_POINT('',(0.0617097634600413,0.00337969616242291,-0.0629195079695377));
#14249=CARTESIAN_POINT('',(0.0617097634600413,0.00337969616242291,-0.0629195079695377));
#14250=CARTESIAN_POINT('',(0.0660224225326987,0.00581191233105607,-0.0629195079695377));
#14251=CARTESIAN_POINT('',(0.0610471675453805,0.00594063525709761,-0.0629195079695377));
#14252=CARTESIAN_POINT('',(0.0610471675453805,0.00594063525709761,-0.0639195079695377));
#14253=CARTESIAN_POINT('',(0.0610471675453805,0.00500695954549746,-0.0629195079695377));
#14254=CARTESIAN_POINT('',(0.0610471675453805,0.00500695954549746,-0.0639195079695377));
#14255=CARTESIAN_POINT('',(0.0612680328502674,0.0041533131806059,-0.0629195079695377));
#14256=CARTESIAN_POINT('',(0.0612680328502674,0.0041533131806059,-0.0639195079695377));
#14257=CARTESIAN_POINT('',(0.0617097634600413,0.00337969616242291,-0.0629195079695377));
#14258=CARTESIAN_POINT('',(0.0617097634600413,0.00337969616242291,-0.0639195079695377));
#14259=CARTESIAN_POINT('',(0.0610471675453805,0.00594063525709761,-0.0629195079695377));
#14260=CARTESIAN_POINT('',(0.0610471675453805,0.00594063525709761,-0.0629195079695377));
#14261=CARTESIAN_POINT('',(0.0610471675453805,0.00594063525709761,-0.0629195079695377));
#14262=CARTESIAN_POINT('',(0.0610471675453805,0.00454012168969739,-0.0629195079695377));
#14263=CARTESIAN_POINT('',(0.0617097634600413,0.00337969616242291,-0.0629195079695377));
#14264=CARTESIAN_POINT('',(0.0614920365609077,0.00775659528608799,-0.0629195079695377));
#14265=CARTESIAN_POINT('',(0.0614920365609077,0.00775659528608799,-0.0639195079695377));
#14266=CARTESIAN_POINT('',(0.0611954572172229,0.00723954293823547,-0.0629195079695377));
#14267=CARTESIAN_POINT('',(0.0611954572172229,0.00723954293823547,-0.0639195079695377));
#14268=CARTESIAN_POINT('',(0.0610471675453805,0.00663422292857201,-0.0629195079695377));
#14269=CARTESIAN_POINT('',(0.0610471675453805,0.00663422292857201,-0.0639195079695377));
#14270=CARTESIAN_POINT('',(0.0610471675453805,0.00594063525709761,-0.0629195079695377));
#14271=CARTESIAN_POINT('',(0.0610471675453805,0.00594063525709761,-0.0639195079695377));
#14272=CARTESIAN_POINT('',(0.0614920365609077,0.00775659528608799,-0.0629195079695377));
#14273=CARTESIAN_POINT('',(0.0614920365609077,0.00775659528608799,-0.0629195079695377));
#14274=CARTESIAN_POINT('',(0.0614920365609077,0.00775659528608799,-0.0629195079695377));
#14275=CARTESIAN_POINT('',(0.0610471675453805,0.00698101676430921,-0.0629195079695377));
#14276=CARTESIAN_POINT('',(0.0610471675453805,0.00594063525709761,-0.0629195079695377));
#14277=CARTESIAN_POINT('',(0.0641664012315241,0.00623135614966141,-0.0629195079695377));
#14278=CARTESIAN_POINT('',(0.0627419066521505,0.00896174309534668,-0.0629195079695377));
#14279=CARTESIAN_POINT('',(0.0627419066521505,0.00896174309534668,-0.0629195079695377));
#14280=CARTESIAN_POINT('',(0.0641664012315241,0.00623135614966141,-0.0629195079695377));
#14281=CARTESIAN_POINT('',(0.0645872892350779,0.00939131238282658,-0.0629195079695377));
#14282=CARTESIAN_POINT('',(0.0645872892350779,0.00939131238282658,-0.0639195079695377));
#14283=CARTESIAN_POINT('',(0.0638937015636035,0.00939131238282658,-0.0629195079695377));
#14284=CARTESIAN_POINT('',(0.0638937015636035,0.00939131238282658,-0.0639195079695377));
#14285=CARTESIAN_POINT('',(0.063278574035961,0.00924812262033328,-0.0629195079695377));
#14286=CARTESIAN_POINT('',(0.063278574035961,0.00924812262033328,-0.0639195079695377));
#14287=CARTESIAN_POINT('',(0.0627419066521505,0.00896174309534668,-0.0629195079695377));
#14288=CARTESIAN_POINT('',(0.0627419066521505,0.00896174309534668,-0.0639195079695377));
#14289=CARTESIAN_POINT('',(0.0645872892350779,0.00939131238282658,-0.0629195079695377));
#14290=CARTESIAN_POINT('',(0.0645872892350779,0.00939131238282658,-0.0629195079695377));
#14291=CARTESIAN_POINT('',(0.0645872892350779,0.00939131238282658,-0.0629195079695377));
#14292=CARTESIAN_POINT('',(0.0635469077278663,0.00939131238282658,-0.0629195079695377));
#14293=CARTESIAN_POINT('',(0.0627419066521505,0.00896174309534668,-0.0629195079695377));
#14294=CARTESIAN_POINT('',(0.0671258671887605,0.00871341674011857,-0.0629195079695377));
#14295=CARTESIAN_POINT('',(0.0671258671887605,0.00871341674011857,-0.0639195079695377));
#14296=CARTESIAN_POINT('',(0.0663671575979056,0.00916534716859058,-0.0629195079695377));
#14297=CARTESIAN_POINT('',(0.0663671575979056,0.00916534716859058,-0.0639195079695377));
#14298=CARTESIAN_POINT('',(0.065520964946678,0.00939131238282658,-0.0629195079695377));
#14299=CARTESIAN_POINT('',(0.065520964946678,0.00939131238282658,-0.0639195079695377));
#14300=CARTESIAN_POINT('',(0.0645872892350779,0.00939131238282658,-0.0629195079695377));
#14301=CARTESIAN_POINT('',(0.0645872892350779,0.00939131238282658,-0.0639195079695377));
#14302=CARTESIAN_POINT('',(0.0671258671887605,0.00871341674011857,-0.0629195079695377));
#14303=CARTESIAN_POINT('',(0.0671258671887605,0.00871341674011857,-0.0629195079695377));
#14304=CARTESIAN_POINT('',(0.0671258671887605,0.00871341674011857,-0.0629195079695377));
#14305=CARTESIAN_POINT('',(0.0659878028024781,0.00939131238282658,-0.0629195079695377));
#14306=CARTESIAN_POINT('',(0.0645872892350779,0.00939131238282658,-0.0629195079695377));
#14307=CARTESIAN_POINT('',(0.0646658326013514,0.00454831280106415,-0.0629195079695377));
#14308=CARTESIAN_POINT('',(0.0689112277616564,0.00686803415719121,-0.0629195079695377));
#14309=CARTESIAN_POINT('',(0.0689112277616564,0.00686803415719121,-0.0629195079695377));
#14310=CARTESIAN_POINT('',(0.0646658326013514,0.00454831280106415,-0.0629195079695377));
#14311=CARTESIAN_POINT('',(0.06955852394827,0.00430003364957163,-0.0629195079695377));
#14312=CARTESIAN_POINT('',(0.06955852394827,0.00430003364957163,-0.0639195079695377));
#14313=CARTESIAN_POINT('',(0.06955852394827,0.00523370936117178,-0.0629195079695377));
#14314=CARTESIAN_POINT('',(0.06955852394827,0.00523370936117178,-0.0639195079695377));
#14315=CARTESIAN_POINT('',(0.0693427585527321,0.00608970953037831,-0.0629195079695377));
#14316=CARTESIAN_POINT('',(0.0693427585527321,0.00608970953037831,-0.0639195079695377));
#14317=CARTESIAN_POINT('',(0.0689112277616564,0.00686803415719121,-0.0629195079695377));
#14318=CARTESIAN_POINT('',(0.0689112277616564,0.00686803415719121,-0.0639195079695377));
#14319=CARTESIAN_POINT('',(0.06955852394827,0.00430003364957163,-0.0629195079695377));
#14320=CARTESIAN_POINT('',(0.06955852394827,0.00430003364957163,-0.0629195079695377));
#14321=CARTESIAN_POINT('',(0.06955852394827,0.00430003364957163,-0.0629195079695377));
#14322=CARTESIAN_POINT('',(0.06955852394827,0.00570054721697186,-0.0629195079695377));
#14323=CARTESIAN_POINT('',(0.0689112277616564,0.00686803415719121,-0.0629195079695377));
#14324=CARTESIAN_POINT('',(0.0691218932478452,0.002498196446471,-0.0629195079695377));
#14325=CARTESIAN_POINT('',(0.0691218932478452,0.002498196446471,-0.0639195079695377));
#14326=CARTESIAN_POINT('',(0.0694129803814617,0.00301524879432352,-0.0629195079695377));
#14327=CARTESIAN_POINT('',(0.0694129803814617,0.00301524879432352,-0.0639195079695377));
#14328=CARTESIAN_POINT('',(0.06955852394827,0.00361586119535707,-0.0629195079695377));
#14329=CARTESIAN_POINT('',(0.06955852394827,0.00361586119535707,-0.0639195079695377));
#14330=CARTESIAN_POINT('',(0.06955852394827,0.00430003364957163,-0.0629195079695377));
#14331=CARTESIAN_POINT('',(0.06955852394827,0.00430003364957163,-0.0639195079695377));
#14332=CARTESIAN_POINT('',(0.0691218932478452,0.002498196446471,-0.0629195079695377));
#14333=CARTESIAN_POINT('',(0.0691218932478452,0.002498196446471,-0.0629195079695377));
#14334=CARTESIAN_POINT('',(0.0691218932478452,0.002498196446471,-0.0629195079695377));
#14335=CARTESIAN_POINT('',(0.06955852394827,0.00327377496824979,-0.0629195079695377));
#14336=CARTESIAN_POINT('',(0.06955852394827,0.00430003364957163,-0.0629195079695377));
#14337=CARTESIAN_POINT('',(0.0664609545781952,0.00398204729197667,-0.0629195079695377));
#14338=CARTESIAN_POINT('',(0.0664609545781952,0.00398204729197667,-0.0629195079695377));
#14339=CARTESIAN_POINT('',(0.0641353588066059,0.00255939535865992,-0.0629195079695377));
#14340=CARTESIAN_POINT('',(0.0641353588066059,0.00255939535865992,-0.0639195079695377));
#14341=CARTESIAN_POINT('',(0.0636128142486852,0.00291638901309527,-0.0629195079695377));
#14342=CARTESIAN_POINT('',(0.0636128142486852,0.00291638901309527,-0.0639195079695377));
#14343=CARTESIAN_POINT('',(0.0632036445986016,0.00338832677824443,-0.0629195079695377));
#14344=CARTESIAN_POINT('',(0.0632036445986016,0.00338832677824443,-0.0639195079695377));
#14345=CARTESIAN_POINT('',(0.0629078498563551,0.00397520865410738,-0.0629195079695377));
#14346=CARTESIAN_POINT('',(0.0629078498563551,0.00397520865410738,-0.0639195079695377));
#14347=CARTESIAN_POINT('',(0.0641353588066059,0.00255939535865992,-0.0639195079695377));
#14348=CARTESIAN_POINT('',(0.0633515419697248,0.00309488584031295,-0.0639195079695377));
#14349=CARTESIAN_POINT('',(0.0629078498563551,0.00397520865410738,-0.0639195079695377));
#14350=CARTESIAN_POINT('',(0.0641353588066059,0.00255939535865992,-0.0629195079695377));
#14351=CARTESIAN_POINT('',(0.0633515419697248,0.00309488584031295,-0.0629195079695377));
#14352=CARTESIAN_POINT('',(0.0629078498563551,0.00397520865410738,-0.0629195079695377));
#14353=CARTESIAN_POINT('',(0.0449766300941353,0.0155,-0.0629195079695377));
#14354=CARTESIAN_POINT('',(0.0710414206666937,0.00657380861782141,-0.0629195079695377));
#14355=CARTESIAN_POINT('',(0.0700551766587262,0.0121476172356428,-0.0629195079695377));
#14356=CARTESIAN_POINT('',(0.0700551766587262,0.0121476172356428,-0.0629195079695377));
#14357=CARTESIAN_POINT('',(0.0710414206666937,0.00657380861782141,-0.0629195079695377));
#14358=CARTESIAN_POINT('',(0.0720276646746613,0.001,-0.0629195079695377));
#14359=CARTESIAN_POINT('',(0.0720276646746613,0.001,-0.0629195079695377));
#14360=CARTESIAN_POINT('',(0.0707401337143791,0.0121476172356428,-0.0629195079695377));
#14361=CARTESIAN_POINT('',(0.071425090770032,0.0121476172356428,-0.0629195079695377));
#14362=CARTESIAN_POINT('',(0.071425090770032,0.0121476172356428,-0.0629195079695377));
#14363=CARTESIAN_POINT('',(0.0707401337143791,0.0121476172356428,-0.0629195079695377));
#14364=CARTESIAN_POINT('',(0.072412511680157,0.00657380861782141,-0.0629195079695377));
#14365=CARTESIAN_POINT('',(0.073399932590282,0.001,-0.0629195079695377));
#14366=CARTESIAN_POINT('',(0.073399932590282,0.001,-0.0629195079695377));
#14367=CARTESIAN_POINT('',(0.072412511680157,0.00657380861782141,-0.0629195079695377));
#14368=CARTESIAN_POINT('',(0.0727137986324717,0.001,-0.0629195079695377));
#14369=CARTESIAN_POINT('',(0.0727137986324717,0.001,-0.0629195079695377));
#14370=CARTESIAN_POINT('',(0.0449766300941353,0.0155,-0.0629195079695377));
#14371=CARTESIAN_POINT('',(0.0747463086584382,0.00657380861782141,-0.0629195079695377));
#14372=CARTESIAN_POINT('',(0.0737600646504707,0.0121476172356428,-0.0629195079695377));
#14373=CARTESIAN_POINT('',(0.0737600646504707,0.0121476172356428,-0.0629195079695377));
#14374=CARTESIAN_POINT('',(0.0747463086584382,0.00657380861782141,-0.0629195079695377));
#14375=CARTESIAN_POINT('',(0.0757325526664058,0.001,-0.0629195079695377));
#14376=CARTESIAN_POINT('',(0.0757325526664058,0.001,-0.0629195079695377));
#14377=CARTESIAN_POINT('',(0.0744450217061235,0.0121476172356428,-0.0629195079695377));
#14378=CARTESIAN_POINT('',(0.0751299787617764,0.0121476172356428,-0.0629195079695377));
#14379=CARTESIAN_POINT('',(0.0751299787617764,0.0121476172356428,-0.0629195079695377));
#14380=CARTESIAN_POINT('',(0.0744450217061235,0.0121476172356428,-0.0629195079695377));
#14381=CARTESIAN_POINT('',(0.0761173996719015,0.00657380861782141,-0.0629195079695377));
#14382=CARTESIAN_POINT('',(0.0771048205820265,0.001,-0.0629195079695377));
#14383=CARTESIAN_POINT('',(0.0771048205820265,0.001,-0.0629195079695377));
#14384=CARTESIAN_POINT('',(0.0761173996719015,0.00657380861782141,-0.0629195079695377));
#14385=CARTESIAN_POINT('',(0.0764186866242161,0.001,-0.0629195079695377));
#14386=CARTESIAN_POINT('',(0.0764186866242161,0.001,-0.0629195079695377));
#14387=CARTESIAN_POINT('',(0.0449766300941353,0.0155,-0.0629195079695377));
#14388=CARTESIAN_POINT('',(0.0832700372629509,0.00624330338107344,-0.0629195079695377));
#14389=CARTESIAN_POINT('',(0.0832700372629509,0.00624330338107344,-0.0639195079695377));
#14390=CARTESIAN_POINT('',(0.0794989471007048,0.00565582493498765,-0.0639195079695377));
#14391=CARTESIAN_POINT('',(0.0794539172883549,0.00621132275331782,-0.0639195079695377));
#14392=CARTESIAN_POINT('',(0.0794989471007048,0.00565582493498765,-0.0629195079695377));
#14393=CARTESIAN_POINT('',(0.0794989471007048,0.00565582493498765,-0.0629195079695377));
#14394=CARTESIAN_POINT('',(0.0832700372629509,0.00624330338107344,-0.0629195079695377));
#14395=CARTESIAN_POINT('',(0.0794539172883549,0.00621132275331782,-0.0629195079695377));
#14396=CARTESIAN_POINT('',(0.0794539172883549,0.00621132275331782,-0.0629195079695377));
#14397=CARTESIAN_POINT('',(0.0821125392621004,0.00565582493498765,-0.0629195079695377));
#14398=CARTESIAN_POINT('',(0.0821125392621004,0.00565582493498765,-0.0639195079695377));
#14399=CARTESIAN_POINT('',(0.0847264389538617,0.00565582493498765,-0.0639195079695377));
#14400=CARTESIAN_POINT('',(0.0847264389538617,0.00565582493498765,-0.0629195079695377));
#14401=CARTESIAN_POINT('',(0.0847264389538617,0.00565582493498765,-0.0629195079695377));
#14402=CARTESIAN_POINT('',(0.0821125392621004,0.00565582493498765,-0.0629195079695377));
#14403=CARTESIAN_POINT('',(0.0835660134265872,0.00754592979989922,-0.0629195079695377));
#14404=CARTESIAN_POINT('',(0.0835660134265872,0.00754592979989922,-0.0639195079695377));
#14405=CARTESIAN_POINT('',(0.0841387724765604,0.00708929176279729,-0.0629195079695377));
#14406=CARTESIAN_POINT('',(0.0841387724765604,0.00708929176279729,-0.0639195079695377));
#14407=CARTESIAN_POINT('',(0.0845255809856519,0.00645925680782677,-0.0629195079695377));
#14408=CARTESIAN_POINT('',(0.0845255809856519,0.00645925680782677,-0.0639195079695377));
#14409=CARTESIAN_POINT('',(0.0847264389538617,0.00565582493498765,-0.0629195079695377));
#14410=CARTESIAN_POINT('',(0.0847264389538617,0.00565582493498765,-0.0639195079695377));
#14411=CARTESIAN_POINT('',(0.0835660134265872,0.00754592979989922,-0.0639195079695377));
#14412=CARTESIAN_POINT('',(0.084425152001547,0.00686097274424633,-0.0639195079695377));
#14413=CARTESIAN_POINT('',(0.0847264389538617,0.00565582493498765,-0.0639195079695377));
#14414=CARTESIAN_POINT('',(0.0835660134265872,0.00754592979989922,-0.0639195079695377));
#14415=CARTESIAN_POINT('',(0.0835660134265872,0.00754592979989922,-0.0629195079695377));
#14416=CARTESIAN_POINT('',(0.0835660134265872,0.00754592979989922,-0.0629195079695377));
#14417=CARTESIAN_POINT('',(0.0835660134265872,0.00754592979989922,-0.0629195079695377));
#14418=CARTESIAN_POINT('',(0.084425152001547,0.00686097274424633,-0.0629195079695377));
#14419=CARTESIAN_POINT('',(0.0847264389538617,0.00565582493498765,-0.0629195079695377));
#14420=CARTESIAN_POINT('',(0.0816523705185261,0.0082308868555521,-0.0629195079695377));
#14421=CARTESIAN_POINT('',(0.0816523705185261,0.0082308868555521,-0.0639195079695377));
#14422=CARTESIAN_POINT('',(0.0823553734072603,0.0082308868555521,-0.0629195079695377));
#14423=CARTESIAN_POINT('',(0.0823553734072603,0.0082308868555521,-0.0639195079695377));
#14424=CARTESIAN_POINT('',(0.082993254376614,0.00800256783700114,-0.0629195079695377));
#14425=CARTESIAN_POINT('',(0.082993254376614,0.00800256783700114,-0.0639195079695377));
#14426=CARTESIAN_POINT('',(0.0835660134265872,0.00754592979989922,-0.0629195079695377));
#14427=CARTESIAN_POINT('',(0.0835660134265872,0.00754592979989922,-0.0639195079695377));
#14428=CARTESIAN_POINT('',(0.0816523705185261,0.0082308868555521,-0.0639195079695377));
#14429=CARTESIAN_POINT('',(0.0827068748516274,0.0082308868555521,-0.0639195079695377));
#14430=CARTESIAN_POINT('',(0.0835660134265872,0.00754592979989922,-0.0639195079695377));
#14431=CARTESIAN_POINT('',(0.0816523705185261,0.0082308868555521,-0.0639195079695377));
#14432=CARTESIAN_POINT('',(0.0816523705185261,0.0082308868555521,-0.0629195079695377));
#14433=CARTESIAN_POINT('',(0.0816523705185261,0.0082308868555521,-0.0629195079695377));
#14434=CARTESIAN_POINT('',(0.0816523705185261,0.0082308868555521,-0.0629195079695377));
#14435=CARTESIAN_POINT('',(0.0827068748516274,0.0082308868555521,-0.0629195079695377));
#14436=CARTESIAN_POINT('',(0.0835660134265872,0.00754592979989922,-0.0629195079695377));
#14437=CARTESIAN_POINT('',(0.0800635526059292,0.00770363468900143,-0.0629195079695377));
#14438=CARTESIAN_POINT('',(0.0800635526059292,0.00770363468900143,-0.0639195079695377));
#14439=CARTESIAN_POINT('',(0.0804699761509787,0.00805513613336854,-0.0629195079695377));
#14440=CARTESIAN_POINT('',(0.0804699761509787,0.00805513613336854,-0.0639195079695377));
#14441=CARTESIAN_POINT('',(0.0809995821218443,0.0082308868555521,-0.0629195079695377));
#14442=CARTESIAN_POINT('',(0.0809995821218443,0.0082308868555521,-0.0639195079695377));
#14443=CARTESIAN_POINT('',(0.0816523705185261,0.0082308868555521,-0.0629195079695377));
#14444=CARTESIAN_POINT('',(0.0816523705185261,0.0082308868555521,-0.0639195079695377));
#14445=CARTESIAN_POINT('',(0.0800635526059292,0.00770363468900143,-0.0639195079695377));
#14446=CARTESIAN_POINT('',(0.0806731879235034,0.0082308868555521,-0.0639195079695377));
#14447=CARTESIAN_POINT('',(0.0816523705185261,0.0082308868555521,-0.0639195079695377));
#14448=CARTESIAN_POINT('',(0.0800635526059292,0.00770363468900143,-0.0639195079695377));
#14449=CARTESIAN_POINT('',(0.0800635526059292,0.00770363468900143,-0.0629195079695377));
#14450=CARTESIAN_POINT('',(0.0800635526059292,0.00770363468900143,-0.0629195079695377));
#14451=CARTESIAN_POINT('',(0.0800635526059292,0.00770363468900143,-0.0629195079695377));
#14452=CARTESIAN_POINT('',(0.0806731879235034,0.0082308868555521,-0.0629195079695377));
#14453=CARTESIAN_POINT('',(0.0816523705185261,0.0082308868555521,-0.0629195079695377));
#14454=CARTESIAN_POINT('',(0.0813981596525106,0.00939131238282658,-0.0629195079695377));
#14455=CARTESIAN_POINT('',(0.0813981596525106,0.00939131238282658,-0.0639195079695377));
#14456=CARTESIAN_POINT('',(0.0807045719810362,0.00939131238282658,-0.0629195079695377));
#14457=CARTESIAN_POINT('',(0.0807045719810362,0.00939131238282658,-0.0639195079695377));
#14458=CARTESIAN_POINT('',(0.0801043518807218,0.00925832243903143,-0.0629195079695377));
#14459=CARTESIAN_POINT('',(0.0801043518807218,0.00925832243903143,-0.0639195079695377));
#14460=CARTESIAN_POINT('',(0.0795974993515674,0.00899234255144113,-0.0629195079695377));
#14461=CARTESIAN_POINT('',(0.0795974993515674,0.00899234255144113,-0.0639195079695377));
#14462=CARTESIAN_POINT('',(0.0813981596525106,0.00939131238282658,-0.0629195079695377));
#14463=CARTESIAN_POINT('',(0.0813981596525106,0.00939131238282658,-0.0629195079695377));
#14464=CARTESIAN_POINT('',(0.0813981596525106,0.00939131238282658,-0.0629195079695377));
#14465=CARTESIAN_POINT('',(0.080357778145299,0.00939131238282658,-0.0629195079695377));
#14466=CARTESIAN_POINT('',(0.0795974993515674,0.00899234255144113,-0.0629195079695377));
#14467=CARTESIAN_POINT('',(0.0795974993515674,0.00899234255144113,-0.0629195079695377));
#14468=CARTESIAN_POINT('',(0.0795974993515674,0.00899234255144113,-0.0629195079695377));
#14469=CARTESIAN_POINT('',(0.0836036742956265,0.00887112162922078,-0.0629195079695377));
#14470=CARTESIAN_POINT('',(0.0836036742956265,0.00887112162922078,-0.0639195079695377));
#14471=CARTESIAN_POINT('',(0.0829257786529185,0.00921791546495798,-0.0629195079695377));
#14472=CARTESIAN_POINT('',(0.0829257786529185,0.00921791546495798,-0.0639195079695377));
#14473=CARTESIAN_POINT('',(0.0821906071052132,0.00939131238282658,-0.0629195079695377));
#14474=CARTESIAN_POINT('',(0.0821906071052132,0.00939131238282658,-0.0639195079695377));
#14475=CARTESIAN_POINT('',(0.0813981596525106,0.00939131238282658,-0.0629195079695377));
#14476=CARTESIAN_POINT('',(0.0813981596525106,0.00939131238282658,-0.0639195079695377));
#14477=CARTESIAN_POINT('',(0.0836036742956265,0.00887112162922078,-0.0629195079695377));
#14478=CARTESIAN_POINT('',(0.0836036742956265,0.00887112162922078,-0.0629195079695377));
#14479=CARTESIAN_POINT('',(0.0836036742956265,0.00887112162922078,-0.0629195079695377));
#14480=CARTESIAN_POINT('',(0.0825868308315645,0.00939131238282658,-0.0629195079695377));
#14481=CARTESIAN_POINT('',(0.0813981596525106,0.00939131238282658,-0.0629195079695377));
#14482=CARTESIAN_POINT('',(0.0853137131304438,0.00738704800863953,-0.0629195079695377));
#14483=CARTESIAN_POINT('',(0.0853137131304438,0.00738704800863953,-0.0639195079695377));
#14484=CARTESIAN_POINT('',(0.0848515828832737,0.00802963658662316,-0.0629195079695377));
#14485=CARTESIAN_POINT('',(0.0848515828832737,0.00802963658662316,-0.0639195079695377));
#14486=CARTESIAN_POINT('',(0.0842815699383346,0.00852432779348358,-0.0629195079695377));
#14487=CARTESIAN_POINT('',(0.0842815699383346,0.00852432779348358,-0.0639195079695377));
#14488=CARTESIAN_POINT('',(0.0836036742956265,0.00887112162922078,-0.0629195079695377));
#14489=CARTESIAN_POINT('',(0.0836036742956265,0.00887112162922078,-0.0639195079695377));
#14490=CARTESIAN_POINT('',(0.0853137131304438,0.00738704800863953,-0.0629195079695377));
#14491=CARTESIAN_POINT('',(0.0853137131304438,0.00738704800863953,-0.0629195079695377));
#14492=CARTESIAN_POINT('',(0.0853137131304438,0.00738704800863953,-0.0629195079695377));
#14493=CARTESIAN_POINT('',(0.0846205177596886,0.00835093087561498,-0.0629195079695377));
#14494=CARTESIAN_POINT('',(0.0836036742956265,0.00887112162922078,-0.0629195079695377));
#14495=CARTESIAN_POINT('',(0.086232873715435,0.00514269559432673,-0.0629195079695377));
#14496=CARTESIAN_POINT('',(0.086232873715435,0.00514269559432673,-0.0639195079695377));
#14497=CARTESIAN_POINT('',(0.0860822302392777,0.0059963419592183,-0.0629195079695377));
#14498=CARTESIAN_POINT('',(0.0860822302392777,0.0059963419592183,-0.0639195079695377));
#14499=CARTESIAN_POINT('',(0.0857758433776139,0.0067444594306559,-0.0629195079695377));
#14500=CARTESIAN_POINT('',(0.0857758433776139,0.0067444594306559,-0.0639195079695377));
#14501=CARTESIAN_POINT('',(0.0853137131304438,0.00738704800863953,-0.0629195079695377));
#14502=CARTESIAN_POINT('',(0.0853137131304438,0.00738704800863953,-0.0639195079695377));
#14503=CARTESIAN_POINT('',(0.086232873715435,0.00514269559432673,-0.0629195079695377));
#14504=CARTESIAN_POINT('',(0.086232873715435,0.00514269559432673,-0.0629195079695377));
#14505=CARTESIAN_POINT('',(0.086232873715435,0.00514269559432673,-0.0629195079695377));
#14506=CARTESIAN_POINT('',(0.086006908501199,0.00642316514166408,-0.0629195079695377));
#14507=CARTESIAN_POINT('',(0.0853137131304438,0.00738704800863953,-0.0629195079695377));
#14508=CARTESIAN_POINT('',(0.0810271579549544,0.00416718744543495,-0.0629195079695378));
#14509=CARTESIAN_POINT('',(0.0863223182794035,0.00420823528128826,-0.0629195079695377));
#14510=CARTESIAN_POINT('',(0.0863223182794035,0.00420823528128826,-0.0629195079695377));
#14511=CARTESIAN_POINT('',(0.0810271579549544,0.00416718744543495,-0.0629195079695377));
#14512=CARTESIAN_POINT('',(0.0853807965534201,0.00176027879373155,-0.0629195079695377));
#14513=CARTESIAN_POINT('',(0.0853807965534201,0.00176027879373155,-0.0639195079695377));
#14514=CARTESIAN_POINT('',(0.0860084777040757,0.00235814508973098,-0.0629195079695377));
#14515=CARTESIAN_POINT('',(0.0860084777040757,0.00235814508973098,-0.0639195079695377));
#14516=CARTESIAN_POINT('',(0.0863223182794035,0.00317413058558321,-0.0629195079695377));
#14517=CARTESIAN_POINT('',(0.0863223182794035,0.00317413058558321,-0.0639195079695377));
#14518=CARTESIAN_POINT('',(0.0863223182794035,0.00420823528128826,-0.0629195079695377));
#14519=CARTESIAN_POINT('',(0.0863223182794035,0.00420823528128826,-0.0639195079695377));
#14520=CARTESIAN_POINT('',(0.0853807965534201,0.00176027879373155,-0.0629195079695377));
#14521=CARTESIAN_POINT('',(0.0853807965534201,0.00176027879373155,-0.0629195079695377));
#14522=CARTESIAN_POINT('',(0.0853807965534201,0.00176027879373155,-0.0629195079695377));
#14523=CARTESIAN_POINT('',(0.0863223182794035,0.00265707823773069,-0.0629195079695377));
#14524=CARTESIAN_POINT('',(0.0863223182794035,0.00420823528128826,-0.0629195079695377));
#14525=CARTESIAN_POINT('',(0.0828881177838792,0.000863479349732415,-0.0629195079695377));
#14526=CARTESIAN_POINT('',(0.0828881177838792,0.000863479349732415,-0.0639195079695377));
#14527=CARTESIAN_POINT('',(0.0839222224795843,0.000863479349732415,-0.0629195079695377));
#14528=CARTESIAN_POINT('',(0.0839222224795843,0.000863479349732415,-0.0639195079695377));
#14529=CARTESIAN_POINT('',(0.0847531154027646,0.00116241249773213,-0.0629195079695377));
#14530=CARTESIAN_POINT('',(0.0847531154027646,0.00116241249773213,-0.0639195079695377));
#14531=CARTESIAN_POINT('',(0.0853807965534201,0.00176027879373155,-0.0629195079695377));
#14532=CARTESIAN_POINT('',(0.0853807965534201,0.00176027879373155,-0.0639195079695377));
#14533=CARTESIAN_POINT('',(0.0828881177838792,0.000863479349732415,-0.0629195079695377));
#14534=CARTESIAN_POINT('',(0.0828881177838792,0.000863479349732415,-0.0629195079695377));
#14535=CARTESIAN_POINT('',(0.0828881177838792,0.000863479349732415,-0.0629195079695377));
#14536=CARTESIAN_POINT('',(0.0844392748274368,0.000863479349732415,-0.0629195079695377));
#14537=CARTESIAN_POINT('',(0.0853807965534201,0.00176027879373155,-0.0629195079695377));
#14538=CARTESIAN_POINT('',(0.0802895178201652,0.00160963531757421,-0.0629195079695377));
#14539=CARTESIAN_POINT('',(0.0802895178201652,0.00160963531757421,-0.0639195079695377));
#14540=CARTESIAN_POINT('',(0.0810380275923219,0.00111219800567968,-0.0629195079695377));
#14541=CARTESIAN_POINT('',(0.0810380275923219,0.00111219800567968,-0.0639195079695377));
#14542=CARTESIAN_POINT('',(0.0819042275802266,0.000863479349732415,-0.0629195079695377));
#14543=CARTESIAN_POINT('',(0.0819042275802266,0.000863479349732415,-0.0639195079695377));
#14544=CARTESIAN_POINT('',(0.0828881177838792,0.000863479349732415,-0.0629195079695377));
#14545=CARTESIAN_POINT('',(0.0828881177838792,0.000863479349732415,-0.0639195079695377));
#14546=CARTESIAN_POINT('',(0.0802895178201652,0.00160963531757421,-0.0629195079695377));
#14547=CARTESIAN_POINT('',(0.0802895178201652,0.00160963531757421,-0.0629195079695377));
#14548=CARTESIAN_POINT('',(0.0802895178201652,0.00160963531757421,-0.0629195079695377));
#14549=CARTESIAN_POINT('',(0.0814122824784003,0.000863479349732415,-0.0629195079695377));
#14550=CARTESIAN_POINT('',(0.0828881177838792,0.000863479349732415,-0.0629195079695377));
#14551=CARTESIAN_POINT('',(0.0786253781694896,0.00354681626878496,-0.0629195079695377));
#14552=CARTESIAN_POINT('',(0.0786253781694896,0.00354681626878496,-0.0639195079695377));
#14553=CARTESIAN_POINT('',(0.0789862948311165,0.00275279961320566,-0.0629195079695377));
#14554=CARTESIAN_POINT('',(0.0789862948311165,0.00275279961320566,-0.0639195079695377));
#14555=CARTESIAN_POINT('',(0.0795410080480084,0.00210707262946875,-0.0629195079695377));
#14556=CARTESIAN_POINT('',(0.0795410080480084,0.00210707262946875,-0.0639195079695377));
#14557=CARTESIAN_POINT('',(0.0802895178201652,0.00160963531757421,-0.0629195079695377));
#14558=CARTESIAN_POINT('',(0.0802895178201652,0.00160963531757421,-0.0639195079695377));
#14559=CARTESIAN_POINT('',(0.0786253781694896,0.00354681626878496,-0.0629195079695377));
#14560=CARTESIAN_POINT('',(0.0786253781694896,0.00354681626878496,-0.0629195079695377));
#14561=CARTESIAN_POINT('',(0.0786253781694896,0.00354681626878496,-0.0629195079695377));
#14562=CARTESIAN_POINT('',(0.07916675316193,0.00235579128541602,-0.0629195079695377));
#14563=CARTESIAN_POINT('',(0.0802895178201652,0.00160963531757421,-0.0629195079695377));
#14564=CARTESIAN_POINT('',(0.079363295822229,0.00354681626878496,-0.0629195079695377));
#14565=CARTESIAN_POINT('',(0.080101251361524,0.00354681626878496,-0.0629195079695377));
#14566=CARTESIAN_POINT('',(0.080101251361524,0.00354681626878496,-0.0629195079695377));
#14567=CARTESIAN_POINT('',(0.079363295822229,0.00354681626878496,-0.0629195079695377));
#14568=CARTESIAN_POINT('',(0.0825121759874413,0.00473901218151545,-0.0629195079695377));
#14569=CARTESIAN_POINT('',(0.0811180569390305,0.00243817443643956,-0.0629195079695377));
#14570=CARTESIAN_POINT('',(0.0811180569390305,0.00243817443643956,-0.0629195079695377));
#14571=CARTESIAN_POINT('',(0.0825121759874413,0.00473901218151545,-0.0629195079695377));
#14572=CARTESIAN_POINT('',(0.0826786291998479,0.00202390487700689,-0.0629195079695377));
#14573=CARTESIAN_POINT('',(0.0826786291998479,0.00202390487700689,-0.0639195079695377));
#14574=CARTESIAN_POINT('',(0.0820854705124784,0.00202390487700689,-0.0629195079695377));
#14575=CARTESIAN_POINT('',(0.0820854705124784,0.00202390487700689,-0.0639195079695377));
#14576=CARTESIAN_POINT('',(0.0815652797588726,0.00216199473015111,-0.0629195079695377));
#14577=CARTESIAN_POINT('',(0.0815652797588726,0.00216199473015111,-0.0639195079695377));
#14578=CARTESIAN_POINT('',(0.0811180569390305,0.00243817443643956,-0.0629195079695377));
#14579=CARTESIAN_POINT('',(0.0811180569390305,0.00243817443643956,-0.0639195079695377));
#14580=CARTESIAN_POINT('',(0.0826786291998479,0.00202390487700689,-0.0629195079695377));
#14581=CARTESIAN_POINT('',(0.0826786291998479,0.00202390487700689,-0.0629195079695377));
#14582=CARTESIAN_POINT('',(0.0826786291998479,0.00202390487700689,-0.0629195079695377));
#14583=CARTESIAN_POINT('',(0.0817888911687936,0.00202390487700689,-0.0629195079695377));
#14584=CARTESIAN_POINT('',(0.0811180569390305,0.00243817443643956,-0.0629195079695377));
#14585=CARTESIAN_POINT('',(0.084312169394429,0.00260411764064412,-0.0629195079695377));
#14586=CARTESIAN_POINT('',(0.084312169394429,0.00260411764064412,-0.0639195079695377));
#14587=CARTESIAN_POINT('',(0.0838947614292431,0.00221730913155263,-0.0629195079695377));
#14588=CARTESIAN_POINT('',(0.0838947614292431,0.00221730913155263,-0.0639195079695377));
#14589=CARTESIAN_POINT('',(0.0833502480310494,0.00202390487700689,-0.0629195079695377));
#14590=CARTESIAN_POINT('',(0.0833502480310494,0.00202390487700689,-0.0639195079695377));
#14591=CARTESIAN_POINT('',(0.0826786291998479,0.00202390487700689,-0.0629195079695377));
#14592=CARTESIAN_POINT('',(0.0826786291998479,0.00202390487700689,-0.0639195079695377));
#14593=CARTESIAN_POINT('',(0.084312169394429,0.00260411764064412,-0.0629195079695377));
#14594=CARTESIAN_POINT('',(0.084312169394429,0.00260411764064412,-0.0629195079695377));
#14595=CARTESIAN_POINT('',(0.084312169394429,0.00260411764064412,-0.0629195079695377));
#14596=CARTESIAN_POINT('',(0.0836860574466501,0.00202390487700689,-0.0629195079695377));
#14597=CARTESIAN_POINT('',(0.0826786291998479,0.00202390487700689,-0.0629195079695377));
#14598=CARTESIAN_POINT('',(0.0849382813422079,0.00422471191149296,-0.0629195079695377));
#14599=CARTESIAN_POINT('',(0.0849382813422079,0.00422471191149296,-0.0639195079695377));
#14600=CARTESIAN_POINT('',(0.0849382813422079,0.00353112424001856,-0.0629195079695377));
#14601=CARTESIAN_POINT('',(0.0849382813422079,0.00353112424001856,-0.0639195079695377));
#14602=CARTESIAN_POINT('',(0.0847295773596149,0.00299092614973562,-0.0629195079695377));
#14603=CARTESIAN_POINT('',(0.0847295773596149,0.00299092614973562,-0.0639195079695377));
#14604=CARTESIAN_POINT('',(0.084312169394429,0.00260411764064412,-0.0629195079695377));
#14605=CARTESIAN_POINT('',(0.084312169394429,0.00260411764064412,-0.0639195079695377));
#14606=CARTESIAN_POINT('',(0.0849382813422079,0.00422471191149296,-0.0629195079695377));
#14607=CARTESIAN_POINT('',(0.0849382813422079,0.00422471191149296,-0.0629195079695377));
#14608=CARTESIAN_POINT('',(0.0849382813422079,0.00422471191149296,-0.0629195079695377));
#14609=CARTESIAN_POINT('',(0.0849382813422079,0.00318433040428137,-0.0629195079695377));
#14610=CARTESIAN_POINT('',(0.084312169394429,0.00260411764064412,-0.0629195079695377));
#14611=CARTESIAN_POINT('',(0.0797295084408977,0.00406288214710832,-0.0629195079695377));
#14612=CARTESIAN_POINT('',(0.0849071621431771,0.00466016570976026,-0.0629195079695377));
#14613=CARTESIAN_POINT('',(0.0849071621431771,0.00466016570976026,-0.0629195079695377));
#14614=CARTESIAN_POINT('',(0.0797295084408977,0.00406288214710832,-0.0629195079695377));
#14615=CARTESIAN_POINT('',(0.0816088251386993,0.00466016570976026,-0.0629195079695377));
#14616=CARTESIAN_POINT('',(0.078310285861287,0.00466016570976026,-0.0629195079695377));
#14617=CARTESIAN_POINT('',(0.078310285861287,0.00466016570976026,-0.0629195079695377));
#14618=CARTESIAN_POINT('',(0.0816088251386993,0.00466016570976026,-0.0629195079695377));
#14619=CARTESIAN_POINT('',(0.0833337845782447,0.00631497491895741,-0.0629195079695377));
#14620=CARTESIAN_POINT('',(0.0781122488288287,0.00547458200273585,-0.0629195079695377));
#14621=CARTESIAN_POINT('',(0.0781122488288287,0.00547458200273585,-0.0629195079695377));
#14622=CARTESIAN_POINT('',(0.0833337845782447,0.00631497491895741,-0.0629195079695377));
#14623=CARTESIAN_POINT('',(0.07803692709075,0.00624192220941228,-0.0629195079695377));
#14624=CARTESIAN_POINT('',(0.07803692709075,0.00624192220941228,-0.0639195079695377));
#14625=CARTESIAN_POINT('',(0.07803692709075,0.00603164902394267,-0.0629195079695377));
#14626=CARTESIAN_POINT('',(0.07803692709075,0.00603164902394267,-0.0639195079695377));
#14627=CARTESIAN_POINT('',(0.0780620343367762,0.00577586895505052,-0.0629195079695377));
#14628=CARTESIAN_POINT('',(0.0780620343367762,0.00577586895505052,-0.0639195079695377));
#14629=CARTESIAN_POINT('',(0.0781122488288287,0.00547458200273585,-0.0629195079695377));
#14630=CARTESIAN_POINT('',(0.0781122488288287,0.00547458200273585,-0.0639195079695377));
#14631=CARTESIAN_POINT('',(0.07803692709075,0.00624192220941228,-0.0629195079695377));
#14632=CARTESIAN_POINT('',(0.07803692709075,0.00624192220941228,-0.0629195079695377));
#14633=CARTESIAN_POINT('',(0.07803692709075,0.00624192220941228,-0.0629195079695377));
#14634=CARTESIAN_POINT('',(0.07803692709075,0.00592651243120786,-0.0629195079695377));
#14635=CARTESIAN_POINT('',(0.0781122488288287,0.00547458200273585,-0.0629195079695377));
#14636=CARTESIAN_POINT('',(0.0784370738242929,0.00787781620830835,-0.0629195079695377));
#14637=CARTESIAN_POINT('',(0.0784370738242929,0.00787781620830835,-0.0639195079695377));
#14638=CARTESIAN_POINT('',(0.0781703093352643,0.00740077853381012,-0.0629195079695377));
#14639=CARTESIAN_POINT('',(0.0781703093352643,0.00740077853381012,-0.0639195079695377));
#14640=CARTESIAN_POINT('',(0.07803692709075,0.00685548053417809,-0.0629195079695377));
#14641=CARTESIAN_POINT('',(0.07803692709075,0.00685548053417809,-0.0639195079695377));
#14642=CARTESIAN_POINT('',(0.07803692709075,0.00624192220941228,-0.0629195079695377));
#14643=CARTESIAN_POINT('',(0.07803692709075,0.00624192220941228,-0.0639195079695377));
#14644=CARTESIAN_POINT('',(0.0784370738242929,0.00787781620830835,-0.0629195079695377));
#14645=CARTESIAN_POINT('',(0.0784370738242929,0.00787781620830835,-0.0629195079695377));
#14646=CARTESIAN_POINT('',(0.0784370738242929,0.00787781620830835,-0.0629195079695377));
#14647=CARTESIAN_POINT('',(0.07803692709075,0.007162259696561,-0.0629195079695377));
#14648=CARTESIAN_POINT('',(0.07803692709075,0.00624192220941228,-0.0629195079695377));
#14649=CARTESIAN_POINT('',(0.0795974993515674,0.00899234255144113,-0.0629195079695377));
#14650=CARTESIAN_POINT('',(0.0795974993515674,0.00899234255144113,-0.0639195079695377));
#14651=CARTESIAN_POINT('',(0.0790906468224131,0.00872636266385084,-0.0629195079695377));
#14652=CARTESIAN_POINT('',(0.0790906468224131,0.00872636266385084,-0.0639195079695377));
#14653=CARTESIAN_POINT('',(0.0787038383133216,0.00835485388280658,-0.0629195079695377));
#14654=CARTESIAN_POINT('',(0.0787038383133216,0.00835485388280658,-0.0639195079695377));
#14655=CARTESIAN_POINT('',(0.0784370738242929,0.00787781620830835,-0.0629195079695377));
#14656=CARTESIAN_POINT('',(0.0784370738242929,0.00787781620830835,-0.0639195079695377));
#14657=CARTESIAN_POINT('',(0.0795974993515674,0.00899234255144113,-0.0629195079695377));
#14658=CARTESIAN_POINT('',(0.0788372205578359,0.00859337272005569,-0.0629195079695377));
#14659=CARTESIAN_POINT('',(0.0784370738242929,0.00787781620830835,-0.0629195079695377));
#14660=CARTESIAN_POINT('',(0.0794539172883549,0.00621132275331782,-0.0629195079695377));
#14661=CARTESIAN_POINT('',(0.0794539172883549,0.00621132275331782,-0.0639195079695377));
#14662=CARTESIAN_POINT('',(0.0794539172883549,0.00685469593273977,-0.0629195079695377));
#14663=CARTESIAN_POINT('',(0.0794539172883549,0.00685469593273977,-0.0639195079695377));
#14664=CARTESIAN_POINT('',(0.0796571290608797,0.00735213324463431,-0.0629195079695377));
#14665=CARTESIAN_POINT('',(0.0796571290608797,0.00735213324463431,-0.0639195079695377));
#14666=CARTESIAN_POINT('',(0.0800635526059292,0.00770363468900143,-0.0629195079695377));
#14667=CARTESIAN_POINT('',(0.0800635526059292,0.00770363468900143,-0.0639195079695377));
#14668=CARTESIAN_POINT('',(0.0794539172883549,0.00621132275331782,-0.0639195079695377));
#14669=CARTESIAN_POINT('',(0.0794539172883549,0.00717638252245075,-0.0639195079695377));
#14670=CARTESIAN_POINT('',(0.0800635526059292,0.00770363468900143,-0.0639195079695377));
#14671=CARTESIAN_POINT('',(0.0794539172883549,0.00621132275331782,-0.0629195079695377));
#14672=CARTESIAN_POINT('',(0.0794539172883549,0.00717638252245075,-0.0629195079695377));
#14673=CARTESIAN_POINT('',(0.0800635526059292,0.00770363468900143,-0.0629195079695377));
#14674=CARTESIAN_POINT('',(0.0449766300941353,0.0155,-0.0629195079695377));
#14675=CARTESIAN_POINT('',(0.0904956133298246,0.00940543520871633,-0.0629195079695377));
#14676=CARTESIAN_POINT('',(0.0904956133298246,0.00940543520871633,-0.0639195079695377));
#14677=CARTESIAN_POINT('',(0.0896717818195892,0.00940543520871633,-0.0629195079695377));
#14678=CARTESIAN_POINT('',(0.0896717818195892,0.00940543520871633,-0.0639195079695377));
#14679=CARTESIAN_POINT('',(0.0890087936042093,0.00917711619016537,-0.0629195079695377));
#14680=CARTESIAN_POINT('',(0.0890087936042093,0.00917711619016537,-0.0639195079695377));
#14681=CARTESIAN_POINT('',(0.0885066486836848,0.00872047815306344,-0.0629195079695377));
#14682=CARTESIAN_POINT('',(0.0885066486836848,0.00872047815306344,-0.0639195079695377));
#14683=CARTESIAN_POINT('',(0.0904956133298246,0.00940543520871633,-0.0629195079695377));
#14684=CARTESIAN_POINT('',(0.0904956133298246,0.00940543520871633,-0.0629195079695377));
#14685=CARTESIAN_POINT('',(0.0904956133298246,0.00940543520871633,-0.0629195079695377));
#14686=CARTESIAN_POINT('',(0.0892598660644715,0.00940543520871633,-0.0629195079695377));
#14687=CARTESIAN_POINT('',(0.0885066486836848,0.00872047815306344,-0.0629195079695377));
#14688=CARTESIAN_POINT('',(0.0885066486836848,0.00872047815306344,-0.0629195079695377));
#14689=CARTESIAN_POINT('',(0.0885066486836848,0.00872047815306344,-0.0629195079695377));
#14690=CARTESIAN_POINT('',(0.0905095280644368,0.00538210801155788,-0.0629195079695377));
#14691=CARTESIAN_POINT('',(0.0921597529805002,0.00905118765931509,-0.0629195079695377));
#14692=CARTESIAN_POINT('',(0.0921597529805002,0.00905118765931509,-0.0629195079695377));
#14693=CARTESIAN_POINT('',(0.0905095280644368,0.00538210801155788,-0.0629195079695377));
#14694=CARTESIAN_POINT('',(0.0934637605709871,0.00806612055350502,-0.0629195079695377));
#14695=CARTESIAN_POINT('',(0.0934637605709871,0.00806612055350502,-0.0639195079695377));
#14696=CARTESIAN_POINT('',(0.0931216743438798,0.00848666692444425,-0.0629195079695377));
#14697=CARTESIAN_POINT('',(0.0931216743438798,0.00848666692444425,-0.0639195079695377));
#14698=CARTESIAN_POINT('',(0.0926870051470509,0.00881502262638094,-0.0629195079695377));
#14699=CARTESIAN_POINT('',(0.0926870051470509,0.00881502262638094,-0.0639195079695377));
#14700=CARTESIAN_POINT('',(0.0921597529805002,0.00905118765931509,-0.0629195079695377));
#14701=CARTESIAN_POINT('',(0.0921597529805002,0.00905118765931509,-0.0639195079695377));
#14702=CARTESIAN_POINT('',(0.0934637605709871,0.00806612055350502,-0.0629195079695377));
#14703=CARTESIAN_POINT('',(0.0934637605709871,0.00806612055350502,-0.0629195079695377));
#14704=CARTESIAN_POINT('',(0.0934637605709871,0.00806612055350502,-0.0629195079695377));
#14705=CARTESIAN_POINT('',(0.0929506312303262,0.00869694010991386,-0.0629195079695377));
#14706=CARTESIAN_POINT('',(0.0921597529805002,0.00905118765931509,-0.0629195079695377));
#14707=CARTESIAN_POINT('',(0.093102451608641,0.0101068688945739,-0.0629195079695377));
#14708=CARTESIAN_POINT('',(0.0927411426462949,0.0121476172356428,-0.0629195079695377));
#14709=CARTESIAN_POINT('',(0.0927411426462949,0.0121476172356428,-0.0629195079695377));
#14710=CARTESIAN_POINT('',(0.093102451608641,0.0101068688945739,-0.0629195079695377));
#14711=CARTESIAN_POINT('',(0.0934260997019478,0.0121476172356428,-0.0629195079695377));
#14712=CARTESIAN_POINT('',(0.0941110567576007,0.0121476172356428,-0.0629195079695377));
#14713=CARTESIAN_POINT('',(0.0941110567576007,0.0121476172356428,-0.0629195079695377));
#14714=CARTESIAN_POINT('',(0.0934260997019478,0.0121476172356428,-0.0629195079695377));
#14715=CARTESIAN_POINT('',(0.0950984776677257,0.00657380861782141,-0.0629195079695377));
#14716=CARTESIAN_POINT('',(0.0960858985778508,0.001,-0.0629195079695377));
#14717=CARTESIAN_POINT('',(0.0960858985778508,0.001,-0.0629195079695377));
#14718=CARTESIAN_POINT('',(0.0950984776677257,0.00657380861782141,-0.0629195079695377));
#14719=CARTESIAN_POINT('',(0.0953997646200404,0.001,-0.0629195079695377));
#14720=CARTESIAN_POINT('',(0.09471363066223,0.001,-0.0629195079695377));
#14721=CARTESIAN_POINT('',(0.09471363066223,0.001,-0.0629195079695377));
#14722=CARTESIAN_POINT('',(0.0953997646200404,0.001,-0.0629195079695377));
#14723=CARTESIAN_POINT('',(0.0943075994178997,0.00329731301139937,-0.0629195079695377));
#14724=CARTESIAN_POINT('',(0.0939015681735694,0.00559462602279873,-0.0629195079695377));
#14725=CARTESIAN_POINT('',(0.0939015681735694,0.00559462602279873,-0.0629195079695377));
#14726=CARTESIAN_POINT('',(0.0943075994178997,0.00329731301139937,-0.0629195079695377));
#14727=CARTESIAN_POINT('',(0.0939015681735694,0.0055793262947515,-0.0629195079695377));
#14728=CARTESIAN_POINT('',(0.0939015681735694,0.00556402656670427,-0.0629195079695377));
#14729=CARTESIAN_POINT('',(0.0939015681735694,0.00556402656670427,-0.0629195079695377));
#14730=CARTESIAN_POINT('',(0.0939015681735694,0.0055793262947515,-0.0629195079695377));
#14731=CARTESIAN_POINT('',(0.0929141472634444,0.00753886838695434,-0.0629195079695377));
#14732=CARTESIAN_POINT('',(0.0929141472634444,0.00753886838695434,-0.0639195079695377));
#14733=CARTESIAN_POINT('',(0.0934217843940371,0.00708693795848233,-0.0629195079695377));
#14734=CARTESIAN_POINT('',(0.0934217843940371,0.00708693795848233,-0.0639195079695377));
#14735=CARTESIAN_POINT('',(0.093750924697412,0.00642865735173231,-0.0629195079695377));
#14736=CARTESIAN_POINT('',(0.093750924697412,0.00642865735173231,-0.0639195079695377));
#14737=CARTESIAN_POINT('',(0.0939015681735694,0.00556402656670427,-0.0629195079695377));
#14738=CARTESIAN_POINT('',(0.0939015681735694,0.00556402656670427,-0.0639195079695377));
#14739=CARTESIAN_POINT('',(0.0929141472634444,0.00753886838695434,-0.0629195079695377));
#14740=CARTESIAN_POINT('',(0.0929141472634444,0.00753886838695434,-0.0629195079695377));
#14741=CARTESIAN_POINT('',(0.0929141472634444,0.00753886838695434,-0.0629195079695377));
#14742=CARTESIAN_POINT('',(0.0936756029593334,0.00686097274424633,-0.0629195079695377));
#14743=CARTESIAN_POINT('',(0.0939015681735694,0.00556402656670427,-0.0629195079695377));
#14744=CARTESIAN_POINT('',(0.0910675877783595,0.00821676402966235,-0.0629195079695377));
#14745=CARTESIAN_POINT('',(0.0910675877783595,0.00821676402966235,-0.0639195079695377));
#14746=CARTESIAN_POINT('',(0.09179099030449,0.00821676402966235,-0.0629195079695377));
#14747=CARTESIAN_POINT('',(0.09179099030449,0.00821676402966235,-0.0639195079695377));
#14748=CARTESIAN_POINT('',(0.0924065101328517,0.00799079881542635,-0.0629195079695377));
#14749=CARTESIAN_POINT('',(0.0924065101328517,0.00799079881542635,-0.0639195079695377));
#14750=CARTESIAN_POINT('',(0.0929141472634444,0.00753886838695434,-0.0629195079695377));
#14751=CARTESIAN_POINT('',(0.0929141472634444,0.00753886838695434,-0.0639195079695377));
#14752=CARTESIAN_POINT('',(0.0910675877783595,0.00821676402966235,-0.0629195079695377));
#14753=CARTESIAN_POINT('',(0.0910675877783595,0.00821676402966235,-0.0629195079695377));
#14754=CARTESIAN_POINT('',(0.0910675877783595,0.00821676402966235,-0.0629195079695377));
#14755=CARTESIAN_POINT('',(0.0921526915675553,0.00821676402966235,-0.0629195079695377));
#14756=CARTESIAN_POINT('',(0.0929141472634444,0.00753886838695434,-0.0629195079695377));
#14757=CARTESIAN_POINT('',(0.0896600127980144,0.00773423414509589,-0.0629195079695377));
#14758=CARTESIAN_POINT('',(0.0896600127980144,0.00773423414509589,-0.0639195079695377));
#14759=CARTESIAN_POINT('',(0.0899958222136151,0.00805592073480686,-0.0629195079695377));
#14760=CARTESIAN_POINT('',(0.0899958222136151,0.00805592073480686,-0.0639195079695377));
#14761=CARTESIAN_POINT('',(0.0904650138737302,0.00821676402966235,-0.0629195079695377));
#14762=CARTESIAN_POINT('',(0.0904650138737302,0.00821676402966235,-0.0639195079695377));
#14763=CARTESIAN_POINT('',(0.0910675877783595,0.00821676402966235,-0.0629195079695377));
#14764=CARTESIAN_POINT('',(0.0910675877783595,0.00821676402966235,-0.0639195079695377));
#14765=CARTESIAN_POINT('',(0.0896600127980144,0.00773423414509589,-0.0629195079695377));
#14766=CARTESIAN_POINT('',(0.0896600127980144,0.00773423414509589,-0.0629195079695377));
#14767=CARTESIAN_POINT('',(0.0896600127980144,0.00773423414509589,-0.0629195079695377));
#14768=CARTESIAN_POINT('',(0.0901637269214155,0.00821676402966235,-0.0629195079695377));
#14769=CARTESIAN_POINT('',(0.0910675877783595,0.00821676402966235,-0.0629195079695377));
#14770=CARTESIAN_POINT('',(0.0891562986746133,0.00633372057769566,-0.0629195079695377));
#14771=CARTESIAN_POINT('',(0.0891562986746133,0.00633372057769566,-0.0639195079695377));
#14772=CARTESIAN_POINT('',(0.0891562986746133,0.00694570969958483,-0.0629195079695377));
#14773=CARTESIAN_POINT('',(0.0891562986746133,0.00694570969958483,-0.0639195079695377));
#14774=CARTESIAN_POINT('',(0.0893242033824137,0.00741254755538491,-0.0629195079695377));
#14775=CARTESIAN_POINT('',(0.0893242033824137,0.00741254755538491,-0.0639195079695377));
#14776=CARTESIAN_POINT('',(0.0896600127980144,0.00773423414509589,-0.0629195079695377));
#14777=CARTESIAN_POINT('',(0.0896600127980144,0.00773423414509589,-0.0639195079695377));
#14778=CARTESIAN_POINT('',(0.0891562986746133,0.00633372057769566,-0.0629195079695377));
#14779=CARTESIAN_POINT('',(0.0891562986746133,0.00633372057769566,-0.0629195079695377));
#14780=CARTESIAN_POINT('',(0.0891562986746133,0.00633372057769566,-0.0629195079695377));
#14781=CARTESIAN_POINT('',(0.0891562986746133,0.00725170426052942,-0.0629195079695377));
#14782=CARTESIAN_POINT('',(0.0896600127980144,0.00773423414509589,-0.0629195079695377));
#14783=CARTESIAN_POINT('',(0.0927735717343863,0.00631755446594808,-0.0629195079695377));
#14784=CARTESIAN_POINT('',(0.0892151437824873,0.0056699477608774,-0.0629195079695377));
#14785=CARTESIAN_POINT('',(0.0892150385195843,0.00566992860383314,-0.0629195082195377));
#14786=CARTESIAN_POINT('',(0.0927735717343863,0.00631755446594808,-0.0629195079695377));
#14787=CARTESIAN_POINT('',(0.08962941334192,0.0033349738804387,-0.0629195079695377));
#14788=CARTESIAN_POINT('',(0.0900436829013526,0.001,-0.0629195079695377));
#14789=CARTESIAN_POINT('',(0.0900436829013526,0.001,-0.0629195079695377));
#14790=CARTESIAN_POINT('',(0.08962941334192,0.0033349738804387,-0.0629195079695377));
#14791=CARTESIAN_POINT('',(0.0893657872586446,0.001,-0.0629195079695377));
#14792=CARTESIAN_POINT('',(0.0886878916159366,0.001,-0.0629195079695377));
#14793=CARTESIAN_POINT('',(0.0886878916159366,0.001,-0.0629195079695377));
#14794=CARTESIAN_POINT('',(0.0893657872586446,0.001,-0.0629195079695377));
#14795=CARTESIAN_POINT('',(0.0882583223284567,0.00343265675950947,-0.0629195079695377));
#14796=CARTESIAN_POINT('',(0.0878287530409768,0.00586531351901895,-0.0629195079695377));
#14797=CARTESIAN_POINT('',(0.0878284307560967,0.00586525535791518,-0.0629195079695377));
#14798=CARTESIAN_POINT('',(0.0882583223284567,0.00343265675950947,-0.0629195079695377));
#14799=CARTESIAN_POINT('',(0.0924252264429865,0.00669481556199754,-0.0629195079695378));
#14800=CARTESIAN_POINT('',(0.0877534313028981,0.0067385749198685,-0.0629195079695377));
#14801=CARTESIAN_POINT('',(0.0877534313028981,0.0067385749198685,-0.0629195079695377));
#14802=CARTESIAN_POINT('',(0.0924252264429865,0.00669481556199754,-0.0629195079695377));
#14803=CARTESIAN_POINT('',(0.0885066486836848,0.00872047815306344,-0.0629195079695377));
#14804=CARTESIAN_POINT('',(0.0885066486836848,0.00872047815306344,-0.0639195079695377));
#14805=CARTESIAN_POINT('',(0.0880045037631603,0.00826384011596152,-0.0629195079695377));
#14806=CARTESIAN_POINT('',(0.0880045037631603,0.00826384011596152,-0.0639195079695377));
#14807=CARTESIAN_POINT('',(0.0877534313028981,0.00760320570489654,-0.0629195079695377));
#14808=CARTESIAN_POINT('',(0.0877534313028981,0.00760320570489654,-0.0639195079695377));
#14809=CARTESIAN_POINT('',(0.0877534313028981,0.0067385749198685,-0.0629195079695377));
#14810=CARTESIAN_POINT('',(0.0877534313028981,0.0067385749198685,-0.0639195079695377));
#14811=CARTESIAN_POINT('',(0.0885066486836848,0.00872047815306344,-0.0629195079695377));
#14812=CARTESIAN_POINT('',(0.0877534313028981,0.00803552109741056,-0.0629195079695377));
#14813=CARTESIAN_POINT('',(0.0877534313028981,0.0067385749198685,-0.0629195079695377));
#14814=CARTESIAN_POINT('',(0.0449766300941353,0.0155,-0.0629195079695377));
#14815=CARTESIAN_POINT('',(0.0449766300941353,-0.003,-0.0639195079695377));
#14816=CARTESIAN_POINT('',(0.0449766300941353,-0.003,-0.0639195079695377));
#14817=CARTESIAN_POINT('',(0.0449766300941353,-0.003,-0.0639195079695377));
#14818=CARTESIAN_POINT('',(0.0449766300941353,-0.003,-0.0639195079695377));
#14819=CARTESIAN_POINT('',(0.,0.,0.));
#14820=CARTESIAN_POINT('',(0.0832700372629509,0.00624330338107344,-0.0629195079695377));
#14821=CARTESIAN_POINT('',(0.0832700372629509,0.00624330338107344,-0.0639195079695377));
#14822=CARTESIAN_POINT('',(0.0794989471007048,0.00565582493498765,-0.0639195079695377));
#14823=CARTESIAN_POINT('',(0.0794539172883549,0.00621132275331782,-0.0639195079695377));
#14824=CARTESIAN_POINT('',(0.0794539172883549,0.00621132275331782,-0.0629195079695377));
#14825=CARTESIAN_POINT('',(0.0794539172883549,0.00621132275331782,-0.0629195079695377));
#14826=CARTESIAN_POINT('',(0.0832700372629509,0.00624330338107344,-0.0629195079695377));
#14827=CARTESIAN_POINT('',(0.0794989471007048,0.00565582493498765,-0.0629195079695377));
#14828=CARTESIAN_POINT('',(0.0794989471007048,0.00565582493498765,-0.0629195079695377));
#14829=CARTESIAN_POINT('',(0.0821125392621004,0.00565582493498765,-0.0629195079695377));
#14830=CARTESIAN_POINT('',(0.0821125392621004,0.00565582493498765,-0.0639195079695377));
#14831=CARTESIAN_POINT('',(0.0847264389538617,0.00565582493498765,-0.0639195079695377));
#14832=CARTESIAN_POINT('',(0.0821125392621004,0.00565582493498765,-0.0629195079695377));
#14833=CARTESIAN_POINT('',(0.0847264389538617,0.00565582493498765,-0.0629195079695377));
#14834=CARTESIAN_POINT('',(0.0847264389538617,0.00565582493498765,-0.0629195079695377));
#14835=CARTESIAN_POINT('',(0.0835660134265872,0.00754592979989922,-0.0629195079695377));
#14836=CARTESIAN_POINT('',(0.0835660134265872,0.00754592979989922,-0.0639195079695377));
#14837=CARTESIAN_POINT('',(0.0841387724765604,0.00708929176279729,-0.0629195079695377));
#14838=CARTESIAN_POINT('',(0.0841387724765604,0.00708929176279729,-0.0639195079695377));
#14839=CARTESIAN_POINT('',(0.0845255809856519,0.00645925680782677,-0.0629195079695377));
#14840=CARTESIAN_POINT('',(0.0845255809856519,0.00645925680782677,-0.0639195079695377));
#14841=CARTESIAN_POINT('',(0.0847264389538617,0.00565582493498765,-0.0629195079695377));
#14842=CARTESIAN_POINT('',(0.0847264389538617,0.00565582493498765,-0.0639195079695377));
#14843=CARTESIAN_POINT('',(0.0835660134265872,0.00754592979989922,-0.0639195079695377));
#14844=CARTESIAN_POINT('',(0.084425152001547,0.00686097274424633,-0.0639195079695377));
#14845=CARTESIAN_POINT('',(0.0847264389538617,0.00565582493498765,-0.0639195079695377));
#14846=CARTESIAN_POINT('',(0.0835660134265872,0.00754592979989922,-0.0639195079695377));
#14847=CARTESIAN_POINT('',(0.0835660134265872,0.00754592979989922,-0.0629195079695377));
#14848=CARTESIAN_POINT('',(0.084425152001547,0.00686097274424633,-0.0629195079695377));
#14849=CARTESIAN_POINT('',(0.0847264389538617,0.00565582493498765,-0.0629195079695377));
#14850=CARTESIAN_POINT('',(0.0835660134265872,0.00754592979989922,-0.0629195079695377));
#14851=CARTESIAN_POINT('',(0.0835660134265872,0.00754592979989922,-0.0629195079695377));
#14852=CARTESIAN_POINT('',(0.0816523705185261,0.0082308868555521,-0.0629195079695377));
#14853=CARTESIAN_POINT('',(0.0816523705185261,0.0082308868555521,-0.0639195079695377));
#14854=CARTESIAN_POINT('',(0.0823553734072603,0.0082308868555521,-0.0629195079695377));
#14855=CARTESIAN_POINT('',(0.0823553734072603,0.0082308868555521,-0.0639195079695377));
#14856=CARTESIAN_POINT('',(0.082993254376614,0.00800256783700114,-0.0629195079695377));
#14857=CARTESIAN_POINT('',(0.082993254376614,0.00800256783700114,-0.0639195079695377));
#14858=CARTESIAN_POINT('',(0.0835660134265872,0.00754592979989922,-0.0629195079695377));
#14859=CARTESIAN_POINT('',(0.0835660134265872,0.00754592979989922,-0.0639195079695377));
#14860=CARTESIAN_POINT('',(0.0816523705185261,0.0082308868555521,-0.0639195079695377));
#14861=CARTESIAN_POINT('',(0.0827068748516274,0.0082308868555521,-0.0639195079695377));
#14862=CARTESIAN_POINT('',(0.0835660134265872,0.00754592979989922,-0.0639195079695377));
#14863=CARTESIAN_POINT('',(0.0816523705185261,0.0082308868555521,-0.0639195079695377));
#14864=CARTESIAN_POINT('',(0.0816523705185261,0.0082308868555521,-0.0629195079695377));
#14865=CARTESIAN_POINT('',(0.0827068748516274,0.0082308868555521,-0.0629195079695377));
#14866=CARTESIAN_POINT('',(0.0835660134265872,0.00754592979989922,-0.0629195079695377));
#14867=CARTESIAN_POINT('',(0.0816523705185261,0.0082308868555521,-0.0629195079695377));
#14868=CARTESIAN_POINT('',(0.0816523705185261,0.0082308868555521,-0.0629195079695377));
#14869=CARTESIAN_POINT('',(0.0800635526059292,0.00770363468900143,-0.0629195079695377));
#14870=CARTESIAN_POINT('',(0.0800635526059292,0.00770363468900143,-0.0639195079695377));
#14871=CARTESIAN_POINT('',(0.0804699761509787,0.00805513613336854,-0.0629195079695377));
#14872=CARTESIAN_POINT('',(0.0804699761509787,0.00805513613336854,-0.0639195079695377));
#14873=CARTESIAN_POINT('',(0.0809995821218443,0.0082308868555521,-0.0629195079695377));
#14874=CARTESIAN_POINT('',(0.0809995821218443,0.0082308868555521,-0.0639195079695377));
#14875=CARTESIAN_POINT('',(0.0816523705185261,0.0082308868555521,-0.0629195079695377));
#14876=CARTESIAN_POINT('',(0.0816523705185261,0.0082308868555521,-0.0639195079695377));
#14877=CARTESIAN_POINT('',(0.0800635526059292,0.00770363468900143,-0.0639195079695377));
#14878=CARTESIAN_POINT('',(0.0806731879235034,0.0082308868555521,-0.0639195079695377));
#14879=CARTESIAN_POINT('',(0.0816523705185261,0.0082308868555521,-0.0639195079695377));
#14880=CARTESIAN_POINT('',(0.0800635526059292,0.00770363468900143,-0.0639195079695377));
#14881=CARTESIAN_POINT('',(0.0800635526059292,0.00770363468900143,-0.0629195079695377));
#14882=CARTESIAN_POINT('',(0.0806731879235034,0.0082308868555521,-0.0629195079695377));
#14883=CARTESIAN_POINT('',(0.0816523705185261,0.0082308868555521,-0.0629195079695377));
#14884=CARTESIAN_POINT('',(0.0800635526059292,0.00770363468900143,-0.0629195079695377));
#14885=CARTESIAN_POINT('',(0.0800635526059292,0.00770363468900143,-0.0629195079695377));
#14886=CARTESIAN_POINT('',(0.0813981596525106,0.00939131238282658,-0.0629195079695377));
#14887=CARTESIAN_POINT('',(0.0813981596525106,0.00939131238282658,-0.0639195079695377));
#14888=CARTESIAN_POINT('',(0.0807045719810362,0.00939131238282658,-0.0629195079695377));
#14889=CARTESIAN_POINT('',(0.0807045719810362,0.00939131238282658,-0.0639195079695377));
#14890=CARTESIAN_POINT('',(0.0801043518807218,0.00925832243903143,-0.0629195079695377));
#14891=CARTESIAN_POINT('',(0.0801043518807218,0.00925832243903143,-0.0639195079695377));
#14892=CARTESIAN_POINT('',(0.0795974993515674,0.00899234255144113,-0.0629195079695377));
#14893=CARTESIAN_POINT('',(0.0795974993515674,0.00899234255144113,-0.0639195079695377));
#14894=CARTESIAN_POINT('',(0.0813981596525106,0.00939131238282658,-0.0639195079695377));
#14895=CARTESIAN_POINT('',(0.080357778145299,0.00939131238282658,-0.0639195079695377));
#14896=CARTESIAN_POINT('',(0.0795974993515674,0.00899234255144113,-0.0639195079695377));
#14897=CARTESIAN_POINT('',(0.0813981596525106,0.00939131238282658,-0.0639195079695377));
#14898=CARTESIAN_POINT('',(0.0795974993515674,0.00899234255144113,-0.0639195079695377));
#14899=CARTESIAN_POINT('',(0.0795974993515674,0.00899234255144113,-0.0629195079695377));
#14900=CARTESIAN_POINT('',(0.0795974993515674,0.00899234255144113,-0.0629195079695377));
#14901=CARTESIAN_POINT('',(0.0813981596525106,0.00939131238282658,-0.0629195079695377));
#14902=CARTESIAN_POINT('',(0.080357778145299,0.00939131238282658,-0.0629195079695377));
#14903=CARTESIAN_POINT('',(0.0795974993515674,0.00899234255144113,-0.0629195079695377));
#14904=CARTESIAN_POINT('',(0.0813981596525106,0.00939131238282658,-0.0629195079695377));
#14905=CARTESIAN_POINT('',(0.0813981596525106,0.00939131238282658,-0.0629195079695377));
#14906=CARTESIAN_POINT('',(0.0836036742956265,0.00887112162922078,-0.0629195079695377));
#14907=CARTESIAN_POINT('',(0.0836036742956265,0.00887112162922078,-0.0639195079695377));
#14908=CARTESIAN_POINT('',(0.0829257786529185,0.00921791546495798,-0.0629195079695377));
#14909=CARTESIAN_POINT('',(0.0829257786529185,0.00921791546495798,-0.0639195079695377));
#14910=CARTESIAN_POINT('',(0.0821906071052132,0.00939131238282658,-0.0629195079695377));
#14911=CARTESIAN_POINT('',(0.0821906071052132,0.00939131238282658,-0.0639195079695377));
#14912=CARTESIAN_POINT('',(0.0813981596525106,0.00939131238282658,-0.0629195079695377));
#14913=CARTESIAN_POINT('',(0.0813981596525106,0.00939131238282658,-0.0639195079695377));
#14914=CARTESIAN_POINT('',(0.0836036742956265,0.00887112162922078,-0.0639195079695377));
#14915=CARTESIAN_POINT('',(0.0825868308315645,0.00939131238282658,-0.0639195079695377));
#14916=CARTESIAN_POINT('',(0.0813981596525106,0.00939131238282658,-0.0639195079695377));
#14917=CARTESIAN_POINT('',(0.0836036742956265,0.00887112162922078,-0.0639195079695377));
#14918=CARTESIAN_POINT('',(0.0836036742956265,0.00887112162922078,-0.0629195079695377));
#14919=CARTESIAN_POINT('',(0.0825868308315645,0.00939131238282658,-0.0629195079695377));
#14920=CARTESIAN_POINT('',(0.0813981596525106,0.00939131238282658,-0.0629195079695377));
#14921=CARTESIAN_POINT('',(0.0836036742956265,0.00887112162922078,-0.0629195079695377));
#14922=CARTESIAN_POINT('',(0.0836036742956265,0.00887112162922078,-0.0629195079695377));
#14923=CARTESIAN_POINT('',(0.0853137131304438,0.00738704800863953,-0.0629195079695377));
#14924=CARTESIAN_POINT('',(0.0853137131304438,0.00738704800863953,-0.0639195079695377));
#14925=CARTESIAN_POINT('',(0.0848515828832737,0.00802963658662316,-0.0629195079695377));
#14926=CARTESIAN_POINT('',(0.0848515828832737,0.00802963658662316,-0.0639195079695377));
#14927=CARTESIAN_POINT('',(0.0842815699383346,0.00852432779348358,-0.0629195079695377));
#14928=CARTESIAN_POINT('',(0.0842815699383346,0.00852432779348358,-0.0639195079695377));
#14929=CARTESIAN_POINT('',(0.0836036742956265,0.00887112162922078,-0.0629195079695377));
#14930=CARTESIAN_POINT('',(0.0836036742956265,0.00887112162922078,-0.0639195079695377));
#14931=CARTESIAN_POINT('',(0.0853137131304438,0.00738704800863953,-0.0639195079695377));
#14932=CARTESIAN_POINT('',(0.0846205177596886,0.00835093087561498,-0.0639195079695377));
#14933=CARTESIAN_POINT('',(0.0836036742956265,0.00887112162922078,-0.0639195079695377));
#14934=CARTESIAN_POINT('',(0.0853137131304438,0.00738704800863953,-0.0639195079695377));
#14935=CARTESIAN_POINT('',(0.0853137131304438,0.00738704800863953,-0.0629195079695377));
#14936=CARTESIAN_POINT('',(0.0846205177596886,0.00835093087561498,-0.0629195079695377));
#14937=CARTESIAN_POINT('',(0.0836036742956265,0.00887112162922078,-0.0629195079695377));
#14938=CARTESIAN_POINT('',(0.0853137131304438,0.00738704800863953,-0.0629195079695377));
#14939=CARTESIAN_POINT('',(0.0853137131304438,0.00738704800863953,-0.0629195079695377));
#14940=CARTESIAN_POINT('',(0.086232873715435,0.00514269559432673,-0.0629195079695377));
#14941=CARTESIAN_POINT('',(0.086232873715435,0.00514269559432673,-0.0639195079695377));
#14942=CARTESIAN_POINT('',(0.0860822302392777,0.0059963419592183,-0.0629195079695377));
#14943=CARTESIAN_POINT('',(0.0860822302392777,0.0059963419592183,-0.0639195079695377));
#14944=CARTESIAN_POINT('',(0.0857758433776139,0.0067444594306559,-0.0629195079695377));
#14945=CARTESIAN_POINT('',(0.0857758433776139,0.0067444594306559,-0.0639195079695377));
#14946=CARTESIAN_POINT('',(0.0853137131304438,0.00738704800863953,-0.0629195079695377));
#14947=CARTESIAN_POINT('',(0.0853137131304438,0.00738704800863953,-0.0639195079695377));
#14948=CARTESIAN_POINT('',(0.086232873715435,0.00514269559432673,-0.0639195079695377));
#14949=CARTESIAN_POINT('',(0.086006908501199,0.00642316514166408,-0.0639195079695377));
#14950=CARTESIAN_POINT('',(0.0853137131304438,0.00738704800863953,-0.0639195079695377));
#14951=CARTESIAN_POINT('',(0.086232873715435,0.00514269559432673,-0.0639195079695377));
#14952=CARTESIAN_POINT('',(0.086232873715435,0.00514269559432673,-0.0629195079695377));
#14953=CARTESIAN_POINT('',(0.086006908501199,0.00642316514166408,-0.0629195079695377));
#14954=CARTESIAN_POINT('',(0.0853137131304438,0.00738704800863953,-0.0629195079695377));
#14955=CARTESIAN_POINT('',(0.086232873715435,0.00514269559432673,-0.0629195079695377));
#14956=CARTESIAN_POINT('',(0.086232873715435,0.00514269559432673,-0.0629195079695377));
#14957=CARTESIAN_POINT('',(0.0810271579549544,0.00416718744543495,-0.0629195079695378));
#14958=CARTESIAN_POINT('',(0.0810271579549544,0.00416718744543495,-0.0639195079695377));
#14959=CARTESIAN_POINT('',(0.0863223182794035,0.00420823528128826,-0.0639195079695377));
#14960=CARTESIAN_POINT('',(0.0810271579549544,0.00416718744543495,-0.0629195079695377));
#14961=CARTESIAN_POINT('',(0.0863223182794035,0.00420823528128826,-0.0629195079695377));
#14962=CARTESIAN_POINT('',(0.0863223182794035,0.00420823528128826,-0.0629195079695377));
#14963=CARTESIAN_POINT('',(0.0853807965534201,0.00176027879373155,-0.0629195079695377));
#14964=CARTESIAN_POINT('',(0.0853807965534201,0.00176027879373155,-0.0639195079695377));
#14965=CARTESIAN_POINT('',(0.0860084777040757,0.00235814508973098,-0.0629195079695377));
#14966=CARTESIAN_POINT('',(0.0860084777040757,0.00235814508973098,-0.0639195079695377));
#14967=CARTESIAN_POINT('',(0.0863223182794035,0.00317413058558321,-0.0629195079695377));
#14968=CARTESIAN_POINT('',(0.0863223182794035,0.00317413058558321,-0.0639195079695377));
#14969=CARTESIAN_POINT('',(0.0863223182794035,0.00420823528128826,-0.0629195079695377));
#14970=CARTESIAN_POINT('',(0.0863223182794035,0.00420823528128826,-0.0639195079695377));
#14971=CARTESIAN_POINT('',(0.0853807965534201,0.00176027879373155,-0.0639195079695377));
#14972=CARTESIAN_POINT('',(0.0863223182794035,0.00265707823773069,-0.0639195079695377));
#14973=CARTESIAN_POINT('',(0.0863223182794035,0.00420823528128826,-0.0639195079695377));
#14974=CARTESIAN_POINT('',(0.0853807965534201,0.00176027879373155,-0.0639195079695377));
#14975=CARTESIAN_POINT('',(0.0853807965534201,0.00176027879373155,-0.0629195079695377));
#14976=CARTESIAN_POINT('',(0.0863223182794035,0.00265707823773069,-0.0629195079695377));
#14977=CARTESIAN_POINT('',(0.0863223182794035,0.00420823528128826,-0.0629195079695377));
#14978=CARTESIAN_POINT('',(0.0853807965534201,0.00176027879373155,-0.0629195079695377));
#14979=CARTESIAN_POINT('',(0.0853807965534201,0.00176027879373155,-0.0629195079695377));
#14980=CARTESIAN_POINT('',(0.0828881177838792,0.000863479349732415,-0.0629195079695377));
#14981=CARTESIAN_POINT('',(0.0828881177838792,0.000863479349732415,-0.0639195079695377));
#14982=CARTESIAN_POINT('',(0.0839222224795843,0.000863479349732415,-0.0629195079695377));
#14983=CARTESIAN_POINT('',(0.0839222224795843,0.000863479349732415,-0.0639195079695377));
#14984=CARTESIAN_POINT('',(0.0847531154027646,0.00116241249773213,-0.0629195079695377));
#14985=CARTESIAN_POINT('',(0.0847531154027646,0.00116241249773213,-0.0639195079695377));
#14986=CARTESIAN_POINT('',(0.0853807965534201,0.00176027879373155,-0.0629195079695377));
#14987=CARTESIAN_POINT('',(0.0853807965534201,0.00176027879373155,-0.0639195079695377));
#14988=CARTESIAN_POINT('',(0.0828881177838792,0.000863479349732415,-0.0639195079695377));
#14989=CARTESIAN_POINT('',(0.0844392748274368,0.000863479349732415,-0.0639195079695377));
#14990=CARTESIAN_POINT('',(0.0853807965534201,0.00176027879373155,-0.0639195079695377));
#14991=CARTESIAN_POINT('',(0.0828881177838792,0.000863479349732415,-0.0639195079695377));
#14992=CARTESIAN_POINT('',(0.0828881177838792,0.000863479349732415,-0.0629195079695377));
#14993=CARTESIAN_POINT('',(0.0844392748274368,0.000863479349732415,-0.0629195079695377));
#14994=CARTESIAN_POINT('',(0.0853807965534201,0.00176027879373155,-0.0629195079695377));
#14995=CARTESIAN_POINT('',(0.0828881177838792,0.000863479349732415,-0.0629195079695377));
#14996=CARTESIAN_POINT('',(0.0828881177838792,0.000863479349732415,-0.0629195079695377));
#14997=CARTESIAN_POINT('',(0.0802895178201652,0.00160963531757421,-0.0629195079695377));
#14998=CARTESIAN_POINT('',(0.0802895178201652,0.00160963531757421,-0.0639195079695377));
#14999=CARTESIAN_POINT('',(0.0810380275923219,0.00111219800567968,-0.0629195079695377));
#15000=CARTESIAN_POINT('',(0.0810380275923219,0.00111219800567968,-0.0639195079695377));
#15001=CARTESIAN_POINT('',(0.0819042275802266,0.000863479349732415,-0.0629195079695377));
#15002=CARTESIAN_POINT('',(0.0819042275802266,0.000863479349732415,-0.0639195079695377));
#15003=CARTESIAN_POINT('',(0.0828881177838792,0.000863479349732415,-0.0629195079695377));
#15004=CARTESIAN_POINT('',(0.0828881177838792,0.000863479349732415,-0.0639195079695377));
#15005=CARTESIAN_POINT('',(0.0802895178201652,0.00160963531757421,-0.0639195079695377));
#15006=CARTESIAN_POINT('',(0.0814122824784003,0.000863479349732415,-0.0639195079695377));
#15007=CARTESIAN_POINT('',(0.0828881177838792,0.000863479349732415,-0.0639195079695377));
#15008=CARTESIAN_POINT('',(0.0802895178201652,0.00160963531757421,-0.0639195079695377));
#15009=CARTESIAN_POINT('',(0.0802895178201652,0.00160963531757421,-0.0629195079695377));
#15010=CARTESIAN_POINT('',(0.0814122824784003,0.000863479349732415,-0.0629195079695377));
#15011=CARTESIAN_POINT('',(0.0828881177838792,0.000863479349732415,-0.0629195079695377));
#15012=CARTESIAN_POINT('',(0.0802895178201652,0.00160963531757421,-0.0629195079695377));
#15013=CARTESIAN_POINT('',(0.0802895178201652,0.00160963531757421,-0.0629195079695377));
#15014=CARTESIAN_POINT('',(0.0786253781694896,0.00354681626878496,-0.0629195079695377));
#15015=CARTESIAN_POINT('',(0.0786253781694896,0.00354681626878496,-0.0639195079695377));
#15016=CARTESIAN_POINT('',(0.0789862948311165,0.00275279961320566,-0.0629195079695377));
#15017=CARTESIAN_POINT('',(0.0789862948311165,0.00275279961320566,-0.0639195079695377));
#15018=CARTESIAN_POINT('',(0.0795410080480084,0.00210707262946875,-0.0629195079695377));
#15019=CARTESIAN_POINT('',(0.0795410080480084,0.00210707262946875,-0.0639195079695377));
#15020=CARTESIAN_POINT('',(0.0802895178201652,0.00160963531757421,-0.0629195079695377));
#15021=CARTESIAN_POINT('',(0.0802895178201652,0.00160963531757421,-0.0639195079695377));
#15022=CARTESIAN_POINT('',(0.0786253781694896,0.00354681626878496,-0.0639195079695377));
#15023=CARTESIAN_POINT('',(0.07916675316193,0.00235579128541602,-0.0639195079695377));
#15024=CARTESIAN_POINT('',(0.0802895178201652,0.00160963531757421,-0.0639195079695377));
#15025=CARTESIAN_POINT('',(0.0786253781694896,0.00354681626878496,-0.0639195079695377));
#15026=CARTESIAN_POINT('',(0.0786253781694896,0.00354681626878496,-0.0629195079695377));
#15027=CARTESIAN_POINT('',(0.07916675316193,0.00235579128541602,-0.0629195079695377));
#15028=CARTESIAN_POINT('',(0.0802895178201652,0.00160963531757421,-0.0629195079695377));
#15029=CARTESIAN_POINT('',(0.0786253781694896,0.00354681626878496,-0.0629195079695377));
#15030=CARTESIAN_POINT('',(0.0786253781694896,0.00354681626878496,-0.0629195079695377));
#15031=CARTESIAN_POINT('',(0.079363295822229,0.00354681626878496,-0.0629195079695377));
#15032=CARTESIAN_POINT('',(0.079363295822229,0.00354681626878496,-0.0639195079695377));
#15033=CARTESIAN_POINT('',(0.080101251361524,0.00354681626878496,-0.0639195079695377));
#15034=CARTESIAN_POINT('',(0.079363295822229,0.00354681626878496,-0.0629195079695377));
#15035=CARTESIAN_POINT('',(0.080101251361524,0.00354681626878496,-0.0629195079695377));
#15036=CARTESIAN_POINT('',(0.080101251361524,0.00354681626878496,-0.0629195079695377));
#15037=CARTESIAN_POINT('',(0.0825121759874413,0.00473901218151545,-0.0629195079695377));
#15038=CARTESIAN_POINT('',(0.0825121759874413,0.00473901218151545,-0.0639195079695377));
#15039=CARTESIAN_POINT('',(0.0811180569390305,0.00243817443643956,-0.0639195079695377));
#15040=CARTESIAN_POINT('',(0.0825121759874413,0.00473901218151545,-0.0629195079695377));
#15041=CARTESIAN_POINT('',(0.0811180569390305,0.00243817443643956,-0.0629195079695377));
#15042=CARTESIAN_POINT('',(0.0811180569390305,0.00243817443643956,-0.0629195079695377));
#15043=CARTESIAN_POINT('',(0.0826786291998479,0.00202390487700689,-0.0629195079695377));
#15044=CARTESIAN_POINT('',(0.0826786291998479,0.00202390487700689,-0.0639195079695377));
#15045=CARTESIAN_POINT('',(0.0820854705124784,0.00202390487700689,-0.0629195079695377));
#15046=CARTESIAN_POINT('',(0.0820854705124784,0.00202390487700689,-0.0639195079695377));
#15047=CARTESIAN_POINT('',(0.0815652797588726,0.00216199473015111,-0.0629195079695377));
#15048=CARTESIAN_POINT('',(0.0815652797588726,0.00216199473015111,-0.0639195079695377));
#15049=CARTESIAN_POINT('',(0.0811180569390305,0.00243817443643956,-0.0629195079695377));
#15050=CARTESIAN_POINT('',(0.0811180569390305,0.00243817443643956,-0.0639195079695377));
#15051=CARTESIAN_POINT('',(0.0826786291998479,0.00202390487700689,-0.0639195079695377));
#15052=CARTESIAN_POINT('',(0.0817888911687936,0.00202390487700689,-0.0639195079695377));
#15053=CARTESIAN_POINT('',(0.0811180569390305,0.00243817443643956,-0.0639195079695377));
#15054=CARTESIAN_POINT('',(0.0826786291998479,0.00202390487700689,-0.0639195079695377));
#15055=CARTESIAN_POINT('',(0.0826786291998479,0.00202390487700689,-0.0629195079695377));
#15056=CARTESIAN_POINT('',(0.0817888911687936,0.00202390487700689,-0.0629195079695377));
#15057=CARTESIAN_POINT('',(0.0811180569390305,0.00243817443643956,-0.0629195079695377));
#15058=CARTESIAN_POINT('',(0.0826786291998479,0.00202390487700689,-0.0629195079695377));
#15059=CARTESIAN_POINT('',(0.0826786291998479,0.00202390487700689,-0.0629195079695377));
#15060=CARTESIAN_POINT('',(0.084312169394429,0.00260411764064412,-0.0629195079695377));
#15061=CARTESIAN_POINT('',(0.084312169394429,0.00260411764064412,-0.0639195079695377));
#15062=CARTESIAN_POINT('',(0.0838947614292431,0.00221730913155263,-0.0629195079695377));
#15063=CARTESIAN_POINT('',(0.0838947614292431,0.00221730913155263,-0.0639195079695377));
#15064=CARTESIAN_POINT('',(0.0833502480310494,0.00202390487700689,-0.0629195079695377));
#15065=CARTESIAN_POINT('',(0.0833502480310494,0.00202390487700689,-0.0639195079695377));
#15066=CARTESIAN_POINT('',(0.0826786291998479,0.00202390487700689,-0.0629195079695377));
#15067=CARTESIAN_POINT('',(0.0826786291998479,0.00202390487700689,-0.0639195079695377));
#15068=CARTESIAN_POINT('',(0.084312169394429,0.00260411764064412,-0.0639195079695377));
#15069=CARTESIAN_POINT('',(0.0836860574466501,0.00202390487700689,-0.0639195079695377));
#15070=CARTESIAN_POINT('',(0.0826786291998479,0.00202390487700689,-0.0639195079695377));
#15071=CARTESIAN_POINT('',(0.084312169394429,0.00260411764064412,-0.0639195079695377));
#15072=CARTESIAN_POINT('',(0.084312169394429,0.00260411764064412,-0.0629195079695377));
#15073=CARTESIAN_POINT('',(0.0836860574466501,0.00202390487700689,-0.0629195079695377));
#15074=CARTESIAN_POINT('',(0.0826786291998479,0.00202390487700689,-0.0629195079695377));
#15075=CARTESIAN_POINT('',(0.084312169394429,0.00260411764064412,-0.0629195079695377));
#15076=CARTESIAN_POINT('',(0.084312169394429,0.00260411764064412,-0.0629195079695377));
#15077=CARTESIAN_POINT('',(0.0849382813422079,0.00422471191149296,-0.0629195079695377));
#15078=CARTESIAN_POINT('',(0.0849382813422079,0.00422471191149296,-0.0639195079695377));
#15079=CARTESIAN_POINT('',(0.0849382813422079,0.00353112424001856,-0.0629195079695377));
#15080=CARTESIAN_POINT('',(0.0849382813422079,0.00353112424001856,-0.0639195079695377));
#15081=CARTESIAN_POINT('',(0.0847295773596149,0.00299092614973562,-0.0629195079695377));
#15082=CARTESIAN_POINT('',(0.0847295773596149,0.00299092614973562,-0.0639195079695377));
#15083=CARTESIAN_POINT('',(0.084312169394429,0.00260411764064412,-0.0629195079695377));
#15084=CARTESIAN_POINT('',(0.084312169394429,0.00260411764064412,-0.0639195079695377));
#15085=CARTESIAN_POINT('',(0.0849382813422079,0.00422471191149296,-0.0639195079695377));
#15086=CARTESIAN_POINT('',(0.0849382813422079,0.00318433040428137,-0.0639195079695377));
#15087=CARTESIAN_POINT('',(0.084312169394429,0.00260411764064412,-0.0639195079695377));
#15088=CARTESIAN_POINT('',(0.0849382813422079,0.00422471191149296,-0.0639195079695377));
#15089=CARTESIAN_POINT('',(0.0849382813422079,0.00422471191149296,-0.0629195079695377));
#15090=CARTESIAN_POINT('',(0.0849382813422079,0.00318433040428137,-0.0629195079695377));
#15091=CARTESIAN_POINT('',(0.084312169394429,0.00260411764064412,-0.0629195079695377));
#15092=CARTESIAN_POINT('',(0.0849382813422079,0.00422471191149296,-0.0629195079695377));
#15093=CARTESIAN_POINT('',(0.0849382813422079,0.00422471191149296,-0.0629195079695377));
#15094=CARTESIAN_POINT('',(0.0797295084408977,0.00406288214710832,-0.0629195079695377));
#15095=CARTESIAN_POINT('',(0.0797295084408977,0.00406288214710832,-0.0639195079695377));
#15096=CARTESIAN_POINT('',(0.0849071621431771,0.00466016570976026,-0.0639195079695377));
#15097=CARTESIAN_POINT('',(0.0797295084408977,0.00406288214710832,-0.0629195079695377));
#15098=CARTESIAN_POINT('',(0.0849071621431771,0.00466016570976026,-0.0629195079695377));
#15099=CARTESIAN_POINT('',(0.0849071621431771,0.00466016570976026,-0.0629195079695377));
#15100=CARTESIAN_POINT('',(0.0816088251386993,0.00466016570976026,-0.0629195079695377));
#15101=CARTESIAN_POINT('',(0.0816088251386993,0.00466016570976026,-0.0639195079695377));
#15102=CARTESIAN_POINT('',(0.078310285861287,0.00466016570976026,-0.0639195079695377));
#15103=CARTESIAN_POINT('',(0.0816088251386993,0.00466016570976026,-0.0629195079695377));
#15104=CARTESIAN_POINT('',(0.078310285861287,0.00466016570976026,-0.0629195079695377));
#15105=CARTESIAN_POINT('',(0.078310285861287,0.00466016570976026,-0.0629195079695377));
#15106=CARTESIAN_POINT('',(0.0833337845782447,0.00631497491895741,-0.0629195079695377));
#15107=CARTESIAN_POINT('',(0.0833337845782447,0.00631497491895741,-0.0639195079695377));
#15108=CARTESIAN_POINT('',(0.0781122488288287,0.00547458200273585,-0.0639195079695377));
#15109=CARTESIAN_POINT('',(0.0833337845782447,0.00631497491895741,-0.0629195079695377));
#15110=CARTESIAN_POINT('',(0.0781122488288287,0.00547458200273585,-0.0629195079695377));
#15111=CARTESIAN_POINT('',(0.0781122488288287,0.00547458200273585,-0.0629195079695377));
#15112=CARTESIAN_POINT('',(0.07803692709075,0.00624192220941228,-0.0629195079695377));
#15113=CARTESIAN_POINT('',(0.07803692709075,0.00624192220941228,-0.0639195079695377));
#15114=CARTESIAN_POINT('',(0.07803692709075,0.00603164902394267,-0.0629195079695377));
#15115=CARTESIAN_POINT('',(0.07803692709075,0.00603164902394267,-0.0639195079695377));
#15116=CARTESIAN_POINT('',(0.0780620343367762,0.00577586895505052,-0.0629195079695377));
#15117=CARTESIAN_POINT('',(0.0780620343367762,0.00577586895505052,-0.0639195079695377));
#15118=CARTESIAN_POINT('',(0.0781122488288287,0.00547458200273585,-0.0629195079695377));
#15119=CARTESIAN_POINT('',(0.0781122488288287,0.00547458200273585,-0.0639195079695377));
#15120=CARTESIAN_POINT('',(0.07803692709075,0.00624192220941228,-0.0639195079695377));
#15121=CARTESIAN_POINT('',(0.07803692709075,0.00592651243120786,-0.0639195079695377));
#15122=CARTESIAN_POINT('',(0.0781122488288287,0.00547458200273585,-0.0639195079695377));
#15123=CARTESIAN_POINT('',(0.07803692709075,0.00624192220941228,-0.0639195079695377));
#15124=CARTESIAN_POINT('',(0.07803692709075,0.00624192220941228,-0.0629195079695377));
#15125=CARTESIAN_POINT('',(0.07803692709075,0.00592651243120786,-0.0629195079695377));
#15126=CARTESIAN_POINT('',(0.0781122488288287,0.00547458200273585,-0.0629195079695377));
#15127=CARTESIAN_POINT('',(0.07803692709075,0.00624192220941228,-0.0629195079695377));
#15128=CARTESIAN_POINT('',(0.07803692709075,0.00624192220941228,-0.0629195079695377));
#15129=CARTESIAN_POINT('',(0.0784370738242929,0.00787781620830835,-0.0629195079695377));
#15130=CARTESIAN_POINT('',(0.0784370738242929,0.00787781620830835,-0.0639195079695377));
#15131=CARTESIAN_POINT('',(0.0781703093352643,0.00740077853381012,-0.0629195079695377));
#15132=CARTESIAN_POINT('',(0.0781703093352643,0.00740077853381012,-0.0639195079695377));
#15133=CARTESIAN_POINT('',(0.07803692709075,0.00685548053417809,-0.0629195079695377));
#15134=CARTESIAN_POINT('',(0.07803692709075,0.00685548053417809,-0.0639195079695377));
#15135=CARTESIAN_POINT('',(0.07803692709075,0.00624192220941228,-0.0629195079695377));
#15136=CARTESIAN_POINT('',(0.07803692709075,0.00624192220941228,-0.0639195079695377));
#15137=CARTESIAN_POINT('',(0.0784370738242929,0.00787781620830835,-0.0639195079695377));
#15138=CARTESIAN_POINT('',(0.07803692709075,0.007162259696561,-0.0639195079695377));
#15139=CARTESIAN_POINT('',(0.07803692709075,0.00624192220941228,-0.0639195079695377));
#15140=CARTESIAN_POINT('',(0.0784370738242929,0.00787781620830835,-0.0639195079695377));
#15141=CARTESIAN_POINT('',(0.0784370738242929,0.00787781620830835,-0.0629195079695377));
#15142=CARTESIAN_POINT('',(0.07803692709075,0.007162259696561,-0.0629195079695377));
#15143=CARTESIAN_POINT('',(0.07803692709075,0.00624192220941228,-0.0629195079695377));
#15144=CARTESIAN_POINT('',(0.0784370738242929,0.00787781620830835,-0.0629195079695377));
#15145=CARTESIAN_POINT('',(0.0784370738242929,0.00787781620830835,-0.0629195079695377));
#15146=CARTESIAN_POINT('',(0.0795974993515674,0.00899234255144113,-0.0629195079695377));
#15147=CARTESIAN_POINT('',(0.0795974993515674,0.00899234255144113,-0.0639195079695377));
#15148=CARTESIAN_POINT('',(0.0790906468224131,0.00872636266385084,-0.0629195079695377));
#15149=CARTESIAN_POINT('',(0.0790906468224131,0.00872636266385084,-0.0639195079695377));
#15150=CARTESIAN_POINT('',(0.0787038383133216,0.00835485388280658,-0.0629195079695377));
#15151=CARTESIAN_POINT('',(0.0787038383133216,0.00835485388280658,-0.0639195079695377));
#15152=CARTESIAN_POINT('',(0.0784370738242929,0.00787781620830835,-0.0629195079695377));
#15153=CARTESIAN_POINT('',(0.0784370738242929,0.00787781620830835,-0.0639195079695377));
#15154=CARTESIAN_POINT('',(0.0795974993515674,0.00899234255144113,-0.0639195079695377));
#15155=CARTESIAN_POINT('',(0.0788372205578359,0.00859337272005569,-0.0639195079695377));
#15156=CARTESIAN_POINT('',(0.0784370738242929,0.00787781620830835,-0.0639195079695377));
#15157=CARTESIAN_POINT('',(0.0795974993515674,0.00899234255144113,-0.0629195079695377));
#15158=CARTESIAN_POINT('',(0.0788372205578359,0.00859337272005569,-0.0629195079695377));
#15159=CARTESIAN_POINT('',(0.0784370738242929,0.00787781620830835,-0.0629195079695377));
#15160=CARTESIAN_POINT('',(0.0794539172883549,0.00621132275331782,-0.0629195079695377));
#15161=CARTESIAN_POINT('',(0.0794539172883549,0.00621132275331782,-0.0639195079695377));
#15162=CARTESIAN_POINT('',(0.0794539172883549,0.00685469593273977,-0.0629195079695377));
#15163=CARTESIAN_POINT('',(0.0794539172883549,0.00685469593273977,-0.0639195079695377));
#15164=CARTESIAN_POINT('',(0.0796571290608797,0.00735213324463431,-0.0629195079695377));
#15165=CARTESIAN_POINT('',(0.0796571290608797,0.00735213324463431,-0.0639195079695377));
#15166=CARTESIAN_POINT('',(0.0800635526059292,0.00770363468900143,-0.0629195079695377));
#15167=CARTESIAN_POINT('',(0.0800635526059292,0.00770363468900143,-0.0639195079695377));
#15168=CARTESIAN_POINT('',(0.0794539172883549,0.00621132275331782,-0.0639195079695377));
#15169=CARTESIAN_POINT('',(0.0794539172883549,0.00717638252245075,-0.0639195079695377));
#15170=CARTESIAN_POINT('',(0.0800635526059292,0.00770363468900143,-0.0639195079695377));
#15171=CARTESIAN_POINT('',(0.0794539172883549,0.00621132275331782,-0.0629195079695377));
#15172=CARTESIAN_POINT('',(0.0794539172883549,0.00717638252245075,-0.0629195079695377));
#15173=CARTESIAN_POINT('',(0.0800635526059292,0.00770363468900143,-0.0629195079695377));
#15174=CARTESIAN_POINT('',(0.0449766300941353,0.0155,-0.0629195079695377));
#15175=CARTESIAN_POINT('',(0.0449766300941353,0.0155,-0.0639195079695377));
#15176=CARTESIAN_POINT('',(0.,0.,0.));
#15177=MECHANICAL_DESIGN_GEOMETRIC_PRESENTATION_REPRESENTATION('',(#8493,
#8494,#8495,#8496,#8497,#8498,#8499,#8500,#8501,#8502,#8503,#8504,#8505),
#15178);
#15178=(
GEOMETRIC_REPRESENTATION_CONTEXT(3)
GLOBAL_UNCERTAINTY_ASSIGNED_CONTEXT((#15192))
GLOBAL_UNIT_ASSIGNED_CONTEXT((#15208,#15207,#15206))
REPRESENTATION_CONTEXT('Assembly 1','TOP_LEVEL_ASSEMBLY_PART')
);
#15179=(
GEOMETRIC_REPRESENTATION_CONTEXT(3)
GLOBAL_UNCERTAINTY_ASSIGNED_CONTEXT((#15193))
GLOBAL_UNIT_ASSIGNED_CONTEXT((#15208,#15207,#15206))
REPRESENTATION_CONTEXT('Part 10','COMPONENT_PART')
);
#15180=(
GEOMETRIC_REPRESENTATION_CONTEXT(3)
GLOBAL_UNCERTAINTY_ASSIGNED_CONTEXT((#15194))
GLOBAL_UNIT_ASSIGNED_CONTEXT((#15208,#15207,#15206))
REPRESENTATION_CONTEXT('Part 14','COMPONENT_PART')
);
#15181=(
GEOMETRIC_REPRESENTATION_CONTEXT(3)
GLOBAL_UNCERTAINTY_ASSIGNED_CONTEXT((#15195))
GLOBAL_UNIT_ASSIGNED_CONTEXT((#15208,#15207,#15206))
REPRESENTATION_CONTEXT('Part 8','COMPONENT_PART')
);
#15182=(
GEOMETRIC_REPRESENTATION_CONTEXT(3)
GLOBAL_UNCERTAINTY_ASSIGNED_CONTEXT((#15196))
GLOBAL_UNIT_ASSIGNED_CONTEXT((#15208,#15207,#15206))
REPRESENTATION_CONTEXT('Part 6','COMPONENT_PART')
);
#15183=(
GEOMETRIC_REPRESENTATION_CONTEXT(3)
GLOBAL_UNCERTAINTY_ASSIGNED_CONTEXT((#15197))
GLOBAL_UNIT_ASSIGNED_CONTEXT((#15208,#15207,#15206))
REPRESENTATION_CONTEXT('Part 9','COMPONENT_PART')
);
#15184=(
GEOMETRIC_REPRESENTATION_CONTEXT(3)
GLOBAL_UNCERTAINTY_ASSIGNED_CONTEXT((#15198))
GLOBAL_UNIT_ASSIGNED_CONTEXT((#15208,#15207,#15206))
REPRESENTATION_CONTEXT('Part 12','COMPONENT_PART')
);
#15185=(
GEOMETRIC_REPRESENTATION_CONTEXT(3)
GLOBAL_UNCERTAINTY_ASSIGNED_CONTEXT((#15199))
GLOBAL_UNIT_ASSIGNED_CONTEXT((#15208,#15207,#15206))
REPRESENTATION_CONTEXT('Part 7','COMPONENT_PART')
);
#15186=(
GEOMETRIC_REPRESENTATION_CONTEXT(3)
GLOBAL_UNCERTAINTY_ASSIGNED_CONTEXT((#15200))
GLOBAL_UNIT_ASSIGNED_CONTEXT((#15208,#15207,#15206))
REPRESENTATION_CONTEXT('Part 11','COMPONENT_PART')
);
#15187=(
GEOMETRIC_REPRESENTATION_CONTEXT(3)
GLOBAL_UNCERTAINTY_ASSIGNED_CONTEXT((#15201))
GLOBAL_UNIT_ASSIGNED_CONTEXT((#15208,#15207,#15206))
REPRESENTATION_CONTEXT('Part 3','COMPONENT_PART')
);
#15188=(
GEOMETRIC_REPRESENTATION_CONTEXT(3)
GLOBAL_UNCERTAINTY_ASSIGNED_CONTEXT((#15202))
GLOBAL_UNIT_ASSIGNED_CONTEXT((#15208,#15207,#15206))
REPRESENTATION_CONTEXT('Part 13','COMPONENT_PART')
);
#15189=(
GEOMETRIC_REPRESENTATION_CONTEXT(3)
GLOBAL_UNCERTAINTY_ASSIGNED_CONTEXT((#15203))
GLOBAL_UNIT_ASSIGNED_CONTEXT((#15208,#15207,#15206))
REPRESENTATION_CONTEXT('Part 5','COMPONENT_PART')
);
#15190=(
GEOMETRIC_REPRESENTATION_CONTEXT(3)
GLOBAL_UNCERTAINTY_ASSIGNED_CONTEXT((#15204))
GLOBAL_UNIT_ASSIGNED_CONTEXT((#15208,#15207,#15206))
REPRESENTATION_CONTEXT('Part 1','COMPONENT_PART')
);
#15191=(
GEOMETRIC_REPRESENTATION_CONTEXT(3)
GLOBAL_UNCERTAINTY_ASSIGNED_CONTEXT((#15205))
GLOBAL_UNIT_ASSIGNED_CONTEXT((#15208,#15207,#15206))
REPRESENTATION_CONTEXT('Part 4','COMPONENT_PART')
);
#15192=UNCERTAINTY_MEASURE_WITH_UNIT(LENGTH_MEASURE(1.E-8),#15208,
'DISTANCE_ACCURACY_VALUE','Maximum Tolerance applied to model');
#15193=UNCERTAINTY_MEASURE_WITH_UNIT(LENGTH_MEASURE(2.E-5),#15208,
'DISTANCE_ACCURACY_VALUE','Maximum Tolerance applied to model');
#15194=UNCERTAINTY_MEASURE_WITH_UNIT(LENGTH_MEASURE(2.E-5),#15208,
'DISTANCE_ACCURACY_VALUE','Maximum Tolerance applied to model');
#15195=UNCERTAINTY_MEASURE_WITH_UNIT(LENGTH_MEASURE(1.E-8),#15208,
'DISTANCE_ACCURACY_VALUE','Maximum Tolerance applied to model');
#15196=UNCERTAINTY_MEASURE_WITH_UNIT(LENGTH_MEASURE(1.E-8),#15208,
'DISTANCE_ACCURACY_VALUE','Maximum Tolerance applied to model');
#15197=UNCERTAINTY_MEASURE_WITH_UNIT(LENGTH_MEASURE(2.E-5),#15208,
'DISTANCE_ACCURACY_VALUE','Maximum Tolerance applied to model');
#15198=UNCERTAINTY_MEASURE_WITH_UNIT(LENGTH_MEASURE(2.E-5),#15208,
'DISTANCE_ACCURACY_VALUE','Maximum Tolerance applied to model');
#15199=UNCERTAINTY_MEASURE_WITH_UNIT(LENGTH_MEASURE(2.E-5),#15208,
'DISTANCE_ACCURACY_VALUE','Maximum Tolerance applied to model');
#15200=UNCERTAINTY_MEASURE_WITH_UNIT(LENGTH_MEASURE(1.E-8),#15208,
'DISTANCE_ACCURACY_VALUE','Maximum Tolerance applied to model');
#15201=UNCERTAINTY_MEASURE_WITH_UNIT(LENGTH_MEASURE(2.E-5),#15208,
'DISTANCE_ACCURACY_VALUE','Maximum Tolerance applied to model');
#15202=UNCERTAINTY_MEASURE_WITH_UNIT(LENGTH_MEASURE(1.E-8),#15208,
'DISTANCE_ACCURACY_VALUE','Maximum Tolerance applied to model');
#15203=UNCERTAINTY_MEASURE_WITH_UNIT(LENGTH_MEASURE(1.E-8),#15208,
'DISTANCE_ACCURACY_VALUE','Maximum Tolerance applied to model');
#15204=UNCERTAINTY_MEASURE_WITH_UNIT(LENGTH_MEASURE(2.E-5),#15208,
'DISTANCE_ACCURACY_VALUE','Maximum Tolerance applied to model');
#15205=UNCERTAINTY_MEASURE_WITH_UNIT(LENGTH_MEASURE(2.E-5),#15208,
'DISTANCE_ACCURACY_VALUE','Maximum Tolerance applied to model');
#15206=(
NAMED_UNIT(*)
SI_UNIT($,.STERADIAN.)
SOLID_ANGLE_UNIT()
);
#15207=(
NAMED_UNIT(*)
PLANE_ANGLE_UNIT()
SI_UNIT($,.RADIAN.)
);
#15208=(
LENGTH_UNIT()
NAMED_UNIT(*)
SI_UNIT($,.METRE.)
);
#15209=PRODUCT_DEFINITION_SHAPE('','',#15236);
#15210=PRODUCT_DEFINITION_SHAPE('','',#15237);
#15211=PRODUCT_DEFINITION_SHAPE(' ','NAUO PRDDFN',#285);
#15212=PRODUCT_DEFINITION_SHAPE('','',#15238);
#15213=PRODUCT_DEFINITION_SHAPE(' ','NAUO PRDDFN',#286);
#15214=PRODUCT_DEFINITION_SHAPE('','',#15239);
#15215=PRODUCT_DEFINITION_SHAPE(' ','NAUO PRDDFN',#287);
#15216=PRODUCT_DEFINITION_SHAPE('','',#15240);
#15217=PRODUCT_DEFINITION_SHAPE(' ','NAUO PRDDFN',#288);
#15218=PRODUCT_DEFINITION_SHAPE('','',#15241);
#15219=PRODUCT_DEFINITION_SHAPE(' ','NAUO PRDDFN',#289);
#15220=PRODUCT_DEFINITION_SHAPE('','',#15242);
#15221=PRODUCT_DEFINITION_SHAPE(' ','NAUO PRDDFN',#290);
#15222=PRODUCT_DEFINITION_SHAPE('','',#15243);
#15223=PRODUCT_DEFINITION_SHAPE(' ','NAUO PRDDFN',#291);
#15224=PRODUCT_DEFINITION_SHAPE('','',#15244);
#15225=PRODUCT_DEFINITION_SHAPE(' ','NAUO PRDDFN',#292);
#15226=PRODUCT_DEFINITION_SHAPE('','',#15245);
#15227=PRODUCT_DEFINITION_SHAPE(' ','NAUO PRDDFN',#293);
#15228=PRODUCT_DEFINITION_SHAPE('','',#15246);
#15229=PRODUCT_DEFINITION_SHAPE(' ','NAUO PRDDFN',#294);
#15230=PRODUCT_DEFINITION_SHAPE('','',#15247);
#15231=PRODUCT_DEFINITION_SHAPE(' ','NAUO PRDDFN',#295);
#15232=PRODUCT_DEFINITION_SHAPE('','',#15248);
#15233=PRODUCT_DEFINITION_SHAPE(' ','NAUO PRDDFN',#296);
#15234=PRODUCT_DEFINITION_SHAPE('','',#15249);
#15235=PRODUCT_DEFINITION_SHAPE(' ','NAUO PRDDFN',#297);
#15236=PRODUCT_DEFINITION('','',#15264,#15250);
#15237=PRODUCT_DEFINITION('','',#15265,#15251);
#15238=PRODUCT_DEFINITION('','',#15266,#15252);
#15239=PRODUCT_DEFINITION('','',#15267,#15253);
#15240=PRODUCT_DEFINITION('','',#15268,#15254);
#15241=PRODUCT_DEFINITION('','',#15269,#15255);
#15242=PRODUCT_DEFINITION('','',#15270,#15256);
#15243=PRODUCT_DEFINITION('','',#15271,#15257);
#15244=PRODUCT_DEFINITION('','',#15272,#15258);
#15245=PRODUCT_DEFINITION('','',#15273,#15259);
#15246=PRODUCT_DEFINITION('','',#15274,#15260);
#15247=PRODUCT_DEFINITION('','',#15275,#15261);
#15248=PRODUCT_DEFINITION('','',#15276,#15262);
#15249=PRODUCT_DEFINITION('','',#15277,#15263);
#15250=PRODUCT_DEFINITION_CONTEXT('',#15335,'design');
#15251=PRODUCT_DEFINITION_CONTEXT('',#15335,'design');
#15252=PRODUCT_DEFINITION_CONTEXT('',#15335,'design');
#15253=PRODUCT_DEFINITION_CONTEXT('',#15335,'design');
#15254=PRODUCT_DEFINITION_CONTEXT('',#15335,'design');
#15255=PRODUCT_DEFINITION_CONTEXT('',#15335,'design');
#15256=PRODUCT_DEFINITION_CONTEXT('',#15335,'design');
#15257=PRODUCT_DEFINITION_CONTEXT('',#15335,'design');
#15258=PRODUCT_DEFINITION_CONTEXT('',#15335,'design');
#15259=PRODUCT_DEFINITION_CONTEXT('',#15335,'design');
#15260=PRODUCT_DEFINITION_CONTEXT('',#15335,'design');
#15261=PRODUCT_DEFINITION_CONTEXT('',#15335,'design');
#15262=PRODUCT_DEFINITION_CONTEXT('',#15335,'design');
#15263=PRODUCT_DEFINITION_CONTEXT('',#15335,'design');
#15264=PRODUCT_DEFINITION_FORMATION_WITH_SPECIFIED_SOURCE('','',#15292,
 .NOT_KNOWN.);
#15265=PRODUCT_DEFINITION_FORMATION_WITH_SPECIFIED_SOURCE('','',#15293,
 .NOT_KNOWN.);
#15266=PRODUCT_DEFINITION_FORMATION_WITH_SPECIFIED_SOURCE('','',#15294,
 .NOT_KNOWN.);
#15267=PRODUCT_DEFINITION_FORMATION_WITH_SPECIFIED_SOURCE('','',#15295,
 .NOT_KNOWN.);
#15268=PRODUCT_DEFINITION_FORMATION_WITH_SPECIFIED_SOURCE('','',#15296,
 .NOT_KNOWN.);
#15269=PRODUCT_DEFINITION_FORMATION_WITH_SPECIFIED_SOURCE('','',#15297,
 .NOT_KNOWN.);
#15270=PRODUCT_DEFINITION_FORMATION_WITH_SPECIFIED_SOURCE('','',#15298,
 .NOT_KNOWN.);
#15271=PRODUCT_DEFINITION_FORMATION_WITH_SPECIFIED_SOURCE('','',#15299,
 .NOT_KNOWN.);
#15272=PRODUCT_DEFINITION_FORMATION_WITH_SPECIFIED_SOURCE('','',#15300,
 .NOT_KNOWN.);
#15273=PRODUCT_DEFINITION_FORMATION_WITH_SPECIFIED_SOURCE('','',#15301,
 .NOT_KNOWN.);
#15274=PRODUCT_DEFINITION_FORMATION_WITH_SPECIFIED_SOURCE('','',#15302,
 .NOT_KNOWN.);
#15275=PRODUCT_DEFINITION_FORMATION_WITH_SPECIFIED_SOURCE('','',#15303,
 .NOT_KNOWN.);
#15276=PRODUCT_DEFINITION_FORMATION_WITH_SPECIFIED_SOURCE('','',#15304,
 .NOT_KNOWN.);
#15277=PRODUCT_DEFINITION_FORMATION_WITH_SPECIFIED_SOURCE('','',#15305,
 .NOT_KNOWN.);
#15278=PRODUCT_RELATED_PRODUCT_CATEGORY('','',(#15292));
#15279=PRODUCT_RELATED_PRODUCT_CATEGORY('','',(#15293));
#15280=PRODUCT_RELATED_PRODUCT_CATEGORY('','',(#15294));
#15281=PRODUCT_RELATED_PRODUCT_CATEGORY('','',(#15295));
#15282=PRODUCT_RELATED_PRODUCT_CATEGORY('','',(#15296));
#15283=PRODUCT_RELATED_PRODUCT_CATEGORY('','',(#15297));
#15284=PRODUCT_RELATED_PRODUCT_CATEGORY('','',(#15298));
#15285=PRODUCT_RELATED_PRODUCT_CATEGORY('','',(#15299));
#15286=PRODUCT_RELATED_PRODUCT_CATEGORY('','',(#15300));
#15287=PRODUCT_RELATED_PRODUCT_CATEGORY('','',(#15301));
#15288=PRODUCT_RELATED_PRODUCT_CATEGORY('','',(#15302));
#15289=PRODUCT_RELATED_PRODUCT_CATEGORY('','',(#15303));
#15290=PRODUCT_RELATED_PRODUCT_CATEGORY('','',(#15304));
#15291=PRODUCT_RELATED_PRODUCT_CATEGORY('','',(#15305));
#15292=PRODUCT('Assembly 1','Assembly 1','Assembly 1',(#15320));
#15293=PRODUCT('Part 10','Part 10','Part 10',(#15321));
#15294=PRODUCT('Part 14','Part 14','Part 14',(#15322));
#15295=PRODUCT('Part 8','Part 8','Part 8',(#15323));
#15296=PRODUCT('Part 6','Part 6','Part 6',(#15324));
#15297=PRODUCT('Part 9','Part 9','Part 9',(#15325));
#15298=PRODUCT('Part 12','Part 12','Part 12',(#15326));
#15299=PRODUCT('Part 7','Part 7','Part 7',(#15327));
#15300=PRODUCT('Part 11','Part 11','Part 11',(#15328));
#15301=PRODUCT('Part 3','Part 3','Part 3',(#15329));
#15302=PRODUCT('Part 13','Part 13','Part 13',(#15330));
#15303=PRODUCT('Part 5','Part 5','Part 5',(#15331));
#15304=PRODUCT('Part 1','Part 1','Part 1',(#15332));
#15305=PRODUCT('Part 4','Part 4','Part 4',(#15333));
#15306=PRODUCT_CATEGORY('','');
#15307=PRODUCT_CATEGORY('','');
#15308=PRODUCT_CATEGORY('','');
#15309=PRODUCT_CATEGORY('','');
#15310=PRODUCT_CATEGORY('','');
#15311=PRODUCT_CATEGORY('','');
#15312=PRODUCT_CATEGORY('','');
#15313=PRODUCT_CATEGORY('','');
#15314=PRODUCT_CATEGORY('','');
#15315=PRODUCT_CATEGORY('','');
#15316=PRODUCT_CATEGORY('','');
#15317=PRODUCT_CATEGORY('','');
#15318=PRODUCT_CATEGORY('','');
#15319=PRODUCT_CATEGORY('','');
#15320=PRODUCT_CONTEXT('',#15335,'mechanical');
#15321=PRODUCT_CONTEXT('',#15335,'mechanical');
#15322=PRODUCT_CONTEXT('',#15335,'mechanical');
#15323=PRODUCT_CONTEXT('',#15335,'mechanical');
#15324=PRODUCT_CONTEXT('',#15335,'mechanical');
#15325=PRODUCT_CONTEXT('',#15335,'mechanical');
#15326=PRODUCT_CONTEXT('',#15335,'mechanical');
#15327=PRODUCT_CONTEXT('',#15335,'mechanical');
#15328=PRODUCT_CONTEXT('',#15335,'mechanical');
#15329=PRODUCT_CONTEXT('',#15335,'mechanical');
#15330=PRODUCT_CONTEXT('',#15335,'mechanical');
#15331=PRODUCT_CONTEXT('',#15335,'mechanical');
#15332=PRODUCT_CONTEXT('',#15335,'mechanical');
#15333=PRODUCT_CONTEXT('',#15335,'mechanical');
#15334=APPLICATION_PROTOCOL_DEFINITION('international standard',
'ap242_managed_model_based_3d_engineering',2020,#15335);
#15335=APPLICATION_CONTEXT('managed model based 3d engineering');
ENDSEC;
END-ISO-10303-21;
